S02200005241344D325F4D494E495F494F545F50726F6A656374335F31322E73726563BA
S315000000004833002071240000A92200006D2400005E
S315000000106D2400006D2400006D2400006D24000096
S315000000200000000000000000000000006D24000039
S315000000306D240000000000006D2400006D24000007
S31500000040E51000005910000075110000BD110000F8
S31500000050951F0000E5100000591000007511000002
S31500000060BD11000091180000251A0000451B000074
S31500000070251C00000348044B834202D0034B03B106
S3150000008018477047E0010020E00100200000000052
S31500000090064B0749C91A891048BF0131491003D0D8
S315000000A0044B0BB101481847704700BFE001002020
S315000000B0E00100200000000010B5064C237843B98B
S315000000C0FFF7D8FF044B13B10448AFF300800123B8
S315000000D0237010BD0002002000000000DC86000036
S315000000E008B5054B1BB105490548AFF30080BDE8CF
S315000000F00840FFF7CDBF00BF00000000040200204B
S31500000100DC86000070B508250026194C82B0760002
S31500000110F6B24FF4867120460DF1070201F08AF817
S315000001209DF80730002BF4D001211E2002F090F834
S315000001304FF4867120460DF1070201F07BF89DF819
S315000001400730012B08BF46F001064FF486712046A2
S315000001500DF1070201F06EF89DF80730012BF4D07F
S315000001606B1E13F0FF05D2D1304602B070BD00BF42
S31500000170B40A0020F0B5052283B04FF486713848E2
S3150000018001F04EF900224FF48671354801F064F80B
S315000001904FF47A71122002F05BF801224FF4867157
S315000001A02F4801F059F800224FF486712C4801F0CF
S315000001B037F94FF6FF742A4D013CA4B2D4B14FF47F
S315000001C0867128460DF1070201F034F89DF80730D4
S315000001D0012BF1D0224D09E04FF4867128460DF12E
S315000001E0070201F027F89DF8073033B9013CA4B2A5
S315000001F0002CF1D1002003B0F0BD194D0AE04FF4F8
S31500000200867128460DF1070201F014F89DF80730B3
S31500000210012B04D1013CA4B2002CF0D1EAE7FFF790
S3150000022071FF104F104E3870FFF76CFF3070FFF7FC
S3150000023069FF0E4D0E4C2870FFF764FF2070FFF724
S3150000024061FF3B7836782978227833440B4413448F
S31500000250DBB2181AB0FA80F0400903B0F0BD00BF57
S31500000260B40A0020230200202202002021020020DE
S31500000270200200200379022B02D10122014B1A70C1
S31500000280704700BF2C0600202DE9F047B2F10009A7
S3150000029082B019DD8A460025DFF83C800C4C0D4FF4
S315000002A001EB09061AF9013B0122384601A901931F
S315000002B000F0AEFCC8F8000000B100BE2378002BA9
S315000002C0FCD056452570EDD1484602B0BDE8F08712
S315000002D02C060020BC0A0020300600200379042BDF
S315000002E006D0022B00D0704701220A4B1A707047C5
S315000002F08368002BF7D040F2FE3007490A88824215
S3150000030005D8064802F1010CA1F800C08354044840
S3150000031001F02EBD25020020280200202C0200201C
S31500000320EC0A002003793BB90123044A04491288E8
S315000003300B700AB1034A1370704700BF28020020F1
S3150000034024020020260200200122034B1A7008B165
S3150000035002791A70704700BF040000202DE9F04FA3
S315000003602DED028B9D499E4883B001F057FADFF8C8
S31500000370E0A2CAF8000028B17F219A4B9A4A9B480E
S3150000038001F05EFF0446012500F0B2FB00F05EFAC4
S31500000390204600F0C7F9204600F0D0F900F056FAE2
S315000003A0102321462046924A009500F02DFB10238B
S315000003B0204619468F4A009500F026FB102320217F
S315000003C020468D4A009500F01FFB00F0D1F92A4621
S315000003D04FF48671894800F03FFF4FF47A71084662
S315000003E001F036FF8649874800F05CFCCAF8000039
S315000003F028B191217B4B7C4A7C4801F021FF824841
S3150000040003F046FA8149824801F014FDCAF800005B
S3150000041078B97F4801F0A6FC7E497D4801F0AEFC24
S31500000420CAF8000058B19E216E4B6F4A6F4801F022
S3150000043007FF98216B4B6C4A6C4801F001FF4FF4A3
S315000004407A71284601F004FF7349744800F02AFCCB
S31500000450CAF80000002840F08B80DFF8F8B19BF85E
S315000004600030002B00F0B48001266D4DDFF8E891D6
S31500000470DFF8E8816B4F18E001332B8099F80030E4
S31500000480002B53D13B785BB19BF8003033B1664A01
S3150000049013780133DBB2632B70D8137000233B70E3
S315000004A04FF47A71012001F0D3FE2B88B3F57A7FE1
S315000004B0E2D3102400232B80FFF75CFECDE9004633
S315000004C05A4A022330202146127800F0C3FA40200F
S315000004D023462146564A009600F096FACDE9004694
S315000004E0544A012348202146127800F0B3FACDE998
S315000004F00046514A022320213020127800F0AAFA41
S315000005002021402023464A4A009600F07DFACDE994
S3150000051000464A4A012320214820127800F09AFA20
S3150000052000F026F999F80030002BABD0444803F0D0
S31500000530AFF9444B444933481A8800F069FBCAF8BE
S31500000540000000B100BE98F80030002BFBD000245C
S315000005503E4888F8004003F09BF93A4B4FF480621E
S31500000560214639481C8089F8004003F0ABFA89E738
S31500000570A3211C4B1C4A1D4801F062FE2D4BB2EE16
S31500000580048A1B78284A07EE103A284BB8EEC77A39
S315000005901B7887EE080A07EE903AF8EEE77A002312
S315000005A030EE270A137002F009F9244B1B7807EE88
S315000005B0103A214BB8EEC77A1B7887EE080A07EE89
S315000005C0903AF8EEE77A30EE270A02F051F965E73D
S315000005D002F0A6F98BF8005046E700BFF48200004F
S315000005E03C0B0020786000001C6800008C60000056
S315000005F0A0600000B0600000B8600000B40A0020EF
S3150000060030820000BC0A0020C06000006482000046
S31500000610EC0A002040548900C08200000C0B002028
S315000006201E020020240200201C02002021020020BD
S31500000630D0600000200200202302002022020020B9
S31500000640D4600000280200202C020020E460000094
S31500000650300600201D020020260200202C06002065
S31500000660022800D070470249024800F0CFBE00BF02
S3150000067024830000B40A002070B5224E04460D46BD
S3150000068001223C21204882B000F01EFF336863BB84
S31500000690ADF804302DBB012302221B4801A98DF8B9
S315000006A0054000F0BFFF306028BB184D184C2A7873
S315000006B0032A10D0236809E00121642001F0C8FD57
S315000006C023682A78013B032A236004D0002BF3DC3D
S315000006D0012A00D100BE01230E4A2B70226002B00F
S315000006E070BD40238DF80430D5E766210A4B0B4ACE
S315000006F00B4801F0A5FD6F21074B084A084801F099
S315000007009FFD00BF300600203C0B002004000020A7
S3150000071000000020A0860100786000003868000014
S31500000720E860000030B1012800D070470021A72002
S31500000730FFF7A2BF0146A620FFF79EBF10B50446ED
S3150000074060B1012800D010BD0021C020FFF794FF42
S31500000750BDE810400021A120FFF78EBF0146C8204A
S31500000760FFF78AFF2146BDE81040A020FFF784BFAF
S315000007702DE9F0472D4E402334464FF00108A2B034
S315000007802B4D08368DF80430C4F1B0073819002116
S31500000790C0B2FFF771FF00210846FFF76DFF002189
S315000007A01020FFF769FF002301AA14F83310013364
S315000007B0802B02F8011FF8D101223C21284600F0C7
S315000007C083FE01238122284601A900F02BFF38BBB6
S315000007D0DFF87090DFF870A099F80020032A14D093
S315000007E0DAF800300CE00121642001F031FDDAF87E
S315000007F0003099F80020013B032ACAF8003004D0E3
S31500000800002BF0DC012A00D100BE0A4B0134B442B1
S3150000081089F80080CAF80030B8D122B0BDE8F08768
S31500000820BE21054B054A064801F00AFD34060020A4
S315000008303C0B0020A08601007860000028680000BC
S31500000840E8600000040000200000002000200A4BA1
S31500000850A3F1080203F5806143F8080C08338B42C4
S31500000860FAD10021054B02F20C4243F8081C08336A
S315000008709A42FAD1FFF77CBF3C06002040060020D2
S31500000880012310B50C4C01F0070E04EBC00C03FA63
S315000008900EF3C9081CF801C0C000DBB22AB143EA56
S315000008A00C0C044404F801C010BD2CEA030C0444EB
S315000008B004F801C010BD00BF340600202DE9F04F3A
S315000008C0203A89B0082B9DF84880D4B24FEA530CE1
S315000008D000F08A8013F0070218BF012202EBD30250
S315000008E012FB0CF212F0FF0A4AD0434A434F02EBC6
S315000008F0041909EB0A02DFF80CE10392404A04EB03
S31500000900440504EBC40402EB850A07EB450B0EEB2A
S31500000910840EA3F10802059376464B46D146DA4685
S315000009208346CDE906C00492049A102A28D8DFE847
S3150000093002F05E2727274F2727274A27272727271B
S3150000094027272A00059A0BF10100082ADDE9003164
S315000009502C465FFA80FB03F101030AF1010A06F156
S31500000960010609F1010939D0079A0698ABEB020591
S31500000970854208BF9346039A08BF21469342D3D1C6
S3150000098009B0BDE8F08F01F10802357802922C46D5
S31500000990CDE900310D469DF808700AE04246294629
S315000009A05846FFF76DFF691CCDB2BD424FEA5404AD
S315000009B0C8D0E307F2D4B8FA88F229465846520955
S315000009C0FFF75EFFEFE701F108021D780292DEE70E
S315000009D001F1080299F800500292D8E7039A93426F
S315000009E0CED09AF80050D2E74FF0060A7DE701F123
S315000009F008020292F5E700BFA47500000880000017
S31500000A00947B0000486800002DE9F04315461278F3
S31500000A109946A2F1200383B05E2B9DF8287015D865
S31500000A2004460E464FEA590820464B463146009783
S31500000A30FFF744FF15F8012FB9F1080FA2F12000C6
S31500000A400CBF063444445E28E4B2EDD903B0BDE8D9
S31500000A50F08300BF2DE9F04F83B09DF830709DF80C
S31500000A603490A7F10804B4FA84F4640973B3834696
S31500000A700E4690466400013BDFF870A004EB570574
S31500000A80DCB22346013CE4B26BB322460123013AB1
S31500000A90D2B203EB8303FF2A4FEA4303F7D1B8FB35
S31500000AA0F3F3AAFB0312D20802EB8202B3EB420273
S31500000AB00FD13B46302231465846CDF80090FFF71D
S31500000AC0FDFEAB44FF2C5FFA8BFBDAD103B0BDE829
S31500000AD0F08F30323B4631465846CDF80090D2B2C0
S31500000AE0FFF7ECFEEDE74346DBE700BFCDCCCCCC11
S31500000AF008B50021AE20FFF7BFFD00210846FFF72D
S31500000B00BBFD00211020FFF7B7FD0021B020FFF745
S31500000B10B3FD00218120FFF7AFFD00215F20FFF725
S31500000B20ABFD00212020FFF7A7FD00210220FFF7E3
S31500000B30A3FD0021A120FFF79FFD0021C020FFF7A4
S31500000B409BFD0021A420FFF797FD0021A620FFF7BB
S31500000B5093FD0021A820FFF78FFD00213F20FFF71E
S31500000B608BFD0021D320FFF787FD00210846FFF704
S31500000B7083FD0021D520FFF77FFD00218020FFF7B0
S31500000B807BFD0021D920FFF777FD00212220FFF70A
S31500000B9073FD0021DA20FFF76FFD00211020FFF71B
S31500000BA06BFD0021DB20FFF767FD00213020FFF7FA
S31500000BB063FD00218D20FFF75FFD00217220FFF706
S31500000BC05BFD00200D4BA3F1080203F5806143F89D
S31500000BD0080C08338B42FAD10021094B02F20C4271
S31500000BE043F8081C08339A42FAD1FFF7C1FDBDE865
S31500000BF008400021AF20FFF73FBD00BF3C060020A4
S31500000C004006002008B5FFF7A9FB002008BD00BF7D
S31500000C1010B4046AA37803F07B03A3708378046A94
S31500000C2003F00303D21A0B44C0E90332A37843F05E
S31500000C308003A370837803F00303022B06D0036AB4
S31500000C400A780020DA705DF8044B70470B88026A58
S31500000C5043F47E43D38100205DF8044B704700BF08
S31500000C60F0B5846A85B005460F4694466E46B4B123
S31500000C7094E80F0086E80F00EB6920461B78A76012
S31500000C80236084F804C0EB6AE3606B6A9847AC6A39
S31500000C901CB196E80F0084E80F0005B0F0BD34469D
S31500000CA0EAE700BF012203460878824012F0060FE9
S31500000CB005D0CA6952681278120700F1CB8100226A
S31500000CC04FF0010C00F580002DE9F04100F58C5045
S31500000CD00002C3E907101A704D6998785D628D6944
S31500000CE06CF30100C3E90A2598704878D44C904209
S31500000CF014BF65460225987865F30100987091F94E
S31500000D000B5091F80AE0680905F01F0620300CFA2E
S31500000D1006F644F82060BFF34F8FBFF36F8FC948C4
S31500000D2005F1C00650F8267062F3104740F82670A9
S31500000D3050F82660C44E4FEA0E1E67195FFA8EFE03
S31500000D4087F800E346F8253091F9055091F804E05C
S31500000D506F0905F01F0820370CFA08F844F82780B9
S31500000D60BFF34F8FBFF36F8F05F1C00750F8278091
S31500000D7062F3104840F8278050F827704FEA0E1E9D
S31500000D8067195FFA8EFE87F800E346F8253091F979
S31500000D90075091F806E06F0905F01F0820370CFA96
S31500000DA008F844F82780BFF34F8FBFF36F8F05F124
S31500000DB0C00750F8278062F3104840F8278050F8A3
S31500000DC027704FEA0E1E67195FFA8EFE87F800E35A
S31500000DD046F8253091F9095091F808E06F0905F0B9
S31500000DE01F0820370CFA08F844F82780BFF34F8F06
S31500000DF0BFF36F8F05F1C00750F8278062F31048E4
S31500000E0040F8278050F827004FEA0E10C0B22C4455
S31500000E1084F8000346F82530EFF310868CF310882B
S31500000E204FF000450C788948E540446824EA0504FB
S31500000E304460406886F31088186A8270186A0271E6
S31500000E40186A4272186A8272186AC272186A4283F3
S31500000E5040F2192208780CFA00FC1CEA020F02D0B4
S31500000E6040201A6AD0740625012240F219201C6A15
S31500000E7025770C78A240024240F0CA80CA784878AA
S31500000E808C78D200032842EA041200F0D5800028AC
S31500000E900CBFE220F2201C6AD2B222701A6A90714C
S31500000EA0CC69227B082A00F0C380186A520002F03F
S31500000EB00202427300256278A078D201400100F058
S31500000EC02000D2B20243186A05722078023801283F
S31500000ED0186A40F2A280D2B2C27160681A6A847837
S31500000EE054704578147865F301041470C4789474CA
S31500000EF0D479007804F0A30400F05C002043D0719C
S31500000F000020C3E90300C3E90500DC694D4A94F9F2
S31500000F100540CD6904F1C00152F8216095F800C082
S31500000F2060F3104642F821600CF0030C52F82110D1
S31500000F30BFF35F8F4FF0010E6109890004F01F04B3
S31500000F4001F1604101F561410EFA04F4C1F88041F6
S31500000F500C60D96991F90B4004F1C00152F8216087
S31500000F6060F3104642F8216052F82110BFF35F8FFC
S31500000F706109890004F01F0401F160410EFA04F4CE
S31500000F8001F56141C1F880410C60D96991F90740CA
S31500000F9004F1C00152F8216060F3104642F8216066
S31500000FA052F82110BFF35F8F6109890004F01F0416
S31500000FB001F160410EFA04F401F56141C1F8804186
S31500000FC00C60D96991F9091001F1C00452F8246046
S31500000FD060F3104642F8246052F82420BFF35F8F76
S31500000FE04A09920001F01F0102F160420EFA01F176
S31500000FF002F56142C2F8801111601A6A4CF0700C59
S3150000100082F802C06989124A19815A60BDE8F081E6
S315000010104FF478401A6A908230E7FF2545702078B1
S31500001020022808BF42F01002186AD2B2C27167E7FE
S315000010300A201A6A50733DE7F22042F040022AE77E
S3150000104000E100E000600040B80B002000400840CE
S315000010505549435303207047EFF30383103B1F4A60
S315000010605BB203F1C00152F8210020F4803042F84F
S31500001070210052F821201A4A52F82300C3691B693D
S3150000108083B1036903B17047026A0021937803F0C4
S315000010907F0343F004039370436AC160C3B18022A7
S315000010A0FFF7DEBD0369026A002BEED08378C168C4
S315000010B003F00303022B0CD00B78D3708278D0E9AF
S315000010C0031302F003029B1A1144C0E90313D9E784
S315000010D070470B8843F47E43D381EFE700600040FE
S315000010E0B80B002010B582B0EFF30383103B1F4A04
S315000010F05BB203F1C00152F8210020F4803042F8BF
S31500001100210052F821201A4A52F82340A27802F010
S315000011100303022B236A0CBF198A5979A3690CBFF2
S31500001120C1F30801C9B2019143B9636AB3B104229C
S31500001130204602B0BDE81040FFF792BD02F0030260
S3150000114001A9606902F03DFDD4E90521A37803F009
S3150000115003031A44C91AC4E9052109B102B010BD36
S31500001160636A002BFAD00122E2E700BF006000406C
S31500001170B80B002010B5EFF303830E4A103B5CB2A8
S3150000118052F82400026A937803F07B039370436A53
S315000011901BB102220021FFF763FD074A04F1C003D9
S315000011A052F8231021F4803142F8231052F82330EC
S315000011B010BD00BFB80B00200060004010B5EFF373
S315000011C003831A4A103B5CB252F82400837803F07A
S315000011D00303022B036A0CBF198A597993F804C0DA
S315000011E00CBFC1F30801C9B21CF0100F0CF0380295
S315000011F006D093F81CC01CF0010F08BF42F0400255
S3150000120093F804C00CF0C70C83F804C0436A0BB112
S31500001210FFF726FD064A04F1C00352F8231021F415
S31500001220803142F8231052F8233010BDB80B00204D
S315000012300060004010B40B0A064C1B0153FA81F102
S3150000124054F821300020C3F340035DF8044B1370BB
S31500001250704700BF000808400120CBB2984080B21A
S3150000126002B900040B0A5B0103F1804303F5002376
S3150000127098600020704700BF2DE9F84F0388DBB166
S3150000128082464FF0000B4FF00109DFF8D0800024B2
S31500001290304D4FEACB07DAF8043035F8022BD9196E
S315000012A0898891420AD00134032CF4D1BAF800306F
S315000012B00BF1010B5B45EAD8BDE8F88FDB5909FA5B
S315000012C004F603F0B853B3F1807FF6B298F8BB3456
S315000012D013D0334231D1204A04F1200612F81630D9
S315000012E0DB09E0D012F81630012123F08003C82074
S315000012F002F8163000F0ACFFD5E7334211D0164A9B
S3150000130004F1200112F81130DB09CCD112F81130AA
S31500001310C82043F0800302F81130012100F098FF45
S31500001320C1E7012001F058F898F8BB340120334397
S3150000133088F8BB3401F020F8E1E7012001F04CF811
S3150000134098F8BB34012023EA060388F8BB3401F081
S3150000135013F8C0E7948300000030084000E0014025
S31500001360F8B50646FFF788FFEFF31082012383F3F3
S315000013701088234F3B681BB92249CB704023CB70A2
S315000013803B6801333B6082F31088338823B3002126
S315000013901D4D08E01B01134445F8234032880131F6
S315000013A08BB29A4218D9736853F8314003EBC102E5
S315000013B09288E0034FEA1223D2B2EBD502EB031078
S315000013C055F820E024F4803C2EF4803E45F820E0D9
S315000013D01B0145F820C0DEE7EFF31082012383F3FB
S315000013E010883B6813B13B68013B3B603B681BB907
S315000013F080200449CB70C87082F31088F8BD00BF06
S31500001400B40B0020000D08400008084008B5034B47
S3150000141003600846FFF7A4FF002008BD54524F5052
S3150000142070B5012686B001AB03A80C461546049399
S31500001430ADF80C60ADF808100192FFF71DFFEFF351
S31500001440108286F310881D490B681BB940261C487C
S31500001450C370C6700B6801330B6082F31088EA0311
S315000014604FEA1423E4B219D41B01164A234442F866
S315000014702350EFF31082012383F310880B6813B116
S315000014800B68013B0B600B681BB980200C49CB70C5
S31500001490C87082F31088002006B070BD094A04EBBC
S315000014A0031052F820601B0126F4803642F82060B3
S315000014B025F4803642F82060D7E700BFB40B002041
S315000014C0000D0840000808400346002059601A72C3
S315000014D0704700BF30B5836B83B004460A466D463D
S315000014E0A3B193E8030085E80300E16B1A71196064
S315000014F01846636B9847A36B1BB195E8030083E816
S315000015000300002384F82B3003B030BD2B46ECE7F4
S3150000151030B5424B83B01B6A01690193019B03F00E
S315000015200F230193019A019D0B7C90F82C4094B9EE
S31500001530C2F30322DBB2A2EB156293409B0804D1EF
S31500001540082003B030BD013BFAD04A78D209FAD15F
S31500001550B323CB710169002390F82620846980F8B3
S315000015602720026880F82B30C46180F82D3080F87F
S31500001570283080F82E30036280F82F3080F8303023
S31500001580546A227894F801E0012A14BF4FF0040C43
S315000015904FF0050C6279120142EA4E0294F806E019
S315000015A042EACE124CEA0202D2B2CA7001690A7944
S315000015B042F010020A7101690A7963F3C3020A71E3
S315000015C001690A7963F304120A710269E1791379F0
S315000015D061F3C71313710269537943F00103537121
S315000015E0036893F90F30002B07DB012203F01F0479
S315000015F00B495B09A24041F82320BF220369DA7137
S3150000160090F82C302BB1002380F82C30002003B04A
S3150000161030BD022203695A70F8E700BF00E00140BE
S3150000162000E100E090F808C0C0E90512BCF1010F26
S3150000163080F82A3008D10022436880F826C05B0073
S3150000164080F8243080F82520002380F82930FFF721
S315000016505FBF00BF2DE9F0434FF01F085F27DF266D
S315000016600569DFF8B49185F8008005694FF0000C34
S315000016702F7005694FF0B30E2E700568634A6E6AC7
S3150000168005693679624C46F0E0062E740568614BB2
S315000016906E6A0569F67846F0E0066E7405686E6A4D
S315000016A00569B678360106F0700646F00806AE7093
S315000016B005686E6A05693778012F777814BF0426A6
S315000016C0052646EA4706F6B2EE7005686E680569B5
S315000016D04E4514BF7726F7266E71056985F806C054
S315000016E0056985F807E04E7B91F9115036015719C7
S315000016F0F6B287F8006344F8250005F1C00653F8F2
S3150000170026706CF3104743F8267053F82660BFF333
S315000017105F8F4FF0010E6E09B60005EA080506F167
S31500001720604606F561460EFA05F5C6F88051356045
S315000017304E7B91F90F5036015719F6B287F80063C0
S3150000174044F8250005F1C00653F826706CF31047DF
S3150000175043F8267053F82660BFF35F8F6E09B60014
S3150000176005EA080506F160460EFA05F506F5614636
S31500001770C6F8805135604E7B91F9105036015719E5
S31500001780F6B287F8006344F8250005F1C00653F861
S3150000179026706CF3104743F8267053F82660BFF3A3
S315000017A05F8F6E09B60005EA080506F160460EFA77
S315000017B005F506F56146C6F8805135604D7B91F911
S315000017C00E102D010A44EDB282F8005344F82100B0
S315000017D001F1C00253F822406CF3104443F8224052
S315000017E053F82230BFF35F8F4B099B0001EA0801D3
S315000017F003F160430EFA01F103F56143C3F880116A
S3150000180019609F2203691A70BDE8F08300E100E0C9
S31500001810B80B00200060004040420F0070B5002564
S315000018200A78016002F5800202F51F621202026167
S315000018308A6842600A7B0272CA6942630A6AC0E920
S315000018400E52EFF3108C012282F310880B78C3F14D
S3150000185009039A400C4B5E6826EA02025A605B68EE
S315000018608CF31088FFF7F6FEC0E90755074B80F8A2
S315000018702950456180F82A50856180F82B50C36055
S3150000188080F82C50284670BD004008404349495214
S3150000189010B582B0EFF30383103B5F4A5BB2C033EF
S315000018A052F8231021F4803142F8231052F82330E5
S315000018B0EFF30383594A103B5BB252F8234094F886
S315000018C02D305BBBA369022B22D9E369012B0ED114
S315000018D02269137943F0100313712269137943F0D7
S315000018E0080313712269137923F010031371236817
S315000018F05B6ADB79002B3ED101222369DB7CDBB2FC
S315000019008DF807309DF8073084F82D2002B010BD01
S315000019102269137943F040031371D6E7E369002B7C
S31500001920F4D02268526AD279FAB9032B17D0022B67
S3150000193026D0012B34D02269236AD17C6269D15426
S31500001940D4E907320132013BC4E90732002BDDD16D
S3150000195021690A7963F386120A7102B010BD226901
S31500001960137943F040031371E5E705212046FFF79D
S31500001970B1FDE369D9E705212046FFF7ABFDBBE7DB
S315000019802269137943F0100313712269137943F026
S31500001990080313712269137923F010031371CAE740
S315000019A094F82A2072B322681D4892F90F20510933
S315000019B002F01F0203FA02F2203140F82120BFF3A1
S315000019C04F8FBFF36F8F04202169CA7942F08002DE
S315000019D0CA7121690A7942F010020A7121690A79ED
S315000019E022F008020A7121690A7922F010020A71AE
S315000019F02269507021694A7922F001024A7184F8FD
S31500001A002C3098E708212269537A03F0F7035372C2
S31500001A10236959708FE700BF00600040B80B0020B3
S31500001A2000E100E010B5EFF30383103B424A5BB2DE
S31500001A30C03352F8231021F4803142F8231052F8B3
S31500001A402330EFF303833D4A103B5BB252F8234049
S31500001A5094F82730002B3FD194F82930002B3AD147
S31500001A6023685B6ADB792BB194F82B3013B9236AB0
S31500001A70002B5BD1E3692169002B40D1CB79C022D1
S31500001A8023F08003CB71216901E0013A02D0CB79C2
S31500001A90DB09FAD12368284A93F91030C03352F88B
S31500001AA0231021F4803142F8231052F823302368A2
S31500001AB093F91030002B09DB01215A09204803F065
S31500001AC01F03603201FA03F340F822302269D3790A
S31500001AD043F04003D37110BD94F82630032B1CD07D
S31500001AE094F8242023699A7494F8282094F82730CF
S31500001AF00132013B84F8282084F8273010BD236A80
S31500001B006269D35C8B74D4E907320132013BC4E9C4
S31500001B100732002BDFD12169B0E794F82830022B79
S31500001B20DED194F83030002BDAD110BD05212046E5
S31500001B30FFF7D0FC9EE700BF00600040B80B002016
S31500001B4000E100E038B5EFF30383334A103B5BB2A4
S31500001B5052F8234023685B6ADB79002B48D194F85E
S31500001B6029301BB194F82730012B4FD0E369DBB144
S31500001B702169C023CA7922F04002CA71216901E0B5
S31500001B80013B02D0CA795206FAD4EFF30383103B25
S31500001B90224A5BB2C03352F8231021F4803142F856
S31500001BA0231052F8233038BD94F82A202AB3012096
S31500001BB022681B4D92F90F20510902F01F022031B5
S31500001BC000FA02F245F82120BFF34F8FBFF36F8F63
S31500001BD02169CA7942F08002CA71042122695170D2
S31500001BE021694A7963F300024A7184F82C00BFE741
S31500001BF005212046FFF76EFCB1E708212269537ADA
S31500001C0003F0F703537223695970B1E794F8303043
S31500001C10002BADD0AAE700BFB80B00200060004043
S31500001C2000E100E038B5EFF303834C4A103B5BB2AA
S31500001C3052F823000269537A517ADC0601F0E0017A
S31500001C4051725FFA83FC03F003022BD503695978BE
S31500001C50490647D40024012580F82B50DC71016821
S31500001C60FFF7F8FCB32290F8263080F82C4080F875
S31500001C702830C46180F82A400369846929460462D1
S31500001C80DA71FFF727FCEFF30383103B344A5BB2AC
S31500001C90C03352F8231021F4803142F8231052F851
S31500001CA0233038BD002A56D11CF0080F0ED090F80C
S31500001CB02B30002B3ED1B32290F829100369C1F1D5
S31500001CC00301C9B2DA71FFF705FCDCE790F82C20B6
S31500001CD00CF004032AB3002BD5D090F82B30002B40
S31500001CE037D1E8E7002AB5D15A78C2F380115206F7
S31500001CF0DAD5082280F82B105A70036801695A6AEF
S31500001D0094791378527943EAC41343EA021343F0F1
S31500001D100203DBB2CB700269537943F001035371BE
S31500001D20B1E7002BAFD003685B6ADB79002BAAD042
S31500001D300421C8E70023B32190F82650846902697C
S31500001D4080F82C3080F828500462C36180F82A306D
S31500001D50D1710121B7E703697CE700BFB80B00200A
S31500001D600060004003460020D3E902235360704719
S31500001D7003460020D3E90223D36070478368013904
S31500001D8099668368DA6AD20703D45966D0E90232C3
S31500001D90DA600020704700BF70B5836984B00446DE
S31500001DA08C46164601AD9BB193E8070085E807000F
S31500001DB083F804C09E60E26918461A606369984712
S31500001DC0A3691BB195E8070083E8070004B070BD5E
S31500001DD02B46EDE7002800DA704710B400F16043A7
S31500001DE00901124CC9B203F5614383F80013104B85
S31500001DF044F8202000F1C00253F8221021F480316B
S31500001E0043F8221053F82230BFF35F8F01224309B3
S31500001E109B0000F01F0003F1604303F5614382401D
S31500001E20C3F880211A605DF8044B7047B80B002098
S31500001E30006000404FF0010CF8B500260B46097C07
S31500001E4043600CFA01F111F00F0FC1600CBF61463F
S31500001E5031460174197C4C4A04460A4412028260D7
S31500001E605A6942619A69C0E90662DD69EFF3108733
S31500001E708CF310884FF00040197C444AC840116921
S31500001E8021EA00011161126987F310884FF4254198
S31500001E90A2681160A268D662A268D663A268966438
S31500001EA01878002603284FF00040197AA7684FEAF1
S31500001EB0C15108BF41F480315A68F962A168013AFC
S31500001EC00861A1684861A1688861A1684E62A1683D
S31500001ED08E62A168A869C861A168E8690862A168FC
S31500001EE08A66A1684A666268A86BD26992F8301061
S31500001EF0CE0705D5916AA6680139F16492F83010CB
S31500001F00890703D5D26AA168013A0A650022A16849
S31500001F108A63A168C1F88820AA6B3AB995F821208E
S31500001F2095F82010520742EA4132104395F83020C6
S31500001F300326002A14BF4FF4A0074FF4AA07012175
S31500001F40A2681764A2685063A2681663A268116348
S31500001F50D4E90221D160597C93F912002246FFF799
S31500001F6039FF224695F8221095F92400FFF732FF33
S31500001F7095F92500224695F82310FFF72BFF044B11
S31500001F8000202360F8BD00BF9016400000400840C6
S31500001F9054504700F0B5EFF30382103A214C51B28A
S31500001FA001F1C00C54F82C3023F4803344F82C3063
S31500001FB08B0003F1804303F5C043D3F800031A48AE
S31500001FC050F82100456895F800E0BEF1010F08D0F1
S31500001FD043692BB1BDE8F04000221146FFF7DCBE95
S31500001FE0F0BD0025D0E90267B760866802F0FF02FF
S31500001FF0B5648668F5648668356554F82C6065F3C3
S31500002000104644F82C60D3F80033BFF35F8F074CBB
S315000020104B0902F01F020EFA02F2603344F8232045
S31500002020D6E700BF00600040B80B002000E100E0EA
S31500002030064B074993F826001A6A51F82030C2F376
S3150000204002620449D3400B60704700BF00E00140C4
S31500002050E0010020F80B0020704700BFF8B54AF2F7
S31500002060035001233F49404AA1F8FE03A2F8043178
S31500002070B2F804319BB2002BFAD14FF0010C4FF4A9
S31500002080004120250920394C394F3A4E67603A4FB6
S31500002090344BE760A2F800C1384A2660A16021618E
S315000020A0626193F82620196A54F82220344EC1F34F
S315000020B00261CA40326083F8135483F8A20093F891
S315000020C080241AB993F88134990746D0254D95F89E
S315000020D08034002B36D00022224B83F8812483F8EB
S315000020E0802400231F4981F8323091F83C301A07CA
S315000020F0FBD543F6013000231A4A088581F82A30B9
S3150000210092F83C309B06FBD5012005231649F125A4
S3150000211081F81C011B49116282F8263092F826309C
S31500002120106A54F82310C0F30260C14031600024E5
S31500002130F0204FF42541144B1D731C721873A2F83E
S31500002140FE13F8BD0121C82085F8801400F080F840
S3150000215095F88034012BFBD1BDE74FF47A70FFF779
S315000021607BFFBEE700E0014000C00140E001002027
S3150000217000127A00002D3101001BB7000095BA0A43
S31500002180F80B0020211202210020004038B500255E
S31500002190284C0121C82084F8285000F059F884F80A
S315000021A0245094F82430002BFBD194F82430214994
S315000021B043F0020384F8243091F82430C3F340003E
S315000021C09B07F9D41B4A81F8220092F8223003F0CB
S315000021D0FF00002BF9D192F84030164960F3C7137F
S315000021E082F8403091F84030DB09FBD191F842008B
S315000021F0104A63F3C71081F8420092F84230DB09B7
S31500002200FBD192F844000B4963F3C71082F84400EF
S3150000221091F84430C3F3C014DB09F9D1012000F072
S31500002220DBF8054B012083F8BB44BDE8384000F0DD
S31500002230A3B800BF0030084000E00140704700BF6F
S3150000224000BEFEE7A0F101000028FBD1704700BFE9
S315000022504FF47A7310B400FB01F1114C114A246853
S31500002260B2FBF4F2A1FB03043CB9B0FBF2F0800828
S3150000227060B15DF8044BFFF7E5BF9200B1FBF2F1E8
S31500002280A1FB03132BB908460028F2D15DF8044BD5
S3150000229070474FF0FF3C5DF8044B6046FFF7D2BF36
S315000022A0F80B002000CA9A3B70B500240B4B0C4E6D
S315000022B0B3F82021B3F84051ADB2154025FA04F326
S315000022C0DB0704D556F82430E0B203B19847013451
S315000022D00E2CF3D1014BA3F8305170BD00600040C5
S315000022E07C0B002030B5032085B000F075F8002582
S315000022F06FF0FF014FF0FF301B4B1C4C99642246D8
S315000023002B464FF0010ECDE90100039032F8021B77
S315000023100EFA03FC013311B1012520EA0C000D2B46
S31500002320F4D1F5B10190124B0F4A1067C3F8800241
S31500002330029903205167C3F8841203999167C3F881
S31500002340881200F019F800230A4834F8022B03F12A
S31500002350C00101330AB140F821200D2BF5D105B09B
S3150000236030BD4FF0FF30DEE700800040788300008C
S3150000237000E100E000600040EFF31081012383F3E9
S315000023801088124B33F8102092B22AB133F810207D
S31500002390013A92B223F8102033F810309BB293B969
S315000023A010B40B4A0B4CB2F8FE3334F810009BB253
S315000023B043F4254323EA0003A2F8FE3381F3108891
S315000023C05DF8044B704781F310887047EC0B0020D2
S315000023D000E001409C83000030B4EFF3108101233C
S315000023E083F310880E4A32F810309BB26BB90D4C4D
S315000023F00D4DB4F8FE3335F810C09BB243EA0C031A
S3150000240043F425439BB2A4F8FE3332F8103001336F
S315000024109BB222F8103081F3108830BC704700BFA1
S31500002420EC0B002000E001409C83000008B50C4A3C
S315000024300346106840B103330A4923F003030344FB
S315000024408B4205D8136008BD074908461160F2E7BC
S3150000245001F0A0FB0C2203461A604FF0FF3008BDC6
S31500002460F40B0020482F0020480F002000BE7047C4
S3150000247008B500F003F8FEF7C5FBFEE74FF470025F
S3150000248070B52B4B2B4CC3F8882000209C60FEF7C0
S31500002490E7F8FFF7E3FD0120FEF7E2F82368A3F56E
S315000024A0806383F30A882448244A0021121A01F023
S315000024B009FB2348234A2449121A01F082FB234DC3
S315000024C0234B5B1B002B07DD00249E1055F8043BB5
S315000024D001349847A642F9DCFFF7AAFDFFF756FE3E
S315000024E00320FFF779FF4FF6FF720024194B0320F4
S315000024F01A825A829A82DA821A835A839A83DA83F2
S31500002500FFF73AFF0320FFF767FF134B03205C60DA
S315000025109C60DC601C61FFF72FFF0220FEF7A0F82D
S31500002520FFF7E0FE2046BDE87040FFF787BE00BF1C
S3150000253000ED00E00000000000020020480F00202F
S3150000254000000020E001002008870000D8010020DC
S31500002550DC010020000D084000000E4000232DE99C
S31500002560F04180462F4C82B04FF480620D462E48D3
S3150000257019462380019301F0A5FA404601F02EFB8F
S31500002580414602462948FEF743FB0446404601F011
S3150000259025FB0146264801F013F9002C3CD1019B8E
S315000025A0244AAB4214702BD2234E1F4C234F14E007
S315000025B03946204601F08EFA2149F0B9204601F04D
S315000025C089FAD0B94FF47A710120FFF741FE019BD9
S315000025D001330193019BAB4212D23146204601F0F2
S315000025E079FA0028E4D0174801F052F9019B01203E
S315000025F0AB4209D202B0BDE8F081134801F048F9B8
S31500002600019B0020AB42F5D34146104801F0D8F8B3
S31500002610002002B0BDE8F08141460D4801F0D0F837
S31500002620F6E700BF280200202C0200200C0B002039
S31500002630F8600000260200202061000044610000CE
S3150000264068610000246100004C61000070610000B8
S315000026500061000038B50F4C0F4D104B2A4620463E
S315000026600F4901F01DF921460E4801F0A9F8294647
S315000026700D4801F0A5F843F698212046FFF76EFFB6
S31500002680034620461C464FF40072002101F01AFA58
S31500002690204638BDFC0B0020F4610000E861000014
S315000026A0F8610000C86100001062000010B5104912
S315000026B0104C82B0104B114A00912046104901F08F
S315000026C0EFF821460F4801F07BF80F4801F0E0F8DB
S315000026D042F210712046FFF741FF034620461C4692
S315000026E04FF40072002101F0EDF9204602B010BD52
S315000026F0B4620000FC0B002030620000546200004F
S3150000270088620000C8610000F862000070B5104CD5
S31500002710104E114D33462A462046104901F0C0F8A6
S3150000272021460F4801F04CF8324629460D4801F083
S3150000273047F842F210712046FFF710FF0346204685
S315000027401C464FF40072002101F0BCF9204670BD12
S31500002750FC0B00201C630000246300006063000083
S31500002760C86100007C63000038B50F4C0F4D204651
S315000027702A460F4901F094F821460E4801F020F848
S3150000278029460D4801F01CF842F210712046FFF769
S31500002790E5FE034620461C464FF40072002101F078
S315000027A091F9204638BD00BFFC0B0020A86300004D
S315000027B0E8630000C86100000064000070B510EE18
S315000027C0100AA6B000F08AFA04460D4622462B46A9
S315000027D01D4902A801F064F81C4E1D4902AA06A86C
S315000027E001F05EF81B4902AA06A801F059F8324624
S315000027F019491A4801F054F81849194800F0E0FF41
S3150000280022462B461748009600F0DAFF42F2107176
S315000028101248FFF7A3FE044680B142F2107106A8E3
S31500002820FFF79CFE06A90E4800F0CAFF324602A931
S315000028300D4800F0C5FF204626B070BD0B4801F0DC
S3150000284027F8204626B070BD24640000946400007A
S315000028502C6400004C640000D8640000FC0B0020CF
S31500002860C8610000F864000024650000506500009F
S3150000287070B510EE100AA6B000F030FA04460D4608
S3150000288022462B461D4902A801F00AF81C4902AA55
S3150000289006A801F005F806A801F0A0F9194E0346AE
S315000028A032461949194800F0FBFF1849184800F04C
S315000028B087FF22462B461748009600F081FF42F21A
S315000028C010711248FFF74AFE044680B142F21071B9
S315000028D006A8FFF743FE06A90D4800F071FF324631
S315000028E002A90D4800F06CFF204626B070BD0B48CB
S315000028F000F0CEFF204626B070BD00BF2464000065
S315000029007865000094640000BC650000FC0B0020A4
S31500002910C8610000DC650000086600003066000043
S3150000292010B52C4800F0B4FF2B4800F0B1FF2B4C3B
S315000029302B4B0FCB07C42B48238000F0A9FFA4F133
S315000029400C01294800F03CFF42F21071A4F10C0082
S31500002950FFF704FE0346A4F10C001C464FF4007278
S31500002960002101F0AFF80CB3204800F091FFFFF70B
S3150000297071FEB0B11E4800F08BFFFFF797FEF8B16D
S315000029801C4800F085FFFFF7C1FEA0B11A4800F011
S315000029907FFFFFF7E9FEC0B1BDE81040174800F021
S315000029A077BF1748BDE8104000F072BF1548BDE874
S315000029B0104000F06DBF1448BDE8104000F068BF3D
S315000029C01248BDE8104000F063BF114800F060FFF8
S315000029D0E2E700BF6066000080660000FC0B002096
S315000029E09C610000AC610000C8610000C866000080
S315000029F01067000060670000A8670000E06700003D
S31500002A00DC6600009466000074670000286700001A
S31500002A10C067000081F0004102E000BF83F0004380
S31500002A2030B54FEA41044FEA430594EA050F08BF63
S31500002A3090EA020F1FBF54EA000C55EA020C7FEA27
S31500002A40645C7FEA655C00F0E2804FEA5454D4EBA4
S31500002A505555B8BF6D420CDD2C4480EA020281EA6E
S31500002A60030382EA000083EA010180EA020281EAA6
S31500002A700303362D88BF30BD11F0004F4FEA0131F8
S31500002A804FF4801C4CEA113102D0404261EB410107
S31500002A9013F0004F4FEA03334CEA133302D052428D
S31500002AA063EB430394EA050F00F0A780A4F1010449
S31500002AB0D5F1200E0DDB02FA0EFC22FA05F2801883
S31500002AC041F1000103FA0EF2801843FA05F3594169
S31500002AD00EE0A5F120050EF1200E012A03FA0EFCE8
S31500002AE028BF4CF0020C43FA05F3C01851EBE37112
S31500002AF001F0004507D54FF0000EDCF1000C7EEB2F
S31500002B0000006EEB0101B1F5801F1BD3B1F5001F6C
S31500002B100CD349085FEA30004FEA3C0C04F101048B
S31500002B204FEA445212F5800F80F09A80BCF1004FB4
S31500002B3008BF5FEA500C50F1000041EB045141EA36
S31500002B40050130BD5FEA4C0C404141EB0101013CFF
S31500002B5028BFB1F5801FE9D291F0000F04BF0146EE
S31500002B600020B1FA81F308BF2033A3F10B03B3F1C0
S31500002B7020020CDA0C3208DD02F1140CC2F10C0250
S31500002B8001FA0CF021FA02F10CE002F11402D8BFAE
S31500002B90C2F1200C01FA02F120FA0CFCDCBF41EA7A
S31500002BA00C019040E41AA2BF01EB0451294330BD49
S31500002BB06FEA04041F3C1CDA0C340EDC04F1140426
S31500002BC0C4F1200220FA04F001FA02F340EA0300FD
S31500002BD021FA04F345EA030130BDC4F10C04C4F143
S31500002BE0200220FA02F001FA04F340EA0300294623
S31500002BF030BD21FA04F0294630BD94F0000F83F46D
S31500002C00801306BF81F480110134013D4EE77FEA4F
S31500002C10645C18BF7FEA655C29D094EA050F08BF9B
S31500002C2090EA020F05D054EA000C04BF194610467C
S31500002C3030BD91EA030F1EBF0021002030BD5FEAC0
S31500002C40545C05D14000494128BF41F0004130BDE8
S31500002C5014F580043CBF01F5801130BD01F000453C
S31500002C6045F0FE4141F470014FF0000030BD7FEAAF
S31500002C70645C1ABF194610467FEA655C1CBF0B46AA
S31500002C80024650EA013406BF52EA033591EA030FC1
S31500002C9041F4002130BD00BF90F0000F04BF0021B9
S31500002CA0704730B54FF4806404F132044FF00005EC
S31500002CB04FF0000150E700BF90F0000F04BF002165
S31500002CC0704730B54FF4806404F1320410F00045CB
S31500002CD048BF40424FF000013EE700BF42004FEAC6
S31500002CE0E2014FEA31014FEA02701FBF12F07F4343
S31500002CF093F07F4F81F06051704732F07F4208BFFA
S31500002D00704793F07F4F04BF41F40021704730B500
S31500002D104FF4607401F0004521F000411CE700BF4C
S31500002D2050EA010208BF704730B54FF000050AE0CF
S31500002D3050EA010208BF704730B511F0004502D5D0
S31500002D40404261EB41014FF4806404F132045FEAD2
S31500002D50915C3FF4D8AE4FF003025FEADC0C18BF7B
S31500002D6003325FEADC0C18BF033202EBDC02C2F16D
S31500002D70200300FA03FC20FA02F001FA03FE40EAFF
S31500002D800E0021FA02F11444BDE600BF2DE9FF470B
S31500002D9057EC106B002F0C4619463B46B4BF07F1A3
S31500002DA0004300239146BFBF32461F462D231646D9
S31500002DB0DDF830A00B700D9B23F02008B8F1460F0C
S31500002DC005D0B8F1450F00D10134022100E00321FE
S31500002DD003AB2246019302AB47EC106B00935346BC
S31500002DE000F092FFB8F1470F054619D119F0010F0F
S31500002DF00ED000EB0409002200233046394603F0CA
S31500002E006FF808B1CDF80C903022039B4B451ED3CA
S31500002E10039B28460E9A5B1B136004B0BDE8F0873F
S31500002E20B8F1460F00EB0409E5D10378302B0AD13F
S31500002E30002200233046394603F052F818B9C4F18F
S31500002E400104CAF80040DAF800309944D3E7591C67
S31500002E5003911A70D9E7F7B500290270BABF494243
S31500002E602D232B230929437028DD0DF107030A279B
S31500002E701D461A46013BB1FBF7F607FB1614303424
S31500002E8002F8014C0C463146632CF2DC3031941EBC
S31500002E9003F8011C411C2346AB420AD30DF109037A
S31500002EA09B1AAC4288BF002302330344181A03B0AE
S31500002EB0F0BD13F8016B01F8016FEDE730233031F7
S31500002EC08370031DC170F1E72DE9F04F8DB00C46FC
S31500002ED016461F46DDF85880054600F011FE0368C9
S31500002EE01846049300F07AFE002305900A93D8F85A
S31500002EF0003094F818A00733D4F800B023F0070385
S31500002F0003F10802C8F800204FF0FF32D3E9008928
S31500002F1029F00043CDF8188007939D4BDDE90601A3
S31500002F20C4E9128903F00EF870BB4FF0FF32984BDC
S31500002F30DDE9060102F0E8FF30BB0022002340462F
S31500002F40494602F0D7FF10B12D2384F84330914A49
S31500002F50914BBAF1470F8CBF9046984603234FF02A
S31500002F60000923612BF00403236033460BAA214694
S31500002F702846009700F0D2F9013040F08D804FF0DE
S31500002F80FF300DB0BDE8F08F42464B4640464946FD
S31500002F9002F0D8FF40B14B46804A002BBCBF2D2320
S31500002FA084F843307E4BD4E70AF0DF02636806926A
S31500002FB05A1C3BD1062363604BF4806200232846EB
S31500002FC0226003930AABCDE901A309AB49EC108B50
S31500002FD000930DF123036168FFF7D8FE069B804638
S31500002FE00999472B29D1C81C02DB6368994241DD48
S31500002FF0AAF1020A5FFA8AFA0139524604F1500030
S315000030000991FFF728FF0A9A81461318012A2361BE
S3150000301002DC2268D20701D5013323619DF82330F3
S31500003020002BA2D02D2384F843309EE7069A472A28
S31500003030C2D1002BC0D10123BDE7BAF1650FDBD9A0
S31500003040BAF1660F18D1002963680BDD216113B947
S315000030502268D00702D501330B4423614FF00009E3
S31500003060A165DBE713B92268D20701D50233F4E77D
S315000030700123F2E74FF0670A0A9B994205DB2368B2
S315000030802161D807EAD54B1CE7E70029D4BFC1F177
S31500003090020201221344E0E723685A0507D4236994
S315000030A0424631462846B84701302BD167E7BAF188
S315000030B0650F40F2DD8000220023D4E9120102F000
S315000030C00FFF002833D00123364A31462846B84739
S315000030D001303FF454AFDDE90938434502DB23688C
S315000030E0D8070FD531462846DDE90423B847013015
S315000030F03FF445AF4FF0000908F1FF3804F11A0A12
S31500003100C84509DC23689B0700F10381E0680B9B37
S315000031109842B8BF184634E701235246314628463E
S31500003120B84701303FF42BAF09F10109E8E7099BE5
S31500003130002B39DC01231B4A31462846B8470130AB
S315000031403FF41DAFDDE9093959EA030302D12368CB
S31500003150D907D7D531462846DDE90423B8470130DB
S315000031603FF40DAF4FF0000A04F11A0B099B5B42C6
S31500003170534501DC4B4693E701235A463146284620
S31500003180B84701303FF4FBAE0AF1010AEEE700BF93
S31500003190FFFFEF7FA8830000A4830000B083000038
S315000031A0AC830000B4830000A36DDDF828A053456E
S315000031B0A8BF5346002B994636DC4FF0000B29EA90
S315000031C0E97904F11A02A36D0693A3EB09035B45A3
S315000031D031DC099B9A453ADC2368DA0737D4099B28
S315000031E0AAEB0309069BAAEB03039945A8BF9946D8
S315000031F0B9F1000F33DC4FF0000829EAE97904F150
S315000032001A0B099BAAEB0303A3EB090343457FF7BC
S3150000321079AF01235A4631462846B84701303FF474
S31500003220AEAE08F10108ECE7424631462846B847FB
S315000032300130C2D1A3E60123314628460692B8479B
S3150000324001303FF49CAE0BF1010B069ABBE7DDE9BA
S31500003250042331462846B8470130C0D18FE6069A86
S315000032604B46314628464244B8470130C3D186E62C
S31500003270DDF828A0BAF1010F01DCDB0736D5012302
S31500003280424631462846B84701303FF478AE3146CB
S315000032902846DDE90423B84701303FF470AE00222A
S315000032A000230AF1FF3AD4E9120102F019FEC0B96F
S315000032B0534608F1010231462846B84701300CD181
S315000032C05DE601235A4631462846B84701303FF4A9
S315000032D056AE08F10108D045F3DB4B4604F1500227
S315000032E0DFE64FF0000804F11A0BF4E7012342462B
S315000032F0E1E701234A4631462846B84701303FF404
S315000033003EAE08F10108E3680B995B1A4345F0DC11
S31500003310FCE64FF0000804F11909F4E72DE9F0473F
S31500003320164698468A6807460B690C46DDF82090D3
S315000033309342B8BF1346336091F843200AB1013374
S3150000334033602368990642BF3368023333602568C9
S3150000335015F0060506D104F1190AE36832689B1ACE
S31500003360AB422BDC94F843302268003B18BF0123A4
S31500003370920630D404F1430241463846C84701302C
S3150000338023D023681A3454F80A2C03F00603042BBE
S315000033900ABF54F80E5C002533684FF0000608BFDC
S315000033A0ED1A54F8123C08BF25EAE5759342C4BFEE
S315000033B09B1AED18B5421AD1002008E001235246A7
S315000033C041463846C847013003D14FF0FF30BDE8CB
S315000033D0F0870135C1E7E1185A1C30200233224438
S315000033E081F8430094F8451082F84310C2E70123A0
S315000033F0224641463846C8470130E6D00136D9E76D
S315000034002DE9FF470F7E914680460C46782F9A4657
S315000034100C9E01F1430207D8622F0AD8002F00F054
S31500003420D180582F00F0B88004F1420684F842702B
S315000034303AE0A7F16303152BF6D801A151F823F062
S3150000344099340000AD34000029340000293400000E
S315000034502934000029340000AD340000293400006E
S31500003460293400002934000029340000AB3500005F
S31500003470D7340000653500002934000029340000E7
S31500003480CD35000029340000D7340000293400006F
S31500003490293400006D35000033681A1D1B68326040
S315000034A004F1420684F8423001239CE03368206828
S315000034B0191D3160060601D51D6803E04506FBD5DA
S315000034C0B3F90050002D03DA2D236D4284F8433002
S315000034D058480A2311E021683368080653F8045B4C
S315000034E002D4490648BFADB26F2F3360514814BFAE
S315000034F00A230823002184F843106668002EA6607C
S3150000350005DB21682E4321F0040121604BD01646CD
S31500003510B5FBF3F103FB1157C75D06F8017D2F4696
S315000035200D46BB42F4D9082B0BD12368DF0708D51B
S31500003530236961689942DEBF302306F8013C06F133
S31500003540FF36921B22614B4603AA21464046CDF820
S3150000355000A0FFF7E3FE01304AD14FF0FF3004B080
S31500003560BDE8F087236843F02003236078273248BC
S31500003570236884F845701F06316851F8045B02D44D
S315000035805F0648BFADB23160D90744BF43F02003A0
S3150000359023601DB11023ADE72648E9E7236823F031
S315000035A020032360F6E71646BDE733682568181D35
S315000035B0616930602E061B6801D5196002E0680655
S315000035C0FBD51980002316462361BCE7336800212A
S315000035D01A1D32601E686268304600F0E4FA08B1CF
S315000035E0801B606063682361002384F84330AAE788
S315000035F02369324649464046D0470130ADD023685C
S315000036009B0713D4E068039B9842B8BF1846A6E709
S315000036100123324649464046D04701309DD0013508
S31500003620E36803995B1AAB42F2DCEBE7002504F191
S315000036301906F5E7B6830000C7830000002310B51E
S3150000364004468360818119464366C28108228361EC
S31500003650C0E90033C0E904335C3000F033FA0D4BA7
S31500003660246263620C4BA3620C4BE3620C4B236334
S315000036700C4B9C4206D003F16802944202D0D03330
S315000036809C4205D104F15800BDE8104000F088BA0C
S3150000369010BD00BFE1380000033900003B390000CF
S315000036A05F390000FC0D0020024A0349034800F080
S315000036B069B800BF10000020C55700002000002098
S315000036C041680C4B994210B5044601D002F07AF8D5
S315000036D0A168094B994202D0204602F073F8E168CE
S315000036E0064B994204D02046BDE8104002F06AB865
S315000036F010BD00BFFC0D0020640E0020CC0E002083
S3150000370010B50B4B04210B4C0B4A20461A600022C5
S31500003710FFF794FF04F1680001220921FFF78EFFED
S3150000372004F1D00002221221BDE81040FFF786BF47
S31500003730340F0020FC0D0020A9360000014800F0DF
S3150000374030BA00BF3D0F0020014800F02BBA00BF81
S315000037503D0F002010B50446FFF7F0FF236A1BB1AA
S31500003760BDE81040FFF7F0BF044B2362044B1B6813
S31500003770002BF5D1FFF7C4FFF2E700BFC13600000A
S31500003780340F00202DE9F8430746884614460026E4
S31500003790D4E90195B9F1010905D52468002CF7D1C2
S315000037A03046BDE8F883AB89012B07D9B5F90E3051
S315000037B0013303D029463846C04706436835E9E752
S315000037C00FB407B5064904AB086853F8042B8168A3
S315000037D0019301F05BFE03B05DF804EB04B07047A3
S315000037E01C000020036A70B505460E4684680BB9B6
S315000037F0FFF7B0FF636EDB0705D4A389980502D4F3
S31500003800A06D00F0CEF9A389190702D52369002B14
S3150000381035D12146284600F0E5F880B34FF0FF3554
S31500003820636EDA0705D4A3899B0502D4A06D00F068
S31500003830B9F9284670BD002B04DAA2699A4217DC52
S315000038400A2915D023685A1C22601970A36816F835
S31500003850011F013BA3600029EDD1002B11DA22469E
S315000038600A21284600F07FF80130D7D00A25D7E78D
S315000038702246284600F077F80130E7D1CEE7013E30
S31500003880E4E723685A1C22600A221A70EEE7FFFF5B
S31500003890024B01461868FFF7A5BF00BF1C000020B9
S315000038A00EB400B59CB06FF000411DAB02900690BF
S315000038B0079104910848094953F8042B059102A978
S315000038C00068019301F0BCFC029B00221A701CB038
S315000038D05DF804EB03B070471C0000200802FFFFF0
S315000038E010B50C46B1F90E1000F030F90028ABBF48
S315000038F0636DA3891B1823F48053ACBF6365A38152
S3150000390010BD2DE9F0411F468B8905460C46DB05A7
S31500003910164605D502230022B1F90E1000F004F96F
S31500003920A3893246B4F90E10284623F48053A381A6
S315000039303B46BDE8F04100F01BB910B50C46B1F9A5
S315000039400E1000F0F1F8431CA38915BF606523F43F
S31500003950805343F48053A38118BFA38110BDB1F9EE
S315000039600E1000F0D1B8F8B50E461446054618B14B
S31500003970036A0BB9FFF7EEFEA369A360A3891A07D2
S3150000398001D5236943B92146284600F02BF818B122
S315000039904FF0FF373846F8BD2368F6B2226937463E
S315000039A0981A6369834205DC2146284601F00AFF1E
S315000039B00028EDD1A368013BA36023685A1C22604E
S315000039C01E70431C62699A4204D0A389DB07E1D5C5
S315000039D00A2EDFD12146284601F0F4FE0028D9D070
S315000039E0D6E7FFFF38B5294B05460C46186818B1CF
S315000039F0036A0BB9FFF7AEFEB4F90C30190722D4EF
S31500003A00DA0607D409222A6043F040034FF0FF305C
S31500003A10A38133E0580712D5616B41B104F1440329
S31500003A20994202D0284600F02DFF00236363A38944
S31500003A3023F02403A3810023636023692360A38901
S31500003A4043F00803A38123694BB9A38903F42073C8
S31500003A50B3F5007F03D02146284601F000FFB4F9F4
S31500003A600C3013F001020AD00022A26062695242B1
S31500003A70A261226942B913F08000C5D138BD990709
S31500003A8058BF6269A260F4E70020F7E71C00002037
S31500003A90884210B501EB020402D98442234607D8B6
S31500003AA0431EA14208D011F8012B03F8012FF8E7B5
S31500003AB0024401468A4200D110BD13F8014D02F8B6
S31500003AC0014DF7E702440346934200D1704703F8DD
S31500003AD0011BF9E70A7870B56AB970BD9A4209D137
S31500003AE00C46054614F8013F002BF6D015F8016F79
S31500003AF09E42F7D001300378002BEFD11846ECE751
S31500003B00004870475C01002038B50023054D044687
S31500003B1008462B6002F054FA431C02D12B6803B10D
S31500003B20236038BD380F002038B50446064D0846D8
S31500003B30114600222A601A4602F05AFA431C02D1A4
S31500003B402B6803B1236038BD380F002038B5044612
S31500003B50064D0846114600222A601A4602F050FA1F
S31500003B60431C02D12B6803B1236038BD380F0020F7
S31500003B7038B50446064D0846114600222A601A4604
S31500003B80FCF782FB431C02D12B6803B1236038BDCE
S31500003B90380F0020014B1868704700BF1C0000203A
S31500003BA0704770477047C9B20346024410B5934246
S31500003BB0184601D1002003E0047801338C42F6D187
S31500003BC010BD0A44431E914200D1704710B511F84A
S31500003BD0014B914203F8014FF9D110BD034613F88A
S31500003BE0012B002AFBD1181A013870472DE9F74F2F
S31500003BF0036907460C69A342C0F28380013C00F1C9
S31500003C00140501F11408A30055F8242008EB8409D3
S31500003C10009305EB8403019358F8243001339A424C
S31500003C20B2FBF3F631D34FF0000AC446AE46D34694
S31500003C305CF8043B98B2E1454FEA134306FB00A04B
S31500003C404FEA104280B206FB0323DEF8002092B250
S31500003C504FEA134AA2EB00029BB2DEF800005A4478
S31500003C60C3EB224392B203EB104342EA03424FEA0C
S31500003C70234B4EF8042BDBD2009BEB582BB9019B50
S31500003C80043B9D421A4630D33C61384601F070F938
S31500003C90002826DB2946002058F8042BD1F800C05E
S31500003CA01FFA82FEC1451FFA8CF34FEA1242A3EBBC
S31500003CB00E030344C2EB23429BB202EB1C4243EACF
S31500003CC002434FEA224041F8043BE5D255F824204E
S31500003CD005EB840322B9043B9D421A460BD33C6193
S31500003CE00136304603B0BDE8F08F1268043B002A67
S31500003CF0CAD1013CC5E71268043B002AEFD1013C5A
S31500003D00EAE70020EEE7FFFF2DE9F04FC76999B01B
S31500003D108346229E09910E92139355EC104B8DED1E
S31500003D20040B7FB9102000F0F7FD0246CBF81C000B
S31500003D3020B9A74BEF21A748FEF782FAC0E9017721
S31500003D400760C760DBF81C30196859B15A6801234F
S31500003D50584693404A608B6000F0D4FEDBF81C3076
S31500003D6000221A602B1EB7BF23F000430023012256
S31500003D700593A8BF3360059F974BB8BF3260BB431E
S31500003D8012D142F20F73139A1360C7F3130323433E
S31500003D9000F04685239BDFF854A2002B00F04885EF
S31500003DA00AF1030300F042BD9DED047B00220023CF
S31500003DB051EC170B8DED0C7B02F092F8804658B152
S31500003DC00123139A1360239B13B1844B239A136028
S31500003DD0DFF81CA200F02CBDC7F30A5616AA17A9D5
S31500003DE058469DED0C0B01F077F98146002E75D0F3
S31500003DF00D9BA6F2FF36CDF85080C3F3130343F0B4
S31500003E007F53DDE90C0143F4401319460022744B3D
S31500003E10FEF704FE68A3D3E9002301F0F9FD68A3C9
S31500003E20D3E90023FEF7FCFD04460D463046FEF7B7
S31500003E3043FF65A3D3E9002301F0EAFD02460B46E2
S31500003E4020462946FEF7ECFD04460D4602F090F8A2
S31500003E500022074600232046294602F04BF840B1CF
S31500003E603846FEF729FF22462B4602F039F800B9FC
S31500003E70013F162F51D85B4B03EBC703DDE90C015D
S31500003E80D3E9002302F036F8002848D0013F00238A
S31500003E901293169B9B1B5A1E46BFC3F101080023B3
S31500003EA04FF00008089248BF0893002F39DB089BA3
S31500003EB00F973B44089300230A93099B092B61D86B
S31500003EC0052BC5BF043B002401240993099B023B33
S31500003ED0032B63D8DFE803F05254372CDDE9166371
S31500003EE01E4406F23243202BC9BFC3F14003C3F17F
S31500003EF020039F4006F21243D8BF04FA03F006F1EE
S31500003F00FF36C4BF24FA03F347EA0300FEF7C4FEF4
S31500003F100122A1F1F873149277E70123B8E7129012
S31500003F20B7E77B42A8EB07080A9300230F93C4E781
S31500003F3001230B930E9BFB1800930133012B039374
S31500003F40B8BF012306E001230B930E9B002B28DD4F
S31500003F5000930393DBF81C000021042202F11405F0
S31500003F609D4223D94160584600F08CFD82460028C8
S31500003F7040D11D4B024640F2AF11DCE60023E3E7D9
S31500003F800023D6E7012400230B9409934FF0FF3357
S31500003F9000220093039312230E92DBE701230B9377
S31500003FA0F4E701231A4600930393F5E70131520023
S31500003FB0D4E700BFAFF3008061436F63A787D23FAA
S31500003FC0B3C8608B288AC63FFB799F501344D33F02
S31500003FD0E5830000FC8300000000F07FB58300004D
S31500003FE00000F83F1085000055840000E1830000C2
S31500003FF0B4830000DBF81C301860039B0E2B00F224
S31500004000A180002C00F09E80002F33DD07F00F0208
S315000040109B4BF8054FEA271403EBC20393ED007B95
S315000040208DED067B16D5974B04F00F040326D3E9D6
S315000040300823DDE90C0101F015FECDE90401914DDF
S3150000404054B9DDE90623DDE9040101F00BFECDE9F3
S31500004050040128E00226F2E7E10708D50136DDE98A
S315000040600601D5E9002301F0D3FCCDE90601641071
S315000040700835E5E700F0AF807C42814B814D022692
S3150000408004F00F02241103EBC203DDE90C01D3E9AE
S31500004090002301F0BDFC0023CDE90401002C40F013
S315000040A08F80002BD3D1129BDDE90445002B00F055
S315000040B094800022744B2046294601F01BFF0028FD
S315000040C000F08B80039B002B00F08780009B002B69
S315000040D034DD7B1E204600222946069301366B4BB3
S315000040E001F096FC009CCDE904013046FEF7E4FDA4
S315000040F0DDE9042301F08CFC0022654BFEF790FC01
S315000041000546A1F15076002C6AD10022614BDDE90B
S315000041100401FEF783FC02460B46CDE904232A463A
S31500004120334601F005FF002840F087822A4606F153
S315000041300043DDE9040101F0DDFE38BBDDE90C34A6
S31500004140CDE90434179B002BC0F258810E2F00F3E3
S3150000415055814B4B03EBC70393ED007B0E9B002B66
S315000041608DED007B80F2E580039B002B00F3E18060
S315000041700CD10022474B51EC170B01F049FCDDE94D
S31500004180042301F0CBFE002800F0558200242546CA
S315000041900E9B5646DB43069300272146584600F001
S315000041A0B1FC002D00F0BD802FB1AF4203D03946DF
S315000041B0584600F0A7FC2946584600F0A3FCB0E09C
S315000041C0E20705D50136D5E9002301F021FC0123DC
S315000041D06410083562E7022665E7039C069784E7C4
S315000041E0274B0B9903EBC403544453E902230029DC
S315000041F054D00020284901F035FD334656462A465C
S31500004200FEF70CFCCDE91001DDE9040101F0B0FE7A
S315000042100546FEF751FD02460B463035DDE9040141
S31500004220FEF7FCFB02460B4606F8015BCDE90423CC
S31500004230DDE9102301F05EFE002872D1002012494C
S31500004240DDE90423FEF7EAFBDDE9102301F052FE67
S31500004250002840F0B480A6423FF470AF00220B4B1A
S31500004260DDE9100101F0D4FB0022084BCDE9100175
S31500004270DDE9040101F0CCFBCDE90401C4E700BF90
S3150000428010850000E88400000000F03F0000244094
S3150000429000001C40000014400000E03F3146564636
S315000042A0284601F0B5FB1594CDE91001DDE90401BE
S315000042B001F05EFE0546FEF7FFFC024630350B4672
S315000042C0DDE90401FEF7AAFB06F8015B02460B4690
S315000042D0A642CDE904234FF0000224D1AB4BDDE921
S315000042E01001FEF79DFB02460B46DDE9040101F0D5
S315000042F01FFE002863D10020A449DDE91023FEF744
S315000043008DFB02460B46DDE9040101F0F3FD0028B2
S315000043103FF414AF159E731E159316F8013C302B0F
S31500004320F8D0069F3BE09A4B01F072FBCDE9040101
S31500004330BCE7DDE90445564620462946DDE900236B
S3150000434001F090FC01F014FE8046FEF7B5FCDDE9B5
S31500004350002301F05DFB0246204608F130040B46BF
S315000043602946FEF75BFB039D06F8014BA6EB0A0404
S3150000437002460B46A54234D1FEF752FB04460D46D3
S31500004380DDE9002301F0D4FDC0B920462946DDE968
S31500004390002301F0A5FD10B118F0010F0ED149461A
S315000043A0584600F0AFFB002301373370139B1F60A4
S315000043B0239B002B00F03C821E6039E206973346B1
S315000043C01E4613F8012D392A07D19A45F8D1069AC7
S315000043D00132069230228AF800201A7801321A70C9
S315000043E09FE700226A4B01F013FB002200230446DC
S315000043F00D4601F075FD00289ED0D0E70B9A002AE5
S3150000440000F0E180099A012A00F3C480149A002A78
S3150000441000F0B78003F233430A9C4646089A01210E
S31500004420584698441A44089200F022FC05465EB1AC
S31500004430089B002B08DDB342089AA8BF3346A8EBB9
S315000044400308F61AD31A08930A9BF3B10B9B002BA9
S3150000445000F0BD808CB129462246584600F0C2FCC9
S315000044604A4601460546584600F018FC494606905D
S31500004470584600F047FB069B99460A9B1A1B04D038
S315000044804946584600F0AEFC81460121584600F0E8
S31500004490EFFB0F9B0446002B00F0CE811A46014627
S315000044A0584600F09FFC099B0446012B00F39580BB
S315000044B0049B002B40F08D80059BC3F31303002B58
S315000044C040F08980059B23F000431B0D1B052BB193
S315000044D0089B08F101080133089301230A930F9BF7
S315000044E0002B00F0AF81236904EB8303186900F009
S315000044F073FBC0F12000089B184410F01F0077D012
S31500004500C0F12003042B6BDDC0F11C00089B804426
S31500004510034406440893B8F1000F05DD49464246B8
S31500004520584600F0B9FC8146089B002B05DD214664
S315000045301A46584600F0B0FC0446129B002B59D090
S315000045402146484600F014FD002853DA7B1E4946F2
S315000045500A2258460693002300F0F6FA0B9B814682
S31500004560002B00F07181002329460A22584600F0EC
S31500004570EBFA009B0546002B67DC099B022B41DC0E
S3150000458063E0169BC3F1360346E700BF0000E03F39
S3150000459000002440039B5C1E0A9BA34209DB1C1BF4
S315000045A0039B002BBFF639AF039BA8EB0306002342
S315000045B034E70A9B46460F9AE31A0A9400241A44E3
S315000045C0039B0F922AE70A9C46460B9D2FE70A9A01
S315000045D056E7002382E7049B80E700230A9382E7DD
S315000045E099D01C33089A1A4498441E44089292E7BC
S315000045F00346F6E7039B0697002B20DC0093099BF6
S31500004600022B1EDD009B002B7FF4C2AD2146052246
S31500004610584600F099FA01460446484600F0A8FCC0
S3150000462000287FF7B5AD3123564606F8013B069BB9
S3150000463001330693B0E5039C06972546F3E7039BF3
S3150000464000930B9B002B00F00381002E05DD29460D
S315000046503246584600F020FC05460A9B002B5AD0ED
S315000046606968584600F00EFA064628B9834B02469A
S3150000467040F2EF21FFF75FBB2A6905F10C010C3010
S3150000468002329200FFF79DFA01223146584600F0A9
S3150000469003FC0AF101032F4605460393009B53448E
S315000046A00B93049B03F001030A93039B21464846A0
S315000046B0013B0093FFF79AFA3946049000F130085F
S315000046C0484600F055FC2A4608902146584600F018
S315000046D06BFCC268064602BB0146484600F048FC31
S315000046E00246314658460E9200F00CFA099B0E9A85
S315000046F0039E42EA03010A9B194310D1B8F1390F10
S3150000470029D0089B002B02DD049B03F13108009B96
S3150000471083F8008041E52846BBE70122E1E7089BD4
S31500004720002B04DB09990B430A990B4320D1002A7D
S31500004730EDDD49460122584600F0AEFB2146814692
S3150000474000F016FC002803DCE1D118F0010FDED0E2
S31500004750B8F1390FD8D13923009A137033461E4663
S31500004760013B16F8012C392A51D001321A7014E592
S31500004770002A07DDB8F1390FEDD008F10103009AE0
S3150000478013700AE5039B0B9A03F8018C934228D019
S31500004790494600230A22584600F0D6F9AF42814620
S315000047A04FF000034FF00A023946584607D100F091
S315000047B0CBF907460546039B0133039375E700F0E3
S315000047C0C3F92946074600230A22584600F0BCF9D9
S315000047D00546F0E7009B0027002BCCBF1E460126AE
S315000047E0564449460122584600F056FB214681466A
S315000047F000F0BEFB0028B1DC02D118F0010FADD1EC
S3150000480033461E4613F8012D302AFAD0C5E49A45E0
S31500004810A5D1069B0133069331238AF80030BCE408
S31500004820239BDFF85CA01BB10AF10803239A1360EF
S31500004830504619B0BDE8F08F099B012B7FF738AEC3
S315000048400F9B0A93012056E6009B002B7FF7D7AEFD
S31500004850564621464846FFF7C9F900F13008009B45
S3150000486006F8018BA6EB0A029342B3DD4946002304
S315000048700A22584600F068F98146EAE755840000A6
S31500004880D883000038B50546002941D051F8043CCC
S315000048900C1F002BB8BFE41800F0E8F81D4A136897
S315000048A033B9636014602846BDE8384000F0E4B8C8
S315000048B0A34208D9206821188B4201BF19685B689A
S315000048C009182160EDE71A465B680BB1A342FAD9D5
S315000048D011685018A0420BD120680144501811608D
S315000048E08342E0D118685B68084453601060DAE7D9
S315000048F002D90C232B60D6E7206821188B4202BF11
S3150000490019685B680918636008BF21605460CAE7CC
S3150000491038BD00BF440F0020024B0146186800F066
S3150000492025B800BF1C00002070B50F4E0C4605468A
S31500004930316811B900F0F2FF30602146284600F0D8
S31500004940EDFF431C03D14FF0FF34204670BDC41C5D
S3150000495024F00304A042F8D0211A284600F0DEFF16
S315000049600130F2D1EFE700BF400F00202DE9F843F8
S31500004970CD1C064625F0030508350C2D38BF0C2541
S31500004980002D01DBA94204D90C2333600020BDE8C9
S31500004990F883DFF8D48000F069F8D8F800301C46B8
S315000049A044BB29463046FFF7BFFF431C044658D197
S315000049B0D8F800402746002F43D1002C4BD023685F
S315000049C03946304604EB030900F0A8FF814542D181
S315000049D0216830466D1A2946FFF7A6FF01303AD006
S315000049E023682B442360D8F800305A6862BBC8F8A5
S315000049F000700FE02268521B20D40B2A17D96119C8
S31500004A00A342256018BF5960636808BFC8F8001044
S31500004A1062514B60304600F02FF804F10B00231D65
S31500004A2020F00700C21A1CBF1B1AA350AFE762682A
S31500004A30A3420CBFC8F800205A60EBE7234664681F
S31500004A40AEE73C467F68B6E71A465B68A342FBD1F1
S31500004A5000235360DEE70C233046336000F00CF889
S31500004A6094E70560D6E700BF440F00200148FFF732
S31500004A7098B800BF3C0F00200148FFF793B800BF6D
S31500004A803C0F002070B5C66904460D4676B9102065
S31500004A90FFF742FF0246E06120B9184B6B21184828
S31500004AA0FDF7CEFBC0E901660660C660E669F368FD
S31500004AB083B1E369DB6853F82500B8B901212046C4
S31500004AC001FA05F6721D920000F038FF60B1C0E9E8
S31500004AD001560EE021220421204600F02FFFE36953
S31500004AE0F060DB68002BE4D1002070BD026843F85B
S31500004AF025200023C0E90333F7E700BFE583000064
S31500004B006684000070B5C66905460C4676B9102065
S31500004B10FFF702FF0246E86120B9094B8F210948D9
S31500004B20FDF78EFBC0E901660660C6603CB1EB6925
S31500004B306268DB6853F82210216043F8224070BD9A
S31500004B40E5830000668400002DE9F04101F1140CB4
S31500004B5007460C461E460D690020DCF80030013081
S31500004B6099B2854202FB01614FEA13464FEA1143AF
S31500004B7089B202FB063301EB03414FEA13464CF8B8
S31500004B80041BEADC0EB3A368AB4219DC6168384645
S31500004B900131FFF777FF804628B902460C4BBA2150
S31500004BA00C48FDF74DFB226904F10C010C30023272
S31500004BB09200FFF706F8214644463846FFF7A2FF63
S31500004BC004EB850301355E6125612046BDE8F08171
S31500004BD05584000066840000B0F5803F034636BF6A
S31500004BE0030400201020B3F1807F3CBF1B02083075
S31500004BF0B3F1805F3CBF1B010430B3F1804F3CBF73
S31500004C009B000230002B05DB13F0804F00F1010002
S31500004C1008BF202070470368024613F007000BD038
S31500004C20D90721D4980747BF5B0801209B080220BB
S31500004C304CBF13601360704799B209B91B0C102062
S31500004C40D9B209B908301B0A190704BF1B09043079
S31500004C50990704BF9B080230D90703D45B0800F10B
S31500004C60010003D013607047002070472020704772
S31500004C7010B50C460121FFF705FF024628B9054B82
S31500004C8040F245110448FDF7DBFA01234461036154
S31500004C9010BD00BF55840000668400002DE9F04F6A
S31500004CA017460A69894685B03B699A42A2BF3B46C8
S31500004CB00F4699463D69BB68D9F810A0796805EB9F
S31500004CC00A06B342B8BF0131FFF7DCFE30B902462F
S31500004CD0424B4FF4B1714248FDF7B2FA00F11404A9
S31500004CE0002204EB860E2346734520D307F11408F1
S31500004CF009F1140108EB850501EB8A030293EB1B0E
S31500004D001537153B23F003030433BD4238BF042394
S31500004D100193029B03918B420CD8002E03DD5EF8B3
S31500004D20043D002B57D0066105B0BDE8F08F43F86F
S31500004D30042BD9E7B1F800A0BAF1000F21D0C44680
S31500004D40A14600275CF8042BD9F800301FFA82FB35
S31500004D5065459BB24FEA12420AFB0B333B44D9F836
S31500004D6000704FEA17470AFB027202EB13429BB22E
S31500004D704FEA124743EA024349F8043BE2D8019B53
S31500004D80E750039B0431B3F80290B9F1000F20D02D
S31500004D9023684746A4464FF0000AB7F800B09BB216
S31500004DA0BCF8022009FB0B22524443EA02434CF8AA
S31500004DB0043B57F8043B4FEA134ABCF80030BD42A7
S31500004DC009FB0A3303EB12434FEA134AE5D8019A6B
S31500004DD0A35004349DE7013E9FE700BF55840000C1
S31500004DE0668400002DE9F843154612F003020746D3
S31500004DF00E4607D0013A254C002354F82220FFF72F
S31500004E00A3FE0646AD103DD0FC697CB91020FFF725
S31500004E1083FD0246F86128B91D4B40F2B3111D48C7
S31500004E20FDF70EFAC0E901440460C460D7F81C809F
S31500004E30D8F808404CB940F271213846FFF718FF00
S31500004E4000230446C8F8080003604FF00009EB078A
S31500004E500AD5314622463846FFF720FF80463146BE
S31500004E6038464646FFF74EFE6D100BD0206838B91F
S31500004E70224621463846FFF711FF2060C0F8009011
S31500004E800446E4E73046BDE8F88300BFDC84000052
S31500004E90E5830000668400002DE9F0470C460746CE
S31500004EA091464FEA621A2369496803EB6218A368C0
S31500004EB008F10106B3420BDB3846FFF7E3FD054672
S31500004EC048B90246284B4FF4EF712848FDF7B8F968
S31500004ED001315B00EEE7002300F1140100F110023E
S31500004EE01846534533DB2AEAEA7A04F114032069AB
S31500004EF019F01F0901EB8A0103EB800C2BD0C9F1D5
S31500004F00200E8A460022186800FA09F010434AF873
S31500004F10040B53F8042B9C4522FA0EF2F3D8ACEBA3
S31500004F20040304F11500153B23F003030433604525
S31500004F3088BF0423CA500AB108F10206013E38466A
S31500004F4021462E61FFF7DEFD2846BDE8F0870133D6
S31500004F5042F8040FC5E7043953F8042B9C4541F881
S31500004F60042FF9D8EAE700BF5584000066840000E4
S31500004F7003460A690069801A30B50ED1143314311C
S31500004F8003EB820401EB820154F8045D51F8042D11
S31500004F90954203D005D24FF0FF3030BDA342F3D384
S31500004FA0FBE70120F9E7FFFF2DE9F74F89460646A3
S31500004FB0114614464846FFF7DBFF051E12D1294667
S31500004FC03046FFF75FFD024628B9414B40F23721D4
S31500004FD04048FDF735F90123C0E90435104603B012
S31500004FE0BDE8F08FBCBF4B46A1463046B8BF012591
S31500004FF0D9F80410B4BF1C460025FFF743FD02464E
S3150000500018B9334B40F24521E2E7D9F8107004F1A4
S31500005010140E266900F1140BC56009F1140509F197
S3150000502010030EEB860605EB8708D9464FF0000CF9
S315000050300193019B5EF8040B53F804AF7645019388
S315000050401FFA8AF3194683B24FEA1040A1EB030315
S31500005050C0EB1A40634400EB23409BB24FEA204C5E
S3150000506043EA004349F8043BE3D8331B1534153BA8
S3150000507023F003030433A64238BF04231D445B44D4
S315000050802C461E4644450ED308F10301491B033D39
S3150000509021F00301A84538BF00210B4453F8041D35
S315000050A099B117619AE754F8041BE6461FFA81FC8A
S315000050B0080C7144F44489B200EB2C4041EA0041EB
S315000050C04FEA204C46F8041BDCE7013FE6E700BF49
S315000050D055840000668400002DE9F7430F46012140
S315000050E0164659EC108BFFF7CDFC044630B9024644
S315000050F0234B40F20F312348FDF7A2F8C9F30A55B6
S31500005100C9F313030DB143F480130193B8F10003FF
S3150000511023D068460093FFF77EFDDDE90012D0B18B
S31500005120C0F1200302FA03F3C2400B43019263610C
S31500005130019B002BA3610CBF012202222261A5B1B3
S31500005140A5F233450544C0F135003D603060204688
S3150000515003B0BDE8F0836161EAE701A8FFF75BFDF4
S31500005160019B203001226361E8E7A0F2324004EBA4
S31500005170820338601869FFF72FFDC0EB4210E5E7A0
S3150000518055840000668400002DE9F0471F468E68AE
S3150000519082460C46BE4290460B682DD8B1F90C20CB
S315000051A012F4906F26D06569096905EB4505A3EBF6
S315000051B001097B1C05EBD5754B446D109D4238BF2C
S315000051C01D46530527D52946FFF7D0FB064660B393
S315000051D04A462169FEF7F5FCA38923F4906343F060
S315000051E08003A38126614E446561A5EB090526600F
S315000051F03E46A560BE4200D93E463246414620683C
S31500005200FEF746FCA36800209B1BA360236833447B
S315000052102360BDE8F0872A4600F0B6FB0646002864
S31500005220E0D121695046FFF72DFB0C234FF0FF30EC
S31500005230CAF80030A38943F04003A381E9E7FFFFE2
S315000052402DE9F04F98468B899DB007461B060D4603
S31500005250144610D50B6973B94021FFF787FB286008
S31500005260286130B90C233B604FF0FF301DB0BDE81C
S31500005270F08F40236B610023CDF80C804FF00109BD
S31500005280DFF8A081099320238DF8293030238DF88B
S315000052902A3023469A4613F8012B0AB1252AF9D15A
S315000052A0BAEB040B0BD05B46224629463846FFF77D
S315000052B06BFF013000F0A780099A5A4409929AF8C8
S315000052C00030002B00F09F8000234FF0FF320AF1E0
S315000052D0010A049307938DF853301A93CDE90523F9
S315000052E0544605224F4814F8011BFEF75CFC049A4D
S315000052F0D8B9D00644BF20238DF85330110744BFD8
S315000053002B238DF853309AF800302A2B15D0079AA4
S31500005310544600204FF00A0C214611F8013B303B61
S31500005320092B4BD9B0B1079214E0A0EB0803A246B3
S3150000533009FA03F313430493D2E7039B191D1B6871
S31500005340002B0391BBBF5B4242F002020793079317
S31500005350B8BF049223782E2B0AD163782A2B32D138
S31500005360039B02341A1D1B6843EAE37303920593F9
S31500005370DFF8C0A0032221785046FEF714FC38B1AE
S31500005380A0EB0A004022049B01348240134304939D
S3150000539014F8011B062224488DF82810FEF703FC9A
S315000053A0002836D0214B1BBB039B073323F0070392
S315000053B008330393099B334409936AE70CFB0232D3
S315000053C00C460120A8E7002301344FF00A0C1946C9
S315000053D00593204610F8012B303A092A03D9002BF1
S315000053E0C6D00591C4E70CFB012104460123F0E772
S315000053F003AB2A4604A9384600930D4BFDF764FD1E
S31500005400421C0646D6D1AB895B063FF52DAF0998FF
S315000054102CE703AB2A4604A938460093044BFDF754
S31500005420EFFFEDE7C0840000CA840000C92E00002B
S3150000543089510000C68400009368013B002B9360ED
S3150000544010B408DA9469A34201DB0A2903D15DF896
S31500005450044BFEF788BA1368581C1060084619708A
S315000054605DF8044B7047F8B506460F461446D51846
S31500005470AC4201D1002007E03A4614F8011B304641
S31500005480FFF7DAFF431CF3D1F8BDFFFF2DE9F04F1C
S315000054900D469DB014469846064618B1036A0BB9E8
S315000054A0FEF758F96B6ED90705D4AB899A0502D475
S315000054B0A86DFEF776FBAB891B0701D52B699BB957
S315000054C029463046FEF78EFA70B16B6EDC0704D5BE
S315000054D04FF0FF301DB0BDE8F08FAB899805F7D4CB
S315000054E0A86DFEF75FFBF3E70023CDF80C804FF0C5
S315000054F00109DFF8B481099320238DF82930302380
S315000055008DF82A3023469A4613F8012B0AB1252A2C
S31500005510F9D1BAEB040B0BD05B462246294630463E
S31500005520FFF7A1FF013000F0A780099A5A440992BB
S315000055309AF80030002B00F09F8000234FF0FF32D6
S315000055400AF1010A049307938DF853301A93CDE9B3
S31500005550052354460522544814F8011BFEF723FB85
S31500005560049AD8B9D10644BF20238DF853301307C7
S3150000557044BF2B238DF853309AF800302A2B15D0D0
S31500005580079A544600204FF00A0C214611F8013BB9
S31500005590303B092B4BD9B0B1079214E0A0EB0803BE
S315000055A0A24609FA03F313430493D2E7039B191D9A
S315000055B01B68002B0391BBBF5B4242F002020793BC
S315000055C00793B8BF049223782E2B0AD163782A2B2F
S315000055D032D1039B02341A1D1B6843EAE37303921C
S315000055E00593DFF8D4A0032221785046FEF7DBFAB4
S315000055F038B1A0EB0A004022049B013482401343D9
S31500005600049314F8011B062228488DF82810FEF78B
S31500005610CAFA00283FD0264B1BBB039B073323F057
S31500005620070308330393099B3B4409936AE70CFB82
S3150000563002320C460120A8E7002301344FF00A0C81
S3150000564019460593204610F8012B303A092A03D94A
S31500005650002BC6D00591C4E70CFB012104460123AB
S31500005660F0E703AB2A4604A930460093114BFDF739
S315000056702BFC0746781CD6D16B6ED90705D4AB89AF
S315000056809A0502D4A86DFEF78DFAAB895B063FF545
S315000056901FAF09981EE703AB2A4604A930460093BC
S315000056A0044BFDF7ADFEE4E7C0840000CA840000A9
S315000056B0C92E000067540000C6840000B1F90C2012
S315000056C02DE9F041160705460C4654D44B68002BCD
S315000056D002DC0B6C002B48DDE66A002E45D0002369
S315000056E012F480522F68216A2B6030D0626DA38934
S315000056F0590705D56368D21A636B0BB1236CD21AAE
S315000057000023E66A216A2846B047431CA38906D1CE
S3150000571029681D292BD82A4ACA40D60727D5002230
S31500005720D90462602269226004D5421C01D12B682B
S3150000573003B96065616B2F60B9B104F14403994206
S3150000574002D02846FFF79EF8002363630DE001238D
S315000057502846B0470246501CC9D12B68002BC6D03C
S315000057601D2B01D0162B1DD12F60002021E043F008
S3150000577040031BB21AE00F69002FF6D093070E689C
S315000057800F600CBF4B690023A6EB07088B60B8F1CE
S31500005790000FEADD43463A46216A2846A66AB04724
S315000057A0002808DCB4F90C3043F040034FF0FF301A
S315000057B0A381BDE8F0810744A8EB0008E7E700BF36
S315000057C00100402038B50B6905460C4613B9002583
S315000057D0284638BD18B1036A0BB9FDF7BBFFB4F90B
S315000057E00C30002BF3D0626ED00704D4990502D496
S315000057F0A06DFEF7D6F928462146FFF75FFF636ED8
S315000058000546DA07E4D4A3899B05E1D4A06DFEF72B
S31500005810C9F9DDE770B50C46B1F90E1096B015461C
S3150000582000291E460CDAA389002113F0800F14BF4D
S3150000583040234FF48063002031602B6016B070BDAA
S315000058406A4600F049F80028EDDB019901F4704141
S31500005850A1F50053594259414FF48063EBE78B8918
S31500005860F7B59D0706460C4607D504F147032360A6
S3150000587023610123636103B0F0BD01AB6A46FFF704
S31500005880C9FF009F054630463946FFF76FF848B90D
S31500005890B4F90C309A05EED423F0030343F0020367
S315000058A0A381E2E7A389206043F08003A381019BE3
S315000058B0C4E904075BB1B4F90E10304600F01EF8D7
S315000058C028B1A38923F0030343F00103A381A3892D
S315000058D01D43A581CFE7FFFF38B50023064D0446DB
S315000058E0084611462B6000F073FB431C02D12B685F
S315000058F003B1236038BD00BF380F002038B5002340
S31500005900054D044608462B6000F06AFB431C02D195
S315000059102B6803B1236038BD380F002038B500234B
S31500005920054D044608462B60FCF780FD431C02D15A
S315000059302B6803B1236038BD380F002070B5A1FB7A
S31500005940025434B92946FFF711F8064628B93046FD
S3150000595070BD0C2200260260F9E72A462146FEF7B2
S31500005960B1F8F4E782B001B901A942B14BB113789D
S315000059700B601278101E18BF012002B07047104647
S31500005980FBE76FF00100F8E72DE9F0410746144602
S315000059900D4621B91146BDE8F041FEF7E7BF2AB929
S315000059A02546FEF76FFF2846BDE8F08100F027F890
S315000059B08442064602D8B4EB500FF4D82146384646
S315000059C0FEF7D4FF804608B94546ECE7B4422246C6
S315000059D0294628BF3246FEF7F4F829463846FEF730
S315000059E051FFF1E70346084641B1FF2A04D98A224E
S315000059F04FF0FF301A60704701200A70704751F867
S31500005A00043C181F002BBCBF0B58C0187047FFFF83
S31500005A1070B54FF0FF0C4CF4E06C1CEA11541DBF3E
S31500005A201CEA135594EA0C0F95EA0C0F00F0DEF809
S31500005A302C4481EA030621EA4C5123EA4C5350EAEE
S31500005A40013518BF52EA033541F4801143F480133F
S31500005A5038D0A0FB02CE4FF00005E1FB02E506F0D0
S31500005A600042E0FB03E54FF00006E1FB03569CF025
S31500005A70000F18BF4EF0010EA4F1FF04B6F5007F2B
S31500005A8064F5407404D25FEA4E0E6D4146EB06069D
S31500005A9042EAC62141EA55514FEAC52040EA5E5026
S31500005AA04FEACE2EB4F1FD0C88BFBCF5E06F1ED8D0
S31500005AB0BEF1004F08BF5FEA500E50F1000041EB07
S31500005AC0045170BD06F0004646EA010140EA0200B4
S31500005AD081EA0301B4EB5C04C2BFD4EB0C0541EAD6
S31500005AE0045170BD41F480114FF0000E013C00F3EB
S31500005AF0AB8014F1360FDEBF002001F0004170BD0F
S31500005B00C4F10004203C35DA0C341BDC04F1140427
S31500005B10C4F1200500FA05F320FA04F001FA05F2B3
S31500005B2040EA020001F0004221F0004110EBD37080
S31500005B3021FA04F642EB06015EEA430E08BF20EAAC
S31500005B40D37070BDC4F10C04C4F1200500FA04F34F
S31500005B5020FA05F001FA04F240EA020001F00041E1
S31500005B6010EBD37041F100015EEA430E08BF20EA54
S31500005B70D37070BDC4F1200500FA05F24EEA020E9C
S31500005B8020FA04F301FA05F243EA020321FA04F0CB
S31500005B9001F0004121FA04F220EA020000EBD37082
S31500005BA05EEA430E08BF20EAD37070BD94F0000F82
S31500005BB00FD101F00046400041EB010111F4801FB6
S31500005BC008BF013CF7D041EA060195F0000F18BF67
S31500005BD0704703F00046520043EB030313F4801FA3
S31500005BE008BF013DF7D043EA0603704794EA0C0F5D
S31500005BF00CEA135518BF95EA0C0F0CD050EA410673
S31500005C0018BF52EA4306D1D181EA030101F00041EF
S31500005C104FF0000070BD50EA410606BF1046194617
S31500005C2052EA430619D094EA0C0F02D150EA013623
S31500005C3013D195EA0C0F05D152EA03361CBF104664
S31500005C4019460AD181EA030101F0004141F0FE4103
S31500005C5041F470014FF0000070BD41F0FE4141F487
S31500005C60780170BD70B54FF0FF0C4CF4E06C1CEA87
S31500005C7011541DBF1CEA135594EA0C0F95EA0C0F3C
S31500005C8000F0A7F8A4EB050481EA030E52EA0335F7
S31500005C904FEA013100F088804FEA03334FF0805518
S31500005CA045EA131343EA12634FEA022245EA111545
S31500005CB045EA10654FEA00260EF000419D4208BFF6
S31500005CC0964244F1FD0404F5407402D25B084FEAA3
S31500005CD03202B61A65EB03055B084FEA32024FF44F
S31500005CE080104FF4002CB6EB020E75EB030E22BFAC
S31500005CF0B61A754640EA0C005B084FEA3202B6EB6C
S31500005D00020E75EB030E22BFB61A754640EA5C001A
S31500005D105B084FEA3202B6EB020E75EB030E22BFAA
S31500005D20B61A754640EA9C005B084FEA3202B6EBAB
S31500005D30020E75EB030E22BFB61A754640EADC006A
S31500005D4055EA060E18D04FEA051545EA16754FEACC
S31500005D5006164FEAC30343EA52734FEAC2025FEAEA
S31500005D601C1CC0D111F4801F0BD141EA00014FF079
S31500005D7000004FF0004CB6E711F4801F04BF01434A
S31500005D800020B4F1FD0C88BFBCF5E06F3FF6AFAE66
S31500005D90B5EB030C04BFB6EB020C5FEA500C50F1F6
S31500005DA0000041EB045170BD0EF0004E4EEA113179
S31500005DB014EB5C04C2BFD4EB0C0541EA045170BD80
S31500005DC041F480114FF0000E013C90E645EA060EC4
S31500005DD08DE60CEA135594EA0C0F08BF95EA0C0FF2
S31500005DE03FF43BAF94EA0C0F0AD150EA01347FF43A
S31500005DF034AF95EA0C0F7FF425AF104619462CE711
S31500005E0095EA0C0F06D152EA03353FF4FDAE104673
S31500005E10194622E750EA410618BF52EA43067FF4C4
S31500005E20C5AE50EA41047FF40DAF52EA43057FF454
S31500005E30EBAE12E74FF0FF3C06E000BF4FF0010C5F
S31500005E4002E000BF4FF0010C4DF804CD4FEA410CC3
S31500005E507FEA6C5C4FEA430C18BF7FEA6C5C1BD090
S31500005E6001B050EA410C0CBF52EA430C91EA030F11
S31500005E7002BF90EA020F0020704710F1000F91EA6E
S31500005E80030F58BF994208BF90422CBFD8176FEA3C
S31500005E90E37040F0010070474FEA410C7FEA6C5C0A
S31500005EA002D150EA013C07D14FEA430C7FEA6C5C11
S31500005EB0D6D152EA033CD3D05DF8040B704700BF3D
S31500005EC08446104662468C461946634600E000BF8B
S31500005ED001B5FFF7B7FF002848BF10F1000F01BD5D
S31500005EE04DF808EDFFF7F4FF0CBF012000205DF828
S31500005EF008FB00BF4DF808EDFFF7EAFF34BF0120AD
S31500005F0000205DF808FB00BF4DF808EDFFF7E0FF45
S31500005F1094BF012000205DF808FB00BF4DF808ED96
S31500005F20FFF7CEFF94BF012000205DF808FB00BFFD
S31500005F304DF808EDFFF7C4FF34BF012000205DF8DF
S31500005F4008FB00BF4FEA410C7FEA6C5C02D150EAC5
S31500005F50013C0AD14FEA430C7FEA6C5C02D152EA5B
S31500005F60033C02D14FF0000070474FF0010070472C
S31500005F704FEA410212F5001215D211D56FF478736B
S31500005F80B3EB625212D94FEAC12343F0004343EA0E
S31500005F90505311F0004F23FA02F018BF40427047E9
S31500005FA04FF00000704750EA013005D111F0004073
S31500005FB008BF6FF0004070474FF00000704700BF09
S31500005FC0024B58224FF0FF301A607047380F0020FE
S31500005FD0024B58224FF0FF301A607047380F0020EE
S31500005FE0024B582200201A60704700BF380F00206D
S31500005FF0024B58224FF0FF301A607047380F0020CE
S31500006000024B58224FF0FF301A607047380F0020BD
S315000060104275696C7420776974682052656E657381
S31500006020617320416476616E63656420466C6578B1
S3150000603069626C6520536F66747761726520506182
S31500006040636B6167652076657273696F6E20352EA6
S31500006050392E3000352E392E30000000000009059B
S31500006060F8B500BFF8BC08BC9E467047F8B500BF3F
S31500006070F8BC08BC9E4670474653505F5355434391
S31500006080455353203D3D2065727200002E2E2F731E
S3150000609072632F68616C5F656E7472792E6300009F
S315000060A05241344D325F4D494E495F494F540000CD
S315000060B054656D703A00000048756D693A0000003D
S315000060C068656C6C6F20776F726C6421000000004D
S315000060D02E000000455350383236362054582D3E97
S315000060E0000000000D0000002E2E2F7372632F6F2C
S315000060F06C65642E630000006C656E3D25640A00C5
S31500006100554152543420636F6D6D616E6420736522
S315000061106E64206661696C65643A2025730A000026
S315000061204F4B0000436F6D6D616E6420657865634B
S3150000613075746564207375636365737366756C6CDB
S31500006140790000004552524F52000000436F6D6DBA
S31500006150616E6420657865637574696F6E2066612B
S31500006160696C6564000000004641494C000000006F
S3150000617054696D656F75742077616974696E6720FF
S31500006180666F72204553503832363620726573700A
S315000061906F6E73653A2025730A00000041542B4345
S315000061A0574D4F44453D310D0A000000536574209C
S315000061B057694669204D6F64652053746174696F31
S315000061C06E2E2E2E000000004D43552D3E65737039
S315000061D0383236363A2D2D2D2D2D2D2D2D2D2D2DBA
S315000061E02D2D2D2573000000313131313131313102
S315000061F0000000007868310041542B43574A415053
S315000062003D222573222C222573220D0A0000000050
S31500006210436F6E6E65637420746F20576946693AE2
S3150000622020535349443D2573202E2E2E0A0000008C
S3150000623036393337303931326362623063663662FB
S3150000624062393238366434385F5241344D325F3009
S31500006250310000003639333730393132636262300B
S315000062606366366262393238366434385F52413496
S315000062704D325F30315F305F305F32303235313230
S31500006280303831370000000041542B4D51545455DD
S315000062905345524346473D302C312C222573222C40
S315000062A0222573222C222573222C302C302C2222DC
S315000062B00D0A00006662643533366161383564352F
S315000062C06435623862323366343632386463636604
S315000062D03966393861393031306330646339643452
S315000062E06662613032633230623366313835653426
S315000062F03131653300000000436F6E666967757261
S3150000630065204D5154542075736572207061726119
S315000063106D65746572732E2E2E0000003138383389
S3150000632000000000363337623730616632342E7330
S3150000633074312E696F7464612D6465766963652EA8
S31500006340636E2D6E6F7274682D342E6D796875616B
S31500006350776569636C6F75642E636F6D000000006E
S3150000636041542B4D515454434F4E4E3D302C222513
S3150000637073222C25732C310D0A000000436F6E66C4
S315000063806967757265204D51545420757365722086
S31500006390706172616D65746572732025733A257339
S315000063A0202E2E2E0A000000246F632F6465766966
S315000063B06365732F36393337303931326362623071
S315000063C06366366262393238366434385F52413435
S315000063D04D325F30312F7379732F6D65737361673B
S315000063E065732F646F776E0041542B4D515454538F
S315000063F055423D302C222573222C310D0A00000017
S3150000640053756273637269626520746F204D5154CF
S315000064105420546F7069633A202573202E2E2E0A5D
S3150000642000000000252E3266000000007B2270610D
S3150000643072616D73223A7B2274656D706572617448
S31500006440757265223A25737D7D0D0A007B22736580
S31500006450727669636573223A5B7B2273657276692D
S3150000646063655F6964223A2274656D70222C22701E
S31500006470726F70657274696573223A7B2252413479
S315000064804D325F74656D70223A25737D7D5D7D0D9D
S315000064900A000000246F632F646576696365732FB5
S315000064A03639333730393132636262306366366289
S315000064B062393238366434385F5241344D325F3097
S315000064C0312F7379732F70726F706572746965738B
S315000064D02F7265706F72740041542B4D5154545095
S315000064E055425241573D302C222573222C37302CF1
S315000064F0312C300D0A0000005075626C69736820FB
S3150000650054656D706572617475726520446174615D
S315000065103A20252E326620746F20746F70696320CE
S3150000652025730A005075626C6973682074656D7016
S315000065306572617475726520646174613A202573B1
S3150000654020746F20746F7069632025730A00000041
S315000065504661696C656420746F2073656E64204DB6
S31500006560515454207075626C69736820636F6D6D49
S31500006570616E642E000000007B227365727669638B
S315000065806573223A5B7B22736572766963655F6920
S3150000659064223A2274656D70222C2270726F7065C7
S315000065A07274696573223A7B2248756D69646974F1
S315000065B079223A25737D7D5D7D0D0A0041542B4D70
S315000065C05154545055425241573D302C2225732286
S315000065D02C25642C312C300D0A0000005075626C9D
S315000065E06973682048756D696469747920446174BB
S315000065F0613A20252E326620746F20746F706963AD
S315000066002025730A000000005075626C69736820CB
S3150000661068756D696469747920646174613A2025CE
S315000066207320746F20746F7069632025730A0000ED
S315000066304661696C656420746F2073656E64204DD5
S31500006640515454207075626C69736820636F6D6D68
S31500006650616E64202868756D6964697479292E00F5
S31500006660496E697469616C697A65204553503832A0
S315000066703636206D6F64756C652E2E2E0000000078
S31500006680455350383236365F536574576946694DFF
S315000066906F646500455350383236365F536574571C
S315000066A06946694D6F6465206661696C6564212081
S315000066B0496E697469616C697A6174696F6E20618B
S315000066C0626F727465642E00455350383236365FF9
S315000066D0436F6E6E6563745769466900455350385B
S315000066E03236365F436F6E6E65637457694669204E
S315000066F06661696C65642120496E697469616C69BB
S315000067007A6174696F6E2061626F727465642E00BF
S31500006710455350383236365F4D5154545573657271
S31500006720436F6E6669670000455350383236365FF0
S315000067304D51545455736572436F6E666967206692
S3150000674061696C65642120496E697469616C697A56
S315000067506174696F6E2061626F727465642E0000E9
S31500006760455350383236365F4D515454436F6E6E32
S3150000677065637400455350383236365F4D51545474
S31500006780436F6E6E656374206661696C6564212073
S31500006790496E697469616C697A6174696F6E2061AA
S315000067A0626F727465642E00455350383236365F18
S315000067B04D515454537562736372696265000000EB
S315000067C0455350383236365F4D51545453756273C3
S315000067D06372696265206661696C65642100000008
S315000067E04553503832363620696E697469616C6972
S315000067F07A6174696F6E20616E6420636F6E6E6578
S315000068006374696F6E2070726F6365737320636F54
S315000068106D706C657465642E00FFFFFF68616C5FC8
S31500006820656E74727900FFFF4F4C45445F52656692
S315000068307265736800FFFFFF4F4C45445F57525F18
S315000068404279746500FFFFFF0000000000000000B1
S315000068500000000000000000000000000000000032
S315000068600000000000000000000000000000000022
S3150000687000F0F0F0000000000000000000017F01C1
S315000068800000000000000000001C1C1C00000000AE
S3150000689000008060301C8C60301C0C000000000082
S315000068A000000000000000000000000000000000E2
S315000068B000000000000000E00000000000E0000012
S315000068C00086E69F86868686E69F860000011F0173
S315000068D0010101011F010100000080C06020F820B5
S315000068E0E0C00000000003070C18FF70E181000003
S315000068F00000070F10107F100F0700008060206057
S3150000690080000000E02000000F3020309F70DC3750
S315000069101030C0000000100E030007181018070002
S315000069200000C02020E0C0000000000080E01F380A
S31500006930E88703C43C040000070F1810100B070D6E
S315000069401010080000808C4C380000000000000089
S315000069500000000000000000000000000000000031
S31500006960000000000000000000000000000080E0C1
S31500006970300804000000000000FEFF0100000000D7
S31500006980000000000000030F18204000000408303B
S31500006990E0800000000000000000000001FFFE0093
S315000069A000000000004020180F0300000000000057
S315000069B0000000000000C000000000000042666603
S315000069C03C18FF183C666642000000000000030009
S315000069D00000000000000000000080000000000031
S315000069E0001010101010FF10101010100000000002
S315000069F0000003000000000000000000000000008E
S31500006A000000000000000000000000000000000080
S31500006A1000808C4C380000000000000000000000E0
S31500006A2000000000000000000010101010101010F0
S31500006A301010100000000000000000000000000020
S31500006A400000000000000000000000000000000040
S31500006A50000000000000000000001C1C1C000000DC
S31500006A60000000000000000000000000E0380C00FC
S31500006A700000000080701C03000000000060380E5B
S31500006A800100000000000000000080C060202060BF
S31500006A90C080000000FEFF010000000001FFFE00B4
S31500006AA00001070E181010180E0701000000808064
S31500006AB080C0E000000000000000000000FFFF00B2
S31500006AC00000000000001010101F1F101010000022
S31500006AD00080402020202060C080000000030300CA
S31500006AE0804020381F070000001C1A1918181818B3
S31500006AF0181F00000080C020202060C08000000019
S31500006B00000303001010182FE780000000070F1085
S31500006B10101010180F070000000000000000C0E071
S31500006B20F000000000C0B088868180FFFF808000F2
S31500006B30000000000010101F1F1010000000E06091
S31500006B40606060606060000000003F100808081880
S31500006B50F0E0000000070B101010101C0F030000DF
S31500006B60000080C040202020E0C0000000FCFF2183
S31500006B701008080818F0E0000001070C18101010A3
S31500006B80080F03000000C0E06060606060E0600025
S31500006B90000003000000E0180700000000000000ED
S31500006BA0001F1F00000000000080C0602020202081
S31500006BB060C080000087EF2C1818303068CF830043
S31500006BC000070F0810101010180F07000000C0C0B3
S31500006BD020202020C0800000001F3F604040402051
S31500006BE010FFFE0000000C1C101010080F03000020
S31500006BF0000000000000000000000000000000008F
S31500006C00000E0E0E0000000000000000001C1C1C00
S31500006C10000000000000000000000000000000006E
S31500006C2000000000000C0C00000000000000000046
S31500006C30005838000000000000000000000000803E
S31500006C4040201000000010284482010000000000CF
S31500006C50000000000000010204081000000000000F
S31500006C600000000000000000008484848484848482
S31500006C708484840000000000000000000000000082
S31500006C80000010204080000000000000000000000E
S31500006C9000000182442810000000100804020100D0
S31500006CA00000000000C020201010101030E0C000CE
S31500006CB00003030000F010080C07030000000000AA
S31500006CC01C1C1C0000000000000000C040602020CA
S31500006CD02040C00000FCFF01F00E03C1FE03807FD0
S31500006CE00001070E0811111011090402000000002E
S31500006CF080E0E000000000000000807C4340477F09
S31500006D00F880000010181F1000000000131F1C1050
S31500006D1020E0E02020202060C080000000FFFF105F
S31500006D20101010182FE78000101F1F1010101010E1
S31500006D30180F0700000080C0402020202060E000DF
S31500006D4000FCFF0100000000000001000001070E2A
S31500006D50181010100804030020E0E0202020204036
S31500006D60C080000000FFFF000000000001FFFE00E1
S31500006D70101F1F10101018080E07010020E0E02059
S31500006D80202020202060800000FFFF101010107CC3
S31500006D9000000000101F1F10101010101018060021
S31500006DA020E0E020202020206060800000FFFF100F
S31500006DB01010107C00000100101F1F1000000000C2
S31500006DC000000000000080C06020202040E000009D
S31500006DD000FCFF0100004040C0C140400001070E1A
S31500006DE0181010100F0F000020E0E0200000000037
S31500006DF020E0E02000FFFF101010101010FFFF0031
S31500006E00101F1F1000000000101F1F100000202080
S31500006E1020E0E020202000000000000000FFFF002E
S31500006E200000000000001010101F1F1010100000BE
S31500006E3000000000202020E0E020202000000000CC
S31500006E40000000FFFF0000000060E0808080C07F3F
S31500006E503F00000020E0E020000020A0602020008D
S31500006E6000FFFF30187CE3C000000000101F1F1059
S31500006E70000001131F1C181020E0E0200000000095
S31500006E800000000000FFFF000000000000000000FE
S31500006E90101F1F10101010101018060020E0E0E060
S31500006EA000000000E0E0E02000FF013FFEC0E01E21
S31500006EB001FFFF00101F1000031F0300101F1F100B
S31500006EC020E0E0C0000000000020E02000FF0003FA
S31500006ED0071C78E08000FF00101F10000000000073
S31500006EE0030F1F00000080C060202060C0800000EB
S31500006EF000FEFF010000000000FFFE000001070E7B
S31500006F00181010180C07010020E0E0202020202097
S31500006F1060C0800000FFFF2020202020301F0F00CF
S31500006F20101F1F100000000000000000000080C0BD
S31500006F3060202060C080000000FEFF01000000000D
S31500006F4000FFFE000001070E1111133C7C672100B3
S31500006F5020E0E0202020202060C0800000FFFF10FD
S31500006F601030F0D0080F0700101F1F10000000039C
S31500006F700F1C10100080C060202020204040E00040
S31500006F8000070F0C1818303060E08100001F0C0855
S31500006F9010101010180F07008060202020E0E0205D
S31500006FA0202060800100000000FFFF0000000001BB
S31500006FB000000000101F1F100000000020E0E0206D
S31500006FC0000000000020E02000FFFF00000000009D
S31500006FD00000FF0000070F1810101010100807001F
S31500006FE02060E0E02000000020E060200000077F35
S31500006FF0F88000807C03000000000000071F1C07CB
S315000070000000000020E0E02000E0E0200020E0207A
S315000070100007FFF8E01FFFFCE01F00000000031F51
S315000070200300011F03000000002060E0A000002014
S31500007030E0602000000000038F7CF8C6010000001D
S315000070400010181E130001171F1810002060E0E042
S315000070502000000020E06020000001073EF8E01854
S315000070600700000000000010101F1F101000000095
S3150000707000806020202020A0E0E02000000000002A
S31500007080C0F03E0F0300000000101C1F1710101068
S31500007090101806000000000000FC040404040400AC
S315000070A00000000000FF00000000000000000000DB
S315000070B0007F404040404000000010E0000000001B
S315000070C00000000000000000031C608000000000BB
S315000070D000000000000000030C70800000000404A3
S315000070E0040404FC0000000000000000000000FF93
S315000070F000000000000040404040407F00000000CB
S3150000710000000010080C040C08100000000000002D
S315000071100000000000000000000000000000000069
S315000071200000000000000000000000000000000059
S315000071300000000000000000000000008080808049
S315000071408080808080808080000000040408080021
S315000071500000000000000000000000000000000029
S315000071600000000000000000000000000000000019
S315000071700000000000000000000098D844642424A9
S31500007180FCF80000000F1F18101010081F1F101821
S315000071900020E0F000000000000000000000FFFFFB
S315000071A0180804040CF8F00000001F0F1810101047
S315000071B0180F03000000000000000000000000009F
S315000071C000E0F8180404043C3800000000030F0C2B
S315000071D0101010100806000000000000000000203B
S315000071E0E0F0000000E0F81C04040408FFFF0000C3
S315000071F000030F18101010081F0F080000000000F1
S3150000720000000000000000000000E0F8484444448C
S315000072104C7870000000030F0C18101010080400C2
S315000072200000000080C0602020E0C00000040404CC
S31500007230FFFF040404040000000010101F1F1010BC
S315000072401000000000000000000000000000000028
S31500007250000070F88C04048CF874040C007076CF6F
S315000072608D8D8D89C87870000020E0F00000000048
S31500007270000000000000FFFF08040404FCF8000002
S3150000728000101F1F100000101F1F1000000000003C
S3150000729000606000000000000000040404FCFC0024
S315000072A00000000000001010101F1F10101000003A
S315000072B00000000000000060600000000000000008
S315000072C0040404FCFC0000000000C0C08080C07FF5
S315000072D03F0000000020E0F0000000000000000079
S315000072E00000FFFF80C0F41C0404000000101F1FF4
S315000072F01100031F1C1010000000202020E0F000E9
S31500007300000000000000000000FFFF000000000079
S3150000731000001010101F1F101010000000000000C9
S31500007320000000000000000004FCFC0804FCFC084F
S3150000733004FCFC00101F1F10001F1F10001F1F1051
S315000073400000000000000000000000000004FCFC3B
S3150000735008080404FCF8000000101F1F10000010AD
S315000073601F1F1000000000000000000000000000C9
S3150000737000E0F0180C04040C18F0E00000030F0CF9
S31500007380101010100C0F0300000000000000000099
S31500007390000000000004FCFC080404040CF8F000E3
S315000073A00080FFFF889010101C0F030000000000F3
S315000073B0000000000000000000E0F81C04040408BF
S315000073C0F8FC000000030F1810109088FFFF8000E3
S315000073D0000000000000000000000000040404FC9F
S315000073E0FC100804040C0C001010101F1F101010C5
S315000073F00000000000000000000000000000000087
S3150000740000003078CCC48484840C1C0000001E1854
S3150000741010101011190F06000000000000C0000037
S315000074200000000000040404FFFF04040400000040
S31500007430000000000F1F1010100C000000000000DC
S3150000744000000000000000000004FCFE0000000434
S31500007450FCFE000000000F1F181010081F0F080088
S3150000746000000000000000000000000000040C3CCA
S31500007470FCC40000C43C0C0400000000010F1E0EFA
S3150000748001000000000000000000000000000000F5
S31500007490043CFCC400E47CFC84807C040000071FE0
S315000074A0070000071F0700000000000000000000A2
S315000074B0000000000004041C7CE4C0341C0404002A
S315000074C00010101C1601131F1C18100000000000ED
S315000074D0000000000000000000040C3CFCC400C4D6
S315000074E03C0404000000C080C1370E01000000000B
S315000074F000000000000000000000000000001C0466
S3150000750004C4F47C1C0400000000101C1F1711109A
S3150000751010180E0000000000000000F80C04000027
S3150000752000000000001028EF00000000000000002E
S315000075300000003F60400000000000000000FF0067
S3150000754000000000000000000000FF000000000036
S31500007550000000000000FF00000000000000040C16
S31500007560F80000000000000000000000EF281000F6
S3150000757000000000000040603F0000000000000026
S31500007580001806020204081020203008000000003F
S3150000759000000000000000000000000000000000E5
S315000075A000000000000000000000000000000000D5
S315000075B000000000000000F800000000000000339A
S315000075C03000000000100C06100C06000000000041
S315000075D00000000040C07840C0784000043F04042A
S315000075E03F040400007088FC08300000001820FFEB
S315000075F0211E0000F008F000E018000000211C0326
S315000076001E211E0000F00888700000001E212324A1
S315000076101927211010160E000000000000000000BF
S3150000762000000000000000E018040200000000074F
S315000076301820400000020418E00000000040201856
S3150000764007000000404080F0804040000202010F29
S3150000765001020200000000F0000000000101011F0D
S3150000766001010100000000000000000080B0700071
S315000076700000000000000000000000000001010101
S315000076800101010100000000000000000030300090
S31500007690000000000000000080601804006018066A
S315000076A00100000000E010080810E000000F1020A4
S315000076B020100F00001010F8000000000020203FEE
S315000076C02020000000700808088870000030282478
S315000076D02221300000300888884830000018202019
S315000076E020110E000000C02010F80000000704243E
S315000076F0243F240000F80888880808000019212083
S3150000770020110E0000E0108888180000000F1120DC
S3150000771020110E0000380808C83808000000003F95
S31500007720000000000070880808887000001C2221F4
S3150000773021221C0000E010080810E00000003122A1
S3150000774022110F00000000C0C00000000000003041
S315000077503000000000000080000000000000806093
S315000077600000000000008040201008000001020414
S3150000777008102000404040404040400004040404FB
S3150000778004040400000810204080000000201008B7
S3150000779004020100007048080808F00000000030EC
S315000077A036010000C030C828E810E000071827247A
S315000077B023140B000000C038E0000000203C230228
S315000077C00227382008F8888888700000203F20208B
S315000077D020110E00C03008080808380007182020BD
S315000077E02010080008F808080810E000203F2020B4
S315000077F020100F0008F88888E8081000203F202095
S315000078002320180008F88888E8081000203F200088
S3150000781003000000C03008080838000007182020C0
S31500007820221E020008F808000008F808203F21017F
S3150000783001213F20000808F8080800000020203F2A
S315000078402020000000000808F8080800C08080809A
S315000078507F00000008F888C028180800203F200193
S315000078602638200008F8080000000000203F2020ED
S315000078702020300008F8F800F8F80800203F003F04
S31500007880003F200008F830C00008F808203F20001C
S3150000789007183F00E01008080810E0000F1020202D
S315000078A020100F0008F808080808F000203F210102
S315000078B001010000E01008080810E0000F18242459
S315000078C038504F0008F8888888887000203F2000CC
S315000078D0030C302000708808080838000038202182
S315000078E021221C00180808F8080818000000203F8C
S315000078F02000000008F808000008F808001F2020F3
S3150000790020201F000878880000C8380800000738C3
S315000079100E010000F80800F80008F800033C070014
S31500007920073C0300081868808068180820302C037C
S31500007930032C30200838C800C83808000000203F53
S315000079402000000010080808C83808002038262142
S3150000795020201800000000FE020202000000007F46
S3150000796040404000000C30C0000000000000000154
S315000079700638C00000020202FE000000004040403F
S315000079807F00000000000402020204000000000064
S3150000799000000000000000000000000080808080E1
S315000079A080808080000202040000000000000000C9
S315000079B00000000000008080808000000019242262
S315000079C022223F2008F8008080000000003F11209E
S315000079D020110E000000008080800000000E1120A3
S315000079E020201100000000808088F800000E112081
S315000079F020103F200000808080800000001F22228F
S31500007A0022221300008080F0888888180020203FFA
S31500007A10202000000000808080808000006B94940D
S31500007A209493600008F8008080800000203F2100C9
S31500007A3000203F2000809898000000000020203F92
S31500007A4020200000000000809898000000C0808080
S31500007A50807F000008F8000080808000203F24021C
S31500007A602D302000000808F8000000000020203F0C
S31500007A70202000008080808080808000203F2000C1
S31500007A803F20003F8080008080800000203F210052
S31500007A9000203F200000808080800000001F202002
S31500007AA020201F00808000808000000080FFA12031
S31500007AB020110E000000008080808000000E112042
S31500007AC020A0FF80808080008080800020203F21D1
S31500007AD02000010000008080808080000033242484
S31500007AE024241900008080E0808000000000001F30
S31500007AF0202000008080000000808000001F2020E1
S31500007B0020103F20808080000080808000010E30A1
S31500007B100806010080800080008080800F300C0302
S31500007B200C300F0000808000808080000020312E05
S31500007B300E312000808080000080808080818E70E1
S31500007B401806010000808080808080000021302C93
S31500007B502221300000000000807C020200000000AC
S31500007B60003F404000000000FF0000000000000051
S31500007B70FF0000000002027C800000000040403F41
S31500007B8000000000000601010202040400000000DB
S31500007B9000000000000000000000000000000000DF
S31500007BA00000FC000000000002000000000C020CB7
S31500007BB0020000000000000090D0BCD0BC90000382
S31500007BC0000300001824FE448C0003020702010093
S31500007BD01824D8B04C80000300010201C038E438F4
S31500007BE0E000010202010202080600000000000097
S31500007BF000000000000000F804020000000102047A
S31500007C00000204F800000004020100009060F86021
S31500007C1090000000010000002020FC202000000051
S31500007C20010000000000000000000806000000003F
S31500007C30202020202000000000000000000000009E
S31500007C4000000002000000000080601C0200040327
S31500007C5000000000F8040404F8000102020201001A
S31500007C600008FC00000000020302000018844424FF
S31500007C70180003020202020008042424D8000102AC
S31500007C800202010040B088FC8000000000030200F0
S31500007C903C242424C400010202020100F824242CFE
S31500007CA0C0000102020201000C04E41C04000000F2
S31500007CB003000000D8242424D80001020202010097
S31500007CC038444444F800000302020100000010009A
S31500007CD0000000000200000000002000000000007C
S31500007CE00600000000205088040200000000010287
S31500007CF09090909090000000000000000002048820
S31500007D0050200002010000001804C42418000000DE
S31500007D1002000000F804E494F800010202020200E6
S31500007D2000E09CF0800002030000030204FC24240F
S31500007D30D800020302020100F80404040C00010248
S31500007D400202010004FC0404F8000203020201001E
S31500007D5004FC24740C0002030202030004FC2474D5
S31500007D600C00020302000000F0080444CC400001AD
S31500007D700202010004FC2020FC04020300000302AE
S31500007D800404FC040400020203020200000404FCD2
S31500007D90040406040403000004FC24D00C040203BB
S31500007DA00200030204FC04000000020302020203B4
S31500007DB0FC3CC03CFC0003000300030004FC30C490
S31500007DC0FC04020302000300F8040404F8000102A4
S31500007DD00202010004FC2424180002030200000031
S31500007DE0F8848404F80001020207050004FC2464F8
S31500007DF09800020302000302182424448C000302A4
S31500007E00020201000C04FC040C0000020302000044
S31500007E1004FC0000FC04000102020100047C80E076
S31500007E201C040000030000001CE03CE01C000003F2
S31500007E3000030000049C609C04000203000302008F
S31500007E40041CE01C04000002030200000C84641CF5
S31500007E5004000203020203000000FE02020000000A
S31500007E6007040400000E30C00000000000010200FC
S31500007E70000202FE000000040407000000040204E1
S31500007E8000000000000000000000000000000808DC
S31500007E9008080808000002000000000000000000BA
S31500007EA00040A0A0C00000010202030204FC202042
S31500007EB0C00000030202010000C020206000000193
S31500007EC00202020000C02024FC000001020203029C
S31500007ED000C0A0A0C0000001020202000020F82499
S31500007EE024040002030202000040A0A06020000754
S31500007EF00A0A0A0404FC2020C0000203020003024E
S31500007F000020E4000000000203020000000020E45C
S31500007F10000008080807000004FC80E02020020397
S31500007F20020003020404FC00000002020302020035
S31500007F30E020E020C00003000300030020E0202032
S31500007F40C00002030200030200C02020C00000019E
S31500007F500202010020E02020C000080F0A020100F2
S31500007F6000C02020E0000001020A0F0820E04020A7
S31500007F7020000203020000000060A0A02000000212
S31500007F80020203000020F8200000000001020200A7
S31500007F9020E00020E00000010202030220E0208031
S31500007FA060200000030100006080E08060000003A4
S31500007FB0000300002060806020000203000302002E
S31500007FC020E0208060200808070100000020A06053
S31500007FD02000000203020200000020DE0200000072
S31500007FE000070400000000FF00000000000F000072
S31500007FF00002DE2000000004070000000201020467
S315000080000402000000000000000000000000000064
S31500008010002F000000000700070000147F147F14E3
S3150000802000242A7F2A120062640813230036495569
S31500008030225000000503000000001C224100000041
S3150000804041221C000014083E08140008083E0808D7
S31500008050000000A060000008080808080000606032
S315000080600000002010080402003E5149453E000071
S31500008070427F4000004261514946002141454B3153
S31500008080001814127F10002745454539003C4A491F
S315000080904930000171090503003649494936000691
S315000080A04949291E000036360000000056360000F9
S315000080B00008142241000014141414140000412274
S315000080C0140800020151090600324959513E007C4C
S315000080D01211127C007F49494936003E4141412236
S315000080E0007F4141221C007F49494941007F09091F
S315000080F00901003E4149497A007F0808087F0000CF
S31500008100417F4100002040413F01007F0814224189
S31500008110007F40404040007F020C027F007F040841
S31500008120107F003E4141413E007F09090906003E9D
S315000081304151215E007F09192946004649494931C6
S315000081400001017F0101003F4040403F001F2040E9
S31500008150201F003F4038403F0063140814630007A7
S315000081600870080700615149454300007F414100FE
S3150000817000552A552A55000041417F00000402019E
S31500008180020400404040404000000102040000207C
S3150000819054545478007F48444438003844444420BA
S315000081A000384444487F00385454541800087E0967
S315000081B001020018A4A4A47C007F0804047800002F
S315000081C0447D4000004080847D00007F10284400EC
S315000081D00000417F4000007C04180478007C0804FD
S315000081E0047800384444443800FC24242418001839
S315000081F0242418FC007C0804040800485454542025
S3150000820000043F444020003C4040207C001C2040AD
S31500008210201C003C4030403C004428102844001CF0
S31500008220A0A0A07C004464544C44141414141414E8
S31500008230090200000C000C010C020C0300000000F7
S3150000824000000000750200000000000050820000DF
S3150000825000010000080000200F00FFFF00000000E2
S31500008260FFFF0000000000004054890000000000ED
S3150000827020AA4400000204002503000000000000BC
S3150000828084820000000000000000000000000000E2
S3150000829000000000000000000000000000000000D8
S315000082A0000000000000FFFFDFDF0000000000000C
S315000082B000000000000000000000000000000000B8
S315000082C0040200000C050C060C070C080000000058
S315000082D000000000DD02000000000000E082000057
S315000082E0000100000C0000200F00FFFF000000004E
S315000082F0FFFF000000000000801A06003C0000009E
S31500008300010C090A0B0C0000000000000000000030
S3150000831049030000000000001C8300000101011653
S315000083201700000009000000308300000000000074
S31500008330000001000801000000000105090100001D
S31500008340000001050A010000040000000C01000005
S3150000835010000104060200001000010407020000DC
S3150000836000000100000300000004010707040000EC
S315000083700004010708040000B601B701B801B901FD
S31500008380C600980199019A019B017300740075005B
S315000083907600FFFF020403040404FFFF010002004D
S315000083A008001000494E4600696E66004E414E00B8
S315000083B06E616E003000303132333435363738393D
S315000083C0414243444546003031323334353637383E
S315000083D03961626364656600496E66696E697479BF
S315000083E0004E614E005245454E54206D616C6C6FD7
S315000083F06320737563636565646564002F646174E7
S31500008400612F6A656E6B696E732F776F726B73700F
S315000084106163652F474E552D746F6F6C6368616994
S315000084206E2F61726D2D31332F7372632F6E6577E8
S315000084306C69622D63796777696E2F6E65776C69F3
S31500008440622F6C6962632F7374646C69622F647443
S315000084506F612E630042616C6C6F6320737563639A
S315000084606565646564002F646174612F6A656E6B6F
S31500008470696E732F776F726B73706163652F474EEA
S31500008480552D746F6F6C636861696E2F61726D2D07
S3150000849031332F7372632F6E65776C69622D637942
S315000084A06777696E2F6E65776C69622F6C69626398
S315000084B02F7374646C69622F6D707265632E63002E
S315000084C0232D302B2000686C4C00656667454647B7
S315000084D0004300504F534958002E00FF050000008E
S315000084E0190000007D0000000080E03779C3414399
S315000084F0176E05B5B5B89346F5F93FE9034F384D04
S31500008500321D30F94877825A3CBF737FDD4F1575AF
S31500008510000000000000F03F0000000000002440C2
S3150000852000000000000059400000000000408F409D
S31500008530000000000088C34000000000006AF84008
S315000085400000000080842E4100000000D01263412C
S315000085500000000084D797410000000065CDCD41A2
S31500008560000000205FA00242000000E87648374283
S31500008570000000A2941A6D42000040E59C30A24221
S315000085800000901EC4BCD64200003426F56B0C4396
S315000085900080E03779C3414300A0D885573476433D
S315000085A000C84E676DC1AB43003D9160E458E1439E
S315000085B0408CB5781DAF154450EFE2D6E41A4B4413
S315000085C092D54D06CFF08044F64AE1C7022DB54458
S315000085D0B49DD9794378EA44002020202020202029
S315000085E0202028282828282020202020202020205D
S315000085F0202020202020202020881010101010106D
S3150000860010101010101010101004040404040404B8
S315000086100404041010101010101041414141414152
S315000086200101010101010101010101010101010134
S315000086300101010110101010101042424242424244
S315000086400202020202020202020202020202020204
S3150000865002020202101010102000000000000000AC
S315000086600000000000000000000000000000000004
S3150000867000000000000000000000000000000000F4
S3150000868000000000000000000000000000000000E4
S3150000869000000000000000000000000000000000D4
S315000086A000000000000000000000000000000000C4
S315000086B000000000000000000000000000000000B4
S315000086C000000000000000000000000000000000A4
S315000086D0000000000000000000FFFFFF1000000087
S315000086E000000000017A5200027C0E011B0C0D00F6
S315000086F01000000018000000E4B4FFFF10000000A6
S30D0000870000000000000000006B
S3150000870840420F0001000000440020AD440020ADA7
S315000087180000000003000000FC0D002020000020DF
S3150000872800000000FC0D0020640E0020CC0E002086
S31500008738000000000000000000000000000000002B
S31500008748000000000000000000000000000000001B
S31500008758000000000000000000000000000000000B
S3150000876800000000000000000000000043000000B8
S3150000877800000000000000000000000000000000EB
S315000087880000000000000000000000004300000098
S3150000879800000000000000000000000000000000CB
S315000087A80000000000000000000000004300000078
S315000087B800000000000000000000000000000000AB
S315000087C80000000000000000000000004300000058
S315000087D8000000000000000000000000000000008B
S315000087E80000000000000000000000004300000038
S315000087F8000000000000000000000000000000006B
S315000088080000000000000000000000004300000017
S31500008818000000000000000000000000000000004A
S3150000882800000000000000000000000043000000F7
S31500008838000000000000000000000000000000002A
S31500008848000000000000000000000000E5590000DC
S315000088586559000000000000D8850000D984000092
S31500008868C5840000C5840000C5840000C5840000D6
S31500008878C5840000C5840000C5840000C5840000C6
S31500008888C5840000FFFFFFFFFFFFFFFFFFFFFFFF9D
S31500008898FFFF000001004153434949000000000062
S315000088A800000000000000000000000000000000BA
S315000088B80000000000004153434949000000000041
S315000088C8000000000000000000000000000000009A
S315000088D80000000000000000E1000000B9000000F0
S3150100A100FFFFFFFFFFFFFFFFFFFFFFFFFFFFFFFF58
S3090100A134FFFFFFFF24
S3150100A200FFFDFFFFFFFFFFFFFFFFFFFFFFFFFFFF59
S3150100A210FFFFFFFFFFFFFFFFFFFFFFFFFFFFFFFF47
S3150100A220FFFFFFFFFFFFFFFFFFFFFFFFFFFFFFFF37
S3150100A230FFFFFFFFFFFFFFFFFFFFFFFFFFFFFFFF27
S3150100A240FFFFFFFFFFFFFFFFFFFFFFFFFFFFFFFF17
S3150100A250FFFFFFFFFFFFFFFFFFFFFFFFFFFFFFFF07
S3150100A260FFFFFFFFFFFFFFFFFFFFFFFFFFFFFFFFF7
S3150100A270FFFFFFFFFFFFFFFFFFFFFFFFFFFFFFFFE7
S3150100A280F8F8FFFFFFFFFFFFFFFFFFFFFFFFFFFFE5
S3150100A290FFFFFFFFFFFFFFFFFFFFFFFFFFFFFFFFC7
S3150100A2A0FFFFFFFFFFFFFFFFFFFFFFFFFFFFFFFFB7
S3150100A2B0FFFFFFFFFFFFFFFFFFFFFFFFFFFFFFFFA7
S3150100A2C0FFFFFFFFFFFFFFFFFFFFFFFFFFFFFFFF97
S7050000247165
