S02400005241344D325F4D494E495F494F545F50726F6A656374315F31385F312E7372656324
S31500000000008B0120792E0000AD2C0000752E00001B
S31500000010752E0000752E0000752E0000752E00004E
S31500000020000000000000000000000000752E000027
S31500000030752E000000000000752E0000752E0000D1
S3150000004035150000A9140000C51500000D160000A6
S315000000508123000035150000A9140000C515000015
S315000000600D160000391C0000CD1D0000ED1E00001D
S31500000070CD1F0000812300002D2A00000348044BF9
S31500000080834202D0034B03B118477047E0010020BA
S31500000090E001002000000000064B0749C91A89103C
S315000000A048BF0131491003D0044B0BB10148184732
S315000000B0704700BFE0010020E001002000000000C2
S315000000C010B5064C237843B9FFF7D8FF044B13B19C
S315000000D00448AFF300800123237010BD0002002006
S315000000E000000000FCA3000008B5054B1BB1054944
S315000000F00548AFF30080BDE80840FFF7CDBF00BF5D
S315000001000000000004020020FCA300002DE9F04FCF
S315000001100024544BADF5197D03F59C319A1C0392CE
S31500000120803133F8022F8B421444FAD14E4804F042
S315000001307DFC42F228324D494D4804F00FFC4D49F2
S315000001404D4FA1FB0414C4F3CF3529463B4649F66F
S3150000015040424A4804F002FC42F22831434803F088
S3150000016083FB002866D049F6404650214FF4FA53E7
S31500000170434A019704A8009604F060FC1D2104A8D8
S3150000018003F0E0FB002866D04FF000084446C14665
S315000001903C4F47F6FF7E039B03EB090018ABA3EB2E
S315000001A009011FFA80FB04F580794B1C0288824600
S315000001B0521B1201BA42B8BF3A467245A8BF7246F0
S315000001C0C2F3072C01F8142003F814C00134A1452A
S315000001D000F1020001D0B442E8D1CBF10201514452
S315000001E018A889B203F0AEFB824668B308F101088D
S315000001F018F00F0F04D0B4420DD04FEA4409C8E7F7
S315000002004FEA4409434649461B4A1F4804F0A6FBE9
S31500000210B442BED105E0184A434611461A4804F0D6
S315000002209DFB4146194804F099FB50460DF5197D92
S31500000230BDE8F08F164804F0F9FB4FF0000A50466F
S315000002400DF5197DBDE8F08F4146124804F086FB96
S3150000025003F0E2FBF1E7104804F0E8FB03F0DCFBF7
S31500000260EBE700BF96040020087B0000247B00001B
S31500000270347B00005917B7D180380100447B000059
S315000002807C7B00000080FFFFCC7B0000F07B000041
S31500000290647B0000B07B0000947B00000379022B96
S315000002A002D10122014B1A70704700BF2041012084
S315000002B02DE9F047B2F1000982B019DD8A46002522
S315000002C0DFF83C800C4C0D4F01EB09061AF9013B97
S315000002D00122384601A9019300F0C2FEC8F80000C9
S315000002E000B100BE2378002BFCD056452570EDD119
S315000002F0484602B0BDE8F08720410120B045012004
S31500000300244101200379042B06D0022B00D070472C
S3150000031001220E4B1A70704740F2FE320C490B88D0
S3150000032093420FD84FF0000C10B4846809485A1C49
S31500000330C45493B200F803C00B8007485DF8044B21
S3150000034001F0F0BE044801F0EDBE00BF193D0120EA
S315000003501C3D0120203D0120E045012003793BB9E9
S315000003600123044A044912880B700AB1034A137028
S31500000370704700BF1C3D0120183D01201A3D012099
S315000003800122034B1A7008B102791A70704700BF38
S31500000390040000200379DBB910B521490A78012A47
S315000003A0D0B216D0042812D11E4C1F4B22681B68EF
S315000003B09A4217D21D4B22681D4833F8121002F0DC
S315000003C08BF81C4B1860F0B923680133236010BD0D
S315000003D0704749F63F42184C246894420ED8174B92
S315000003E0187010BD4FF40061114802F075F8114BFA
S315000003F0186070B90122124B1A7010BD02220F4804
S3150000040003700A7010BDBC210E4B0F4A0F4802F054
S3150000041019FCC6210B4B0C4A0C4802F013FC00BF1A
S31500000420940400208C040020280200209804002058
S31500000430B446012024410120900400201E02002021
S3150000044021020020187C0000148400002C7C00008F
S315000004500122014B1A7070471D0200202DE9F04F52
S31500000460A049A1488DB001F0ADFBA04C206030B191
S3150000047040F23F219E4B9F4A9F4802F0E3FB054610
S31500000480012600F05DFD00F057FC284600F0C0FB99
S31500000490284600F0C9FB00F04FFC102329462846E9
S315000004A0964A009600F026FD102328461946944ADF
S315000004B0009600F01FFD102320212846914A009641
S315000004C000F018FD00F0CAFB32464FF486718E48E4
S315000004D001F0EAF84FF47A71084602F0BBFB8B494B
S315000004E08B4800F007FE206030B140F25121804B6E
S315000004F0804A814802F0A6FB864804F097FA8649AE
S31500000500864801F08DFE206078B9844801F004FE2B
S315000005108349824801F028FE206068B140F25E21DE
S31500000520734B744A744802F08DFB4FF41671704B8E
S31500000530704A714802F086FB4FF47A71304602F039
S3150000054089FB7849784800F0D5FD2060A0B9774D41
S315000005502B7823B903F06EFA00282DD02E7074493B
S31500000560744801F05BFF206068B140F27E21604B69
S31500000570604A614802F066FB40F263215C4B5D4ACB
S315000005805D4802F05FFB6B4801F0AEFF206030B1C2
S3150000059040F28321564B574A574802F053FB6649AF
S315000005A0664801F03DFE206078B140F28D21504B47
S315000005B0504A514802F046FB614804F037FA4FF4BE
S315000005C07A71084602F046FBF9E75C4801F0A4FDA3
S315000005D05A4801F0ADFD4FF47A71142002F03AFB4F
S315000005E05849594802F088F9206030B140F2962106
S315000005F03F4B404A404802F025FB5449524802F01E
S315000006004DF8206030B140F29921394B394A3A48C9
S3150000061002F018FB4C4801F0DBFF4D4804F006FAE7
S31500000620DFF84881DFF8E090DFF844A1DFF844B155
S31500000630002148460DF1190201F024F89DF8193001
S3150000064033B99AF8003003F0FF05002B00F0538110
S3150000065098F800304BB1002349F63F4288F8003045
S31500000660DBF80010914240F296819AF80030022B96
S315000006701CD09AF80030032B7ED0364D2B78002BF9
S31500000680D6D000232D482B7001F040FD0546206092
S31500000690002840F0AC8103F0BFF92F488AF80050DB
S315000006A004F0C4F92D4804F0C1F9C1E7234801F06C
S315000006B02DFD2060002840F0A181DBF800102848BD
S315000006C004F04CF9FFF722FD0546002800F04981A9
S315000006D0244804F0ABF9244804F0A8F903238AF867
S315000006E00030C6E7F09E000030460120244101207C
S315000006F0187C0000088400002C7C0000407C000070
S31500000700507C0000587C0000A84501202C9E00006B
S31500000710B0450120607C0000609E0000E04501209D
S3150000072040548900BC9E0000004601201C020020A7
S31500000730B49F0000B4460120209F000070460120AF
S31500000740707C0000909F0000904601207C9F000076
S31500000750987C000021020020287F0000347D0000E4
S31500000760C47C0000E87C0000007D00001E02002022
S315000007709404002090040020002660223146AD48F3
S31500000780CDE90766CDE909660B9604F0D9FAAA48C1
S3150000079004F04CF96021A94AA64802F0EFFF0028B0
S315000007A000F01981A349A64804F0D8F80BAB0293D0
S315000007B00AAB019309AB0093A2499E4808AB07AA6E
S315000007C004F090F9052840F00A81079BB3F5FA5F1B
S315000007D040F0D280089B102B40F0CE80099B012B65
S315000007E040F0CA8049F63F430A9A511E994200F2E8
S315000007F0C3800B9BB3EB420F40F0BE801946924A72
S31500000800924D1670924F934A2E6016703E60059672
S31500000810914E059B994240F2FF80059B8E48C91A6E
S31500000820B1F5007F28BF4FF40071002389B2ADF8FF
S315000008301A300DF11A0242F2107302F095FD0028EB
S3150000084000F06A81BDF81A00002800F061817E4B35
S315000008501A78E2B149F63F432A689A4200F2C38009
S315000008607C4B32781B7843EA02231BB22A68002BA2
S3150000087002F10101B8BF0F3329601B11774903F557
S31500000880006321F8123000236F4A1370012249F6E3
S315000008903F4C049018E02968614500F2A480F15CA1
S315000008A0B35C6E4843EA01231BB2002B2968B8BF2C
S315000008B00F331B1101F1010E03F500630232C5F877
S315000008C000E020F8113092B20499531C8B42E2D317
S315000008D09142084605D9B35C5E4A137001235A4A11
S315000008E01370059B0B9A034419465D48059304F063
S315000008F035F80B998DE74FF47A71142002F0AAF9B6
S31500000900294648460DF1190200F0BCFE9DF8191063
S3150000091000297FF49DAE534BCBF800101960524B63
S31500000920524A4E4888F80010197004F009FA5048E7
S3150000093004F07CF801234F488AF8003001F0F2FBFE
S315000009402060002861D14B4801F0E6FB20600028BA
S315000009503FF47EAE40F2BF21474B484A484802F07A
S3150000096071F9484804F062F803F056F846488AF8E8
S31500000970005004F05BF87CE6444804F057F844481D
S3150000098004F054F803F048F800233F488AF8003092
S3150000099004F04CF871E6344D3E48ADF82C302B701F
S315000009A001F016FE2B78002BFCD00B2139480BAA40
S315000009B001F014FE2060002840F09180DBF8002052
S315000009C0DBF80030BDF82C100133CBF80030234B98
S315000009D023F8121049E6304804F028F8CFE72F48EC
S315000009E004F024F8CBE72E4804F020F8C7E740F2DD
S315000009F02231214B214A224802F024F940F2E32118
S31500000A001D4B1E4A1E4802F01DF94FF42F711A4B5A
S31500000A101A4A1B4802F016F90B4B1E78002E73D1AA
S31500000A202B680A9A93423FD029681E4803F096FF26
S31500000A30A5E700BF2C020020547D0000C0D40100B1
S31500000A40947D0000A87D00002002002024020020E2
S31500000A50280200201F0200208C020020980400209B
S31500000A605C7E00008C0400201D02002080380100FE
S31500000A70A47C000070460120187C00000884000059
S31500000A802C7C00001C7D0000347D0000E47D00000D
S31500000A90087F000090460120747D0000C47D0000A0
S31500000AA0407E0000A07E00002B681D483B60396830
S31500000AB003F054FF04231B4A1B4D1C4816602E707E
S31500000AC08AF8003001F02EFB2060B0B9174801F01B
S31500000AD023FB206050B9164803F0A8FFCEE540F28C
S31500000AE0D721144B144A154802F0ACF840F20D31E8
S31500000AF0104B114A114802F0A5F840F20A310D4B8D
S31500000B000D4A0E4802F09EF80D4803F08FFF36E7B7
S31500000B100C4803F08BFF32E70B4803F087FF2EE704
S31500000B20C87E00008C0400202102002070460120AF
S31500000B30EC7E0000187C0000088400002C7C00007D
S31500000B407C7E0000247E0000087E0000022800D083
S31500000B5070470249024800F081BE00BFC49F0000F2
S31500000B60A845012070B5224E04460D4601223C21BF
S31500000B70204882B000F07CFE336863BBADF80430D9
S31500000B802DBB012302221B4801A98DF8054000F068
S31500000B901DFF306028BB184D184C2A78032A10D048
S31500000BA0236809E00121642002F054F823682A78BA
S31500000BB0013B032A236004D0002BF3DC012A00D179
S31500000BC000BE01230E4A2B70226002B070BD402386
S31500000BD08DF80430D5E766210A4B0B4A0B4802F024
S31500000BE031F86F21074B084A084802F02BF800BF7E
S31500000BF0244101203046012004000020000000208E
S31500000C00A0860100187C000034840000447F0000A8
S31500000C1030B1012800D070470021A720FFF7A2BFFE
S31500000C200146A620FFF79EBF10B5044660B1012815
S31500000C3000D010BD0021C020FFF794FFBDE8104092
S31500000C400021A120FFF78EBF0146C820FFF78AFFCB
S31500000C502146BDE81040A020FFF784BF2DE9F047EC
S31500000C602D4E402334464FF00108A2B02B4D0836D6
S31500000C708DF80430C4F1B00738190021C0B2FFF76F
S31500000C8071FF00210846FFF76DFF00211020FFF7D6
S31500000C9069FF002301AA14F833100133802B02F8F0
S31500000CA0011FF8D101223C21284600F0E1FD012375
S31500000CB08122284601A900F089FE38BBDFF8709032
S31500000CC0DFF870A099F80020032A14D0DAF8003073
S31500000CD00CE00121642001F0BDFFDAF8003099F83C
S31500000CE00020013B032ACAF8003004D0002BF0DCB8
S31500000CF0012A00D100BE0A4B0134B44289F80080B3
S31500000D00CAF80030B8D122B0BDE8F087BE21054B45
S31500000D10054A064801F096FF284101203046012089
S31500000D20A0860100187C000024840000447F000097
S31500000D30040000200000002000200A4BA3F1080256
S31500000D4003F5806143F8080C08338B42FAD1002181
S31500000D50054B02F20C4243F8081C08339A42FAD1BA
S31500000D60FFF77CBF3041012034410120012310B53B
S31500000D700C4C01F0070E04EBC00C03FA0EF3C90885
S31500000D801CF801C0C000DBB22AB143EA0C0C0444D3
S31500000D9004F801C010BD2CEA030C044404F801C099
S31500000DA010BD00BF284101202DE9F04F203A89B03F
S31500000DB0082B9DF84880D4B24FEA530C00F08A8085
S31500000DC013F0070218BF012202EBD30212FB0CF24A
S31500000DD012F0FF0A4AD0434A434F02EB041909EBCB
S31500000DE00A02DFF80CE10392404A04EB440504EBE7
S31500000DF0C40402EB850A07EB450B0EEB840EA3F148
S31500000E000802059376464B46D146DA468346CDE937
S31500000E1006C00492049A102A28D8DFE802F05E275A
S31500000E2027274F2727274A272727272727272A0025
S31500000E30059A0BF10100082ADDE900312C465FFA1C
S31500000E4080FB03F101030AF1010A06F1010609F12B
S31500000E50010939D0079A0698ABEB0205854208BF0F
S31500000E609346039A08BF21469342D3D109B0BDE801
S31500000E70F08F01F10802357802922C46CDE9003157
S31500000E800D469DF808700AE0424629465846FFF787
S31500000E906DFF691CCDB2BD424FEA5404C8D0E307CA
S31500000EA0F2D4B8FA88F2294658465209FFF75EFF8F
S31500000EB0EFE701F108021D780292DEE701F1080270
S31500000EC099F800500292D8E7039A9342CED09AF846
S31500000ED00050D2E74FF0060A7DE701F108020292C0
S31500000EE0F5E700BFA0910000049C00009097000069
S31500000EF0448400002DE9F043154612789946A2F184
S31500000F00200383B05E2B9DF8287015D804460E4644
S31500000F104FEA590820464B4631460097FFF744FFF3
S31500000F2015F8012FB9F1080FA2F120000CBF063405
S31500000F3044445E28E4B2EDD903B0BDE8F08300BFB7
S31500000F4008B50021AE20FFF70DFE00210846FFF789
S31500000F5009FE00211020FFF705FE0021B020FFF753
S31500000F6001FE00218120FFF7FDFD00215F20FFF734
S31500000F70F9FD00212020FFF7F5FD00210220FFF7F3
S31500000F80F1FD0021A120FFF7EDFD0021C020FFF7B4
S31500000F90E9FD0021A420FFF7E5FD0021A620FFF7CB
S31500000FA0E1FD0021A820FFF7DDFD00213F20FFF72E
S31500000FB0D9FD0021D320FFF7D5FD00210846FFF714
S31500000FC0D1FD0021D520FFF7CDFD00218020FFF7C0
S31500000FD0C9FD0021D920FFF7C5FD00212220FFF71A
S31500000FE0C1FD0021DA20FFF7BDFD00211020FFF72B
S31500000FF0B9FD0021DB20FFF7B5FD00213020FFF70A
S31500001000B1FD00218D20FFF7ADFD00217220FFF715
S31500001010A9FD00200D4BA3F1080203F5806143F8FA
S31500001020080C08338B42FAD10021094B02F20C421C
S3150000103043F8081C08339A42FAD1FFF70FFEBDE8C1
S3150000104008400021AF20FFF78DBD00BF30410120D1
S315000010503441012008B5FFF701FA002008BD00BFA2
S3150000106010B4046AA37803F07B03A3708378046A40
S3150000107003F00303D21A0B44C0E90332A37843F00A
S315000010808003A370837803F00303022B06D0036A60
S315000010900A780020DA705DF8044B70470B88026A04
S315000010A043F47E43D38100205DF8044B704700BFB4
S315000010B0F0B5846A85B005460F4694466E46B4B1CF
S315000010C094E80F0086E80F00EB6920461B78A760BE
S315000010D0236084F804C0EB6AE3606B6A9847AC6AE5
S315000010E01CB196E80F0084E80F0005B0F0BD344649
S315000010F0EAE700BF012203460878824012F0060F95
S3150000110005D0CA6952681278120700F1CB81002215
S315000011104FF0010C00F580002DE9F04100F58C50F0
S315000011200002C3E907101A704D6998785D628D69EF
S315000011306CF30100C3E90A2598704878D44C9042B4
S3150000114014BF65460225987865F30100987091F9F9
S315000011500B5091F80AE0680905F01F0620300CFADA
S3150000116006F644F82060BFF34F8FBFF36F8FC94870
S3150000117005F1C00650F8267062F3104740F8267055
S3150000118050F82660C44E4FEA0E1E67195FFA8EFEAF
S3150000119087F800E346F8253091F9055091F804E008
S315000011A06F0905F01F0820370CFA08F844F8278065
S315000011B0BFF34F8FBFF36F8F05F1C00750F827803D
S315000011C062F3104840F8278050F827704FEA0E1E49
S315000011D067195FFA8EFE87F800E346F8253091F925
S315000011E0075091F806E06F0905F01F0820370CFA42
S315000011F008F844F82780BFF34F8FBFF36F8F05F1D0
S31500001200C00750F8278062F3104840F8278050F84E
S3150000121027704FEA0E1E67195FFA8EFE87F800E305
S3150000122046F8253091F9095091F808E06F0905F064
S315000012301F0820370CFA08F844F82780BFF34F8FB1
S31500001240BFF36F8F05F1C00750F8278062F310488F
S3150000125040F8278050F827004FEA0E10C0B22C4401
S3150000126084F8000346F82530EFF310868CF31088D7
S315000012704FF000450C788948E540446824EA0504A7
S315000012804460406886F31088186A8270186A027192
S31500001290186A4272186A8272186AC272186A42839F
S315000012A040F2192208780CFA00FC1CEA020F02D060
S315000012B040201A6AD0740625012240F219201C6AC1
S315000012C025770C78A240024240F0CA80CA78487856
S315000012D08C78D200032842EA041200F0D580002858
S315000012E00CBFE220F2201C6AD2B222701A6A9071F8
S315000012F0CC69227B082A00F0C380186A520002F0EB
S315000013000202427300256278A078D201400100F003
S315000013102000D2B20243186A0572207802380128EA
S31500001320186A40F2A280D2B2C27160681A6A8478E2
S3150000133054704578147865F301041470C478947475
S31500001340D479007804F0A30400F05C002043D07147
S315000013500020C3E90300C3E90500DC694D4A94F99E
S315000013600540CD6904F1C00152F8216095F800C02E
S3150000137060F3104642F821600CF0030C52F821107D
S31500001380BFF35F8F4FF0010E6109890004F01F045F
S3150000139001F1604101F561410EFA04F4C1F88041A2
S315000013A00C60D96991F90B4004F1C00152F8216033
S315000013B060F3104642F8216052F82110BFF35F8FA8
S315000013C06109890004F01F0401F160410EFA04F47A
S315000013D001F56141C1F880410C60D96991F9074076
S315000013E004F1C00152F8216060F3104642F8216012
S315000013F052F82110BFF35F8F6109890004F01F04C2
S3150000140001F160410EFA04F401F56141C1F8804131
S315000014100C60D96991F9091001F1C00452F82460F1
S3150000142060F3104642F8246052F82420BFF35F8F21
S315000014304A09920001F01F0102F160420EFA01F121
S3150000144002F56142C2F8801111601A6A4CF0700C04
S3150000145082F802C06989124A19815A60BDE8F08192
S315000014604FF478401A6A908230E7FF25457020785D
S31500001470022808BF42F01002186AD2B2C27167E7AA
S315000014800A201A6A50733DE7F22042F040022AE72A
S3150000149000E100E0006000400047012000400840F5
S315000014A05549435303207047EFF30383103B1F4A0C
S315000014B05BB203F1C00152F8210020F4803042F8FB
S315000014C0210052F821201A4A52F82300C3691B69E9
S315000014D083B1036903B17047026A0021937803F070
S315000014E07F0343F004039370436AC160C3B1802253
S315000014F0FFF7DEBD0369026A002BEED08378C16870
S3150000150003F00303022B0CD00B78D3708278D0E95A
S31500001510031302F003029B1A1144C0E90313D9E72F
S3150000152070470B8843F47E43D381EFE700600040A9
S315000015300047012010B582B0EFF30383103B1F4A2A
S315000015405BB203F1C00152F8210020F4803042F86A
S31500001550210052F821201A4A52F82340A27802F0BC
S315000015600303022B236A0CBF198A5979A3690CBF9E
S31500001570C1F30801C9B2019143B9636AB3B1042248
S31500001580204602B0BDE81040FFF792BD02F003020C
S3150000159001A9606903F053FCD4E90521A37803F09F
S315000015A003031A44C91AC4E9052109B102B010BDE2
S315000015B0636A002BFAD00122E2E700BF0060004018
S315000015C00047012010B5EFF303830E4A103B5CB2CF
S315000015D052F82400026A937803F07B039370436AFF
S315000015E01BB102220021FFF763FD074A04F1C00385
S315000015F052F8231021F4803142F8231052F8233098
S3150000160010BD00BF004701200060004010B5EFF399
S3150000161003831A4A103B5CB252F82400837803F025
S315000016200303022B036A0CBF198A597993F804C085
S315000016300CBFC1F30801C9B21CF0100F0CF0380240
S3150000164006D093F81CC01CF0010F08BF42F0400200
S3150000165093F804C00CF0C70C83F804C0436A0BB1BE
S31500001660FFF726FD064A04F1C00352F8231021F4C1
S31500001670803142F8231052F8233010BD0047012074
S315000016800060004010B40B0A064C1B0153FA81F1AE
S3150000169054F821300020C3F340035DF8044B137067
S315000016A0704700BF000808400120CBB2984080B2C6
S315000016B002B900040B0A5B0103F1804303F5002322
S315000016C098600020704700BF2DE9F84F0388DBB112
S315000016D082464FF0000B4FF00109DFF8D08000245E
S315000016E0304D4FEACB07DAF8043035F8022BD9191A
S315000016F0898891420AD00134032CF4D1BAF800301B
S315000017000BF1010B5B45EAD8BDE8F88FDB5909FA06
S3150000171004F603F0B853B3F1807FF6B298F8BB3401
S3150000172013D0334231D1204A04F1200612F8163084
S31500001730DB09E0D012F81630012123F08003C8201F
S3150000174002F8163001F086FAD5E7334211D0164A70
S3150000175004F1200112F81130DB09CCD112F8113056
S31500001760C82043F0800302F81130012101F072FA1B
S31500001770C1E7012001F034FB98F8BB340120334364
S3150000178088F8BB3401F0FCFAE1E7012001F028FB00
S3150000179098F8BB34012023EA060388F8BB3401F02D
S315000017A0EFFAC0E750A000000030084000E001401A
S315000017B0F8B50646FFF788FFEFF31082012383F39F
S315000017C01088234F3B681BB92249CB704023CB704E
S315000017D03B6801333B6082F31088338823B30021D2
S315000017E01D4D08E01B01134445F8234032880131A2
S315000017F08BB29A4218D9736853F8314003EBC10291
S315000018009288E0034FEA1223D2B2EBD502EB031023
S3150000181055F820E024F4803C2EF4803E45F820E084
S315000018201B0145F820C0DEE7EFF31082012383F3A6
S3150000183010883B6813B13B68013B3B603B681BB9B2
S3150000184080200449CB70C87082F31088F8BD00BFB1
S31500001850FC460120000D08400008084008B5034B6F
S3150000186003600846FFF7A4FF002008BD54524F50FE
S315000018700346002059601A72704700BF30B5836B6B
S3150000188083B004460A466D46A3B193E8030085E893
S315000018900300E16B1A7119601846636B9847A36BD6
S315000018A01BB195E8030083E80300002384F82B307E
S315000018B003B030BD2B46ECE730B5424B83B01B6A14
S315000018C001690193019B03F00F230193019A019D86
S315000018D00B7C90F82C4094B9C2F30322DBB2A2EB46
S315000018E0156293409B0804D1082003B030BD013B2C
S315000018F0FAD04A78D209FAD1B323CB710169002311
S3150000190090F82620846980F82720026880F82B301A
S31500001910C46180F82D3080F8283080F82E300362BC
S3150000192080F82F3080F83030546A227894F801E03D
S31500001930012A14BF4FF0040C4FF0050C6279120116
S3150000194042EA4E0294F806E042EACE124CEA02025D
S31500001950D2B2CA7001690A7942F010020A710169AD
S315000019600A7963F3C3020A7101690A7963F30412FF
S315000019700A710269E179137961F3C7131371026978
S31500001980537943F001035371036893F90F30002B29
S3150000199007DB012203F01F040B495B09A24041F853
S315000019A02320BF220369DA7190F82C302BB1002373
S315000019B080F82C30002003B030BD022203695A7033
S315000019C0F8E700BF00E0014000E100E090F808C041
S315000019D0C0E90512BCF1010F80F82A3008D10022B7
S315000019E0436880F826C05B0080F8243080F8252004
S315000019F0002380F82930FFF75FBF00BF2DE9F043D1
S31500001A004FF01F085F27DF260569DFF8B49185F8D8
S31500001A10008005694FF0000C2F7005694FF0B30E7A
S31500001A202E700568634A6E6A05693679624C46F01F
S31500001A30E0062E740568614B6E6A0569F67846F015
S31500001A40E0066E7405686E6A0569B678360106F0BA
S31500001A50700646F00806AE7005686E6A0569377846
S31500001A60012F777814BF0426052646EA4706F6B204
S31500001A70EE7005686E6805694E4514BF7726F72631
S31500001A806E71056985F806C0056985F807E04E7B25
S31500001A9091F9115036015719F6B287F8006344F8E8
S31500001AA0250005F1C00653F826706CF3104743F87D
S31500001AB0267053F82660BFF35F8F4FF0010E6E0954
S31500001AC0B60005EA080506F1604606F561460EFA17
S31500001AD005F5C6F8805135604E7B91F90F503601F9
S31500001AE05719F6B287F8006344F8250005F1C006D9
S31500001AF053F826706CF3104743F8267053F82660A7
S31500001B00BFF35F8F6E09B60005EA080506F1604669
S31500001B100EFA05F506F56146C6F8805135604E7B2E
S31500001B2091F9105036015719F6B287F8006344F858
S31500001B30250005F1C00653F826706CF3104743F8EC
S31500001B40267053F82660BFF35F8F6E09B60005EA6C
S31500001B50080506F160460EFA05F506F56146C6F873
S31500001B60805135604D7B91F90E102D010A44EDB27E
S31500001B7082F8005344F8210001F1C00253F82240D4
S31500001B806CF3104443F8224053F82230BFF35F8FC2
S31500001B904B099B0001EA080103F160430EFA01F1CB
S31500001BA003F56143C3F8801119609F2203691A7017
S31500001BB0BDE8F08300E100E000470120006000403E
S31500001BC040420F0070B500250A78016002F58002D8
S31500001BD002F51F62120202618A6842600A7B027283
S31500001BE0CA6942630A6AC0E90E52EFF3108C0122F9
S31500001BF082F310880B78C3F109039A400C4B5E6898
S31500001C0026EA02025A605B688CF31088FFF7F6FE3C
S31500001C10C0E90755074B80F82950456180F82A50DE
S31500001C20856180F82B50C36080F82C50284670BD23
S31500001C30004008404349495210B582B0EFF3038390
S31500001C40103B5F4A5BB2C03352F8231021F4803157
S31500001C5042F8231052F82330EFF30383594A103B1E
S31500001C605BB252F8234094F82D305BBBA369022B7C
S31500001C7022D9E369012B0ED12269137943F01003AF
S31500001C8013712269137943F00803137122691379DA
S31500001C9023F01003137123685B6ADB79002B3ED1B6
S31500001CA001222369DB7CDBB28DF807309DF8073013
S31500001CB084F82D2002B010BD2269137943F0400349
S31500001CC01371D6E7E369002BF4D02268526AD27901
S31500001CD0FAB9032B17D0022B26D0012B34D0226958
S31500001CE0236AD17C6269D154D4E907320132013BBF
S31500001CF0C4E90732002BDDD121690A7963F3861224
S31500001D000A7102B010BD2269137943F040031371C2
S31500001D10E5E705212046FFF7B1FDE369D9E705218F
S31500001D202046FFF7ABFDBBE72269137943F01003AA
S31500001D3013712269137943F0080313712269137929
S31500001D4023F010031371CAE794F82A2072B32268AD
S31500001D501D4892F90F20510902F01F0203FA02F200
S31500001D60203140F82120BFF34F8FBFF36F8F04203F
S31500001D702169CA7942F08002CA7121690A7942F062
S31500001D8010020A7121690A7922F008020A71216992
S31500001D900A7922F010020A712269507021694A7983
S31500001DA022F001024A7184F82C3098E70821226952
S31500001DB0537A03F0F7035372236959708FE700BF14
S31500001DC0006000400047012000E100E010B5EFF39D
S31500001DD00383103B424A5BB2C03352F8231021F40E
S31500001DE0803142F8231052F82330EFF303833D4A43
S31500001DF0103B5BB252F8234094F82730002B3FD1BA
S31500001E0094F82930002B3AD123685B6ADB792BB131
S31500001E1094F82B3013B9236A002B5BD1E36921694F
S31500001E20002B40D1CB79C02223F08003CB712169EE
S31500001E3001E0013A02D0CB79DB09FAD12368284ABE
S31500001E4093F91030C03352F8231021F4803142F850
S31500001E50231052F82330236893F91030002B09DB46
S31500001E6001215A09204803F01F03603201FA03F3E7
S31500001E7040F822302269D37943F04003D37110BD74
S31500001E8094F82630032B1CD094F8242023699A74E6
S31500001E9094F8282094F827300132013B84F8282052
S31500001EA084F8273010BD236A6269D35C8B74D4E949
S31500001EB007320132013BC4E90732002BDFD1216929
S31500001EC0B0E794F82830022BDED194F83030002B9E
S31500001ED0DAD110BD05212046FFF7D0FC9EE700BFF2
S31500001EE0006000400047012000E100E038B5EFF354
S31500001EF00383334A103B5BB252F8234023685B6A84
S31500001F00DB79002B48D194F829301BB194F827309F
S31500001F10012B4FD0E369DBB12169C023CA7922F0D6
S31500001F204002CA71216901E0013B02D0CA7952061A
S31500001F30FAD4EFF30383103B224A5BB2C03352F864
S31500001F40231021F4803142F8231052F8233038BD93
S31500001F5094F82A202AB3012022681B4D92F90F20FB
S31500001F60510902F01F02203100FA02F245F8212041
S31500001F70BFF34F8FBFF36F8F2169CA7942F080029A
S31500001F80CA7104212269517021694A7963F30002FA
S31500001F904A7184F82C00BFE705212046FFF76EFC46
S31500001FA0B1E708212269537A03F0F70353722369D4
S31500001FB05970B1E794F83030002BADD0AAE700BFD6
S31500001FC0004701200060004000E100E038B5EFF373
S31500001FD003834C4A103B5BB252F823000269537AE2
S31500001FE0517ADC0601F0E00151725FFA83FC03F0DE
S31500001FF003022BD503695978490647D400240125E5
S3150000200080F82B50DC710168FFF7F8FCB32290F8DA
S31500002010263080F82C4080F82830C46180F82A40A9
S315000020200369846929460462DA71FFF727FCEFF336
S315000020300383103B344A5BB2C03352F8231021F4B9
S31500002040803142F8231052F8233038BD002A56D189
S315000020501CF0080F0ED090F82B30002B3ED1B32287
S3150000206090F829100369C1F10301C9B2DA71FFF7CB
S3150000207005FCDCE790F82C200CF004032AB3002BB7
S31500002080D5D090F82B30002B37D1E8E7002AB5D110
S315000020905A78C2F380115206DAD5082280F82B103E
S315000020A05A70036801695A6A94791378527943EA37
S315000020B0C41343EA021343F00203DBB2CB70026996
S315000020C0537943F001035371B1E7002BAFD0036896
S315000020D05B6ADB79002BAAD00421C8E70023B32171
S315000020E090F826508469026980F82C3080F82850D0
S315000020F00462C36180F82A30D1710121B7E7036910
S315000021007CE700BF00470120006000400346002036
S31500002110D3E902239360704703460020D3E90223E4
S315000021205360704703460020D3E90223D36070470B
S31500002130034670B45A689E68D2690020D2E9011439
S3150000214044F00045D46875619D6844F00044AC6174
S315000021509C6841F000412161146999684C629B6852
S3150000216052699A6270BC70478368013999668368C0
S31500002170DA6AD20703D45966D0E90232DA6000205F
S31500002180704700BF70B5836984B004468C46164616
S3150000219001AD9BB193E8070085E8070083F804C00A
S315000021A09E60E26918461A6063699847A3691BB185
S315000021B095E8070083E8070004B070BD2B46EDE7FD
S315000021C0002800DA704710B400F160430901124C90
S315000021D0C9B203F5614383F80013104B44F820207D
S315000021E000F1C00253F8221021F4803143F8221086
S315000021F053F82230BFF35F8F012243099B0000F0A2
S315000022001F0003F1604303F561438240C3F8802158
S315000022101A605DF8044B70470047012000600040DB
S315000022204FF0010CF8B500260B46097C43600CFA0A
S3150000223001F111F00F0FC1600CBF61463146017408
S31500002240197C4C4A04460A44120282605A69426169
S315000022509A69C0E90662DD69EFF310878CF310888E
S315000022604FF00040197C444AC840116921EA000138
S315000022701161126987F310884FF42541A268116035
S31500002280A268D662A268D663A26896641878002609
S3150000229003284FF00040197AA7684FEAC15108BFDA
S315000022A041F480315A68F962A168013A0861A1686F
S315000022B04861A1688861A1684E62A1688E62A168C2
S315000022C0A869C861A168E8690862A1688A66A16808
S315000022D04A666268A86BD26992F83010CE0705D5B7
S315000022E0916AA6680139F16492F83010890703D51E
S315000022F0D26AA168013A0A650022A1688A63A168C8
S31500002300C1F88820AA6B3AB995F8212095F82010D3
S31500002310520742EA4132104395F830200326002A3C
S3150000232014BF4FF4A0074FF4AA070121A26817644F
S31500002330A2685063A2681663A2681163D4E90221F9
S31500002340D160597C93F912002246FFF739FF2246E5
S3150000235095F8221095F92400FFF732FF95F925002C
S31500002360224695F82310FFF72BFF044B002023602D
S31500002370F8BD00BF9016400000400840545047008A
S31500002380F0B5EFF30382103A214C51B201F1C00CC3
S3150000239054F82C3023F4803344F82C308B0003F1AE
S315000023A0804303F5C043D3F800031A4850F82100D0
S315000023B0456895F800E0BEF1010F08D043692BB1DE
S315000023C0BDE8F04000221146FFF7DCBEF0BD002557
S315000023D0D0E90267B760866802F0FF02B5648668D6
S315000023E0F5648668356554F82C6065F3104644F844
S315000023F02C60D3F80033BFF35F8F074C4B0902F014
S315000024001F020EFA02F2603344F82320D6E700BF1B
S31500002410006000400047012000E100E030B42B4A94
S315000024200346C2600A7802F0010242700A78520836
S31500002430EFF3108C012080F31088254CC2F11402B2
S31500002440E56800FA02F225EA0202E260E2688CF32D
S315000024501088EFF3108480F31088587800282FD165
S31500002460DD682A7960F386122A7184F31088486839
S31500002470DC68C278D201D2B26271DA689279B2B9F6
S315000024804A78A2B1EFF3108C012585F31088104A23
S31500002490D46824F48034D460D2688CF31088802405
S315000024A0DA6802F5805282F8C050DA689471407892
S315000024B0084A187209785A601970002030BC7047B3
S315000024C0D868027922F080020271CEE70010174028
S315000024D000400840004341440346DA685B78002028
S315000024E022F81310704700BF38B5037A0446002B54
S315000024F03ED00021C368427833F8125023F81210F8
S31500002500ADB2EFF31080012383F310886278002ABE
S3150000251043D0E268137961F3C7131371E268137F3E
S3150000252043F080031377E268137A43F08003137253
S31500002530E268137943F08003137180F31088012158
S31500002540042000F087FBEFF31081012383F310884A
S315000025506278002A36D1E068037F62F38613037738
S3150000256081F31088E3686278002023F8125038BDA2
S31500002570EFF31083012282F310884278C1683AB1E2
S315000025800A7942F080020A7183F31088002038BD70
S315000025900A7942F040020A71F6E7E1680B7962F3C4
S315000025A086130B71E268137F43F040031377E268EA
S315000025B0137A43F040031372E268137943F0400341
S315000025C01371BAE7E268137F23F080031377C7E736
S315000025D003461A689B8A00201380704703461B68CF
S315000025E0103133F81130002013807047F0B5C769F9
S315000025F0054689B017B3BE466C468C46BEE80F004A
S315000026003E460FC49EE80F0084E80F00BCE80F00AA
S315000026100FC69CE80F008EE80F00AB693846984756
S31500002620EB694BB19C46EE46BEE80F00ACE80F00E6
S315000026309EE80F008CE80F0009B0F0BD0F46ECE7EE
S3150000264010B5024688B0EFF303831249103B5BB224
S3150000265051F82300EFF30383103B0F495BB2C033FD
S3150000266051F8234024F4803441F8234051F82330B4
S31500002670002143688DF802201C88026A8369ADF840
S31500002680004001928DF8081013B16946FFF7AEFFBE
S3150000269008B010BD00470120006000402DE9F0475A
S315000026A0D1E9018E764B41F2360C1A68034608686A
S315000026B05F681C681FFA80F97F69A4F804901C689B
S315000026C01FFA88F9A4F814901C681FFA8EF9A4F86A
S315000026D008901C6820F0C0404FEA1049A4F8069004
S315000026E01C6828F0C0484FEA1848A4F816801C68F1
S315000026F02EF0C04E4FEA1E4E624EA4F80AE0366A2D
S31500002700614DC6F3026802FA08F2C6F3021E22FA07
S315000027100EF2A5FB025292090CFB02F2DFF878A139
S31500002720AAFB0242D1E90045920C0132072A45EA8A
S31500002730040538BF072215F0005420D0EFF3108CA3
S31500002740012484F31088514CE66826F48006E6607E
S31500002750E4688CF3108890264D4C26701C68D6B21F
S3150000276084F8DE600C688E6814F0005F0CBF4FF4CE
S3150000277080644FF48074B60048BF44F001046E00D4
S315000027800FD51D68D2B285F8DF200A6855008A6821
S315000027904CBF44F4007444F40064520048BF44F053
S315000027A002041A68A4B25482CA68002A66D0148940
S315000027B026052ED42546AD050DD5D67C957C35430C
S315000027C01E6886F8A6501D68D689A5F8A860158AE1
S315000027D01A68A2F8AA501A68A2F890401A680C8AD9
S315000027E0A2F880403A796AB1B0FA80F01C68228873
S315000027F092B222F01F021F32121A92B22280988AD7
S3150000280002439A82234A0020DA600A681A61BDE808
S31500002810F0871D68A5F890401D685689A5F89C604C
S315000028201D689689A5F89E6015681E681FFA85FCC6
S31500002830A6F894C04FEA154C1E682CF4C04C1FFA3B
S315000028408CFCA6F896C01E68C5F3417586F89250B2
S3150000285055681E681FFA85FCA6F898C04FEA154C05
S315000028601E682CF4C04C1FFA8CFCA6F89AC01E6891
S31500002870C5F3417586F8935015899CE71446AAE777
S315000028804847012000E00140D34D62100040084057
S3150000289000300F404344415283DE1B4310B400F125
S315000028A0604C134C0901134BC9B20CF5614C8CF802
S315000028B0001300F1C00144F8202053F8212022F42F
S315000028C0803243F8212053F82130BFF35F8F012275
S315000028D043099B0000F01F0003F1604303F56143C9
S315000028E08240C3F880211A605DF8044B704700BF30
S315000028F0004701200060004000222DE9F8434E69A0
S315000029004160CB68044683610B690D46C0E9072325
S315000029100B885B0203F1804303F5B8130360486933
S315000029208B7882785B03002A6BD143F4507103796C
S31500002930002B6CD189B2A1828278C77812022B79DA
S3150000294007F03F0702F47C523A43EF78DB0343EA91
S315000029504703477890F800E043EA4713EFF31089FE
S315000029604FF0010C8CF31088B5F800802D4FC8F19C
S3150000297010080CFA08FCD7F80C8028EA0C0CC7F8EB
S315000029800CC0FF6889F3108847F6FF57394027685F
S3150000299092B2398021689BB20A822268D381236869
S315000029A083F80CE083792268A3F10103B3FA83F379
S315000029B05B0982F8D03095F90600002803DB224631
S315000029C0697AFFF76BFF95F90700002803DB2246BB
S315000029D0A97AFFF763FF96F90700002803DB224672
S315000029E0717AFFF75BFF96F90800002803DB2246A1
S315000029F0B17AFFF753FF00200B4B2061A360BDE8BF
S31500002A00F8833F2A077943F4107108D117B141F0D2
S31500002A1080018FE743F4024141F040018AE7002F2D
S31500002A2088D0F4E700400840434441520020FFF7B5
S31500002A3007BE00BF064B074993F826001A6A51F8ED
S31500002A402030C2F302620449D3400B60704700BFD6
S31500002A5000E00140E001002048470120704700BF28
S31500002A60F8B54AF2035001233F49404AA1F8FE0354
S31500002A70A2F80431B2F804319BB2002BFAD14FF020
S31500002A80010C4FF4004120250920394C394F3A4EAC
S31500002A9067603A4F344BE760A2F800C1384A2660B7
S31500002AA0A1602161626193F82620196A54F82220F8
S31500002AB0344EC1F30261CA40326083F8135483F87E
S31500002AC0A20093F880241AB993F88134990746D066
S31500002AD0254D95F88034002B36D00022224B83F802
S31500002AE0812483F8802400231F4981F8323091F82D
S31500002AF03C301A07FBD543F6013000231A4A0885F5
S31500002B0081F82A3092F83C309B06FBD5012005233C
S31500002B101649F12581F81C011B49116282F82630FD
S31500002B2092F82630106A54F82310C0F30260C140B0
S31500002B3031600024F0204FF42541144B1D731C72A4
S31500002B401873A2F8FE13F8BD0121C82085F8801479
S31500002B5000F080F895F88034012BFBD1BDE74FF4E7
S31500002B607A70FFF77BFFBEE700E0014000C001403E
S31500002B70E001002000127A00002D3101001BB70091
S31500002B800095BA0A48470120211202210020004080
S31500002B9038B50025284C0121C82084F8285000F0BB
S31500002BA059F884F8245094F82430002BFBD194F87B
S31500002BB02430214943F0020384F8243091F824306C
S31500002BC0C3F340009B07F9D41B4A81F8220092F810
S31500002BD0223003F0FF00002BF9D192F8403016495D
S31500002BE060F3C71382F8403091F84030DB09FBD11F
S31500002BF091F84200104A63F3C71081F8420092F838
S31500002C004230DB09FBD192F844000B4963F3C7104D
S31500002C1082F8440091F84430C3F3C014DB09F9D1BB
S31500002C20012000F0DDF8054B012083F8BB44BDE828
S31500002C30384000F0A5B800BF0030084000E0014071
S31500002C40704700BF00BEFEE7A0F101000028FBD1DF
S31500002C50704700BF4FF47A7310B400FB01F1114CBA
S31500002C60114A2468B2FBF4F2A1FB03043CB9B0FBA1
S31500002C70F2F0800860B15DF8044BFFF7E5BF920003
S31500002C80B1FBF2F1A1FB03132BB908460028F2D1E0
S31500002C905DF8044B70474FF0FF3C5DF8044B60460F
S31500002CA0FFF7D2BF4847012000CA9A3B70B50024FF
S31500002CB00B4B0C4EB3F82021B3F84051ADB2154082
S31500002CC025FA04F3DB0704D556F82430E0B203B145
S31500002CD0984701340E2CF3D1014BA3F8305170BD47
S31500002CE000600040C446012070B5032084B000F0A7
S31500002CF077F800266FF0FF014FF0FF301C4C1D4B9C
S31500002D00224699644FF0010E3346CDE9010004F1E5
S31500002D101E05039032F8021F0EFA03FC013311B1AF
S31500002D20012620EA0C00AA42F4D1F6B10190124B1A
S31500002D30104A1067C3F88002029903205167C3F84E
S31500002D40841203999167C3F8881200F019F80023DA
S31500002D500A4834F8022F03F1C00101330AB140F8E2
S31500002D602120A542F5D104B070BD4FF0FF30DEE75B
S31500002D702EA000000080004000E100E0006000405E
S31500002D80EFF31081012383F31088124B33F81020E0
S31500002D9092B22AB133F81020013A92B223F81020E9
S31500002DA033F810309BB293B910B40B4A0B4CB2F8FF
S31500002DB0FE3334F810009BB243F4254323EA0003A4
S31500002DC0A2F8FE3381F310885DF8044B704781F357
S31500002DD0108870473C47012000E0014058A00000E1
S31500002DE030B4EFF31081012383F310880E4A32F8D2
S31500002DF010309BB26BB90D4C0D4DB4F8FE3335F85F
S31500002E0010C09BB243EA0C0343F425439BB2A4F8DB
S31500002E10FE3332F8103001339BB222F8103081F3C2
S31500002E20108830BC704700BF3C47012000E00140DD
S31500002E3058A0000008B50C4A0346106840B1033399
S31500002E400A4923F0030303448B4205D8136008BDE7
S31500002E50074908461160F2E701F0DAFF0C22034643
S31500002E601A604FF0FF3008BD44470120006B012077
S31500002E70004B012000BE704708B500F003F8FEF7CE
S31500002E80E9F8FEE74FF4700270B52B4B2B4CC3F8F4
S31500002E90882000209C60FDF759FEFFF7E1FD012028
S31500002EA0FDF754FE2368A3F5005383F30A882448EC
S31500002EB0244A0021121A01F043FF2348234A2449D9
S31500002EC0121A01F0BCFF234D234B5B1B002B07DDC1
S31500002ED000249E1055F8043B01349847A642F9DCBD
S31500002EE0FFF7A8FDFFF754FE0320FFF779FF4FF623
S31500002EF0FF720024194B03201A825A829A82DA82C0
S31500002F001A835A839A83DA83FFF73AFF0320FFF77F
S31500002F1067FF134B03205C609C60DC601C61FFF75D
S31500002F202FFF0220FDF712FEFFF7DEFE2046BDE86A
S31500002F307040FFF785BE00BF00ED00E00000000016
S31500002F4000020020FC4A012000000020E0010020D1
S31500002F5028A40000D8010020DC010020000D084054
S31500002F6000000E402DE9F047002480463C493D4BC9
S31500002F704FF4806282B00C803B482146DFF810A1F6
S31500002F80C8F800401C7001F0DBFE102237493848B3
S31500002F908AF80040FEF764F800285CD19AF8003001
S31500002FA040F6B83413B10AE0013C50D04FF47A71C0
S31500002FB00120FFF74FFE9AF80030002BF4D00023D3
S31500002FC04FF47A762B4F284DDFF8C8908AF80030F8
S31500002FD015E02949284601F0BBFE284980BB284652
S31500002FE001F0B6FE264958BB284601F0B1FE38BBB3
S31500002FF04FF47A710120FFF72DFE013E23D03946AA
S31500003000284601F0A5FE0028E3D0037B303B092BC0
S31500003010DFD8002300F10C040A22204601A90193FF
S3150000302000F078FF019B82469C42D2D04946284652
S3150000303001F08EFE0028CCD00120C8F800A003E0E5
S31500003040104801F0F3FC002002B0BDE8F0870E48FE
S3150000305001F0ECFCF7E701460C4801F07FFCF2E7D3
S315000030601C3D01201A3D0120203D012090A00000BA
S315000030700046012080A000008C7F0000947F0000A5
S315000030809C7F0000B07F0000747F0000547F00002A
S31500003090193D0120887F00002DE9F047B2B30646AE
S315000030A00F4690460025234CDFF8A090DFF8A0A03D
S315000030B03EB196F9003023B13146204601F048FE74
S315000030C0A0BB3FB197F9003023B13946204601F045
S315000030D03FFE58BB4946204601F03AFEE8B9514644
S315000030E0204601F035FEC0B92046134901F030FEF6
S315000030F098B92046114901F02BFE70B94FF47A7148
S3150000310001200135FFF7A6FDA845D1D10C4B094A90
S3150000311019880C4801F022FC05E0094B054A19887C
S31500003120094801F01BFC0020BDE8F0870120BDE83E
S31500003130F08700BF203D0120D47F00009C7F000067
S315000031401C3D0120FC7F0000DC7F00008C7F00001E
S31500003150947F000000284CD02DE9F0470024054656
S315000031609946254B0F461C80244B21469046244801
S315000031704FF480621C7001F0E3FD284601F06CFEFE
S3150000318083B20BB9002023E0DFF888A01A4629464F
S315000031901C488AF80040FDF763FF28BB9AF8003008
S315000031A040F6B83413B10AE0013C13D04FF47A71FB
S315000031B00120FFF74FFD9AF80060002EF4D000239F
S315000031C04A46414638468AF80030FFF765FF30B177
S315000031D0BDE8F0870C4801F029FC0020F8E72946F5
S315000031E00A4801F0BBFBCDE70146094801F0B6FBF2
S315000031F0C8E70020704700BF1C3D01201A3D012092
S31500003200203D012000460120747F00002080000040
S31500003210547F0000193D012000232DE9F04180462E
S315000032202F4C82B04FF480620D462E4819462380FB
S31500003230019301F085FD404601F00EFE414602462F
S315000032402948FDF70DFF0446404601F005FE0146FC
S31500003250264801F083FB002C3CD1019B244AAB425B
S3150000326014702BD2234E1F4C234F14E039462046B0
S3150000327001F06EFD2149F0B9204601F069FDD0B993
S315000032804FF47A710120FFF7E5FC019B01330193AE
S31500003290019BAB4212D23146204601F059FD00286F
S315000032A0E4D0174801F0C2FB019B0120AB4209D2D2
S315000032B002B0BDE8F081134801F0B8FB019B002085
S315000032C0AB42F5D34146104801F048FB002002B05E
S315000032D0BDE8F08141460D4801F040FBF6E700BF2E
S315000032E01C3D0120203D01200046012038800000C1
S315000032F01A3D0120887F00008C7F0000947F00002B
S3150000330060800000808000009C80000040800000FB
S3150000331038B50F4C0F4D104B2A4620460F4901F089
S31500003320C1FB21460E4801F019FB29460D4801F064
S3150000333015FB43F698212046FFF76EFF034620460D
S315000033401C464FF40072002101F0FAFC204638BDFD
S31500003350B047012020810000148100002481000074
S31500003360F48000003C8100002DE9F04F93B00092FC
S31500003370002800F0A6801D460B461146002A00F0E4
S31500003380A0805A1EB2F5007F80F09B804FF0000AA5
S31500003390DFF80093DFF800B3B9F80070BBF80080DF
S315000033A0A1F800A0474560D3064607A80193FFF79A
S315000033B0D9FD019B18B1079A002A40F086804FF08C
S315000033C0000BA9490393A94B019181F800B04FF472
S315000033D080625946A6480293A3F800B001F0B0FCFB
S315000033E0039B002D00F0BD80CDE90363DDE90146B6
S315000033F0D846DFF8A8929E4FDFF8A4A21AE05146FD
S31500003400384601F0A5FC002858D13846994901F004
S315000034109FFC002852D1BBF57A7F3DD00BF1010B02
S315000034204FF47A71012008F10108FFF713FC4545B6
S3150000343000F097804946384601F08AFC0028DED025
S3150000344007A8FFF78FFD18B1079A002A40F082807F
S315000034504FF0000B4FF4806238465946A6F800B08C
S3150000346084F800B001F06CFCC9E7A8EB0705ADB223
S315000034709D4228BF1D46804E2A46F1192F44BFB2F1
S3150000348001F0DDFCB8455BD9A9F800700120009B6E
S315000034901D8013B0BDE8F08F07A8FFF763FD10B1DC
S315000034A0079A002A56D100214FF4806238463180AF
S315000034B021704FF0010B01F043FCB1E76F4801F0BA
S315000034C0B5FA002013B0BDE8F08F9A424DD9674A8D
S315000034D00292654A01920027009C2821684A08A8A2
S315000034E02780039301F0AAFA8146019B4FF480627C
S315000034F01F70029B39465E48DFF8A8811F8001F0E5
S315000035001FFC4A465F4808A988F80070FDF7A8FD29
S31500003510002840F00B8198F80020039B62BB40F620
S31500003520B8371C464FF47A710120FFF793FB98F8E1
S31500003530003003BB013FF5D1534801F077FAC0E7ED
S31500003540304660225146A9F800A0ABF800A001F071
S31500003550F7FB9BE7DDE903639342019428BF93B22F
S31500003560B9E74A4801F062FAABE7404B029393B2DF
S315000035703D4A0192AFE72346002288F80020002D3D
S3150000358000F0CE800195914690461546CDE904633C
S31500003590039210E0039BC2464344B34240F29E802E
S315000035A04FF47A710120FFF755FB019B09F10109E0
S315000035B04B4500F0B580029B1E88002DEAD10C2EEB
S315000035C040F29280DFF8A8A02C46D346304F03E0A5
S315000035D0B34200F28E8014460D225846394601F059
S315000035E085FB0BF1010B04F10E03621C0028EFD1E1
S315000035F004F10D0292B29642D2D91D4904F10C0390
S3150000360082460B440BE001EB4E0ABAF5007F1FFA27
S315000036108CF200F2818096424FF00100C0D913F877
S31500003620014F0AEB8A0EA4F13001CFB2092F02F145
S31500003630010CE8D92C2C7ED1013293B2039328B128
S31500003640039B1FFA8AF85344B34201D90546A7E7FC
S31500003650039B03EB080080B2864243D9831DB34225
S3150000366040D8441CA4B224E01A3D01201C3D012090
S31500003670203D01209C7F00005047012084810000EE
S31500003680B081000000460120747F00005C810000CC
S3150000369070A000004E4701204C47012074810000B5
S315000036A07C810000193D0120A31D9E42204619D3AE
S315000036B01446294B06222949184401F017FB621CBF
S315000036C00028F1D1DDE904639845424644463ED8D8
S315000036D0002A34D1009B01201C80F3E6052E98B207
S315000036E0BAD85DE701255BE7042E7FF659AFDFF810
S315000036F068A0002402E09E42FFF452AF0AEB0400E9
S315000037000522174901F0F2FAA31D01340028F2D16F
S31500003710144801F08BF9D4E6134801F087F9D0E696
S31500003720029B1248198801F019F9CAE601461048A9
S3150000373001F014F9C5E60F4801F078F9C1E60399DE
S31500003740054B52463046194401F079FBC2E70A4858
S3150000375001F06CF9B5E600BF203D012060A0000035
S3150000376068A0000028820000E8810000C4810000F3
S31500003770547F000008820000488200002DE9F047CF
S315000037809AB000284ED001294CD90023064691460E
S315000037901C46984601398DB203704B4660210DF1E7
S315000037A0060202A8ADF80680FFF7DEFD07460028F0
S315000037B038D0BDF806A0BAF1000F2AD000210DF1CD
S315000037C0080E301907E0AC4291B29CB227D28A4566
S315000037D000F801CB1DD01EF801CB4A1CBCF10A0F24
S315000037E004F10103EFD14CB1331913F9012C0D2A61
S315000037F012BF1E4604F1FF3416FA84F600250AF1BC
S31500003800FF34641AA4B2357074B938461AB0BDE8EC
S31500003810F087A542C1D80E4801F008F902E00D482C
S3150000382001F004F90027F0E7602C03D90A4801F0FB
S31500003830FDF8F7E702AB0131224613FA81F107489A
S3150000384001F0FDFA064A074B15801C80DDE700BF34
S31500003850B082000090820000708200005047012074
S315000038604E4701204C470120002850D070B590F9F2
S3150000387000300446A2B013B9002022B070BD002566
S315000038800E462449244B60220D80244829461D807B
S3150000389001F056FA4FF4FA63214A22492248FFF70B
S315000038A059FC4FF4FA632A461E492048FFF752FC9A
S315000038B00028E1D04FF4FA632A461A491C48FFF75C
S315000038C049FC0028D8D04FF4FA632A46154919480E
S315000038D0FFF740FC0028CFD04FF4FA632A4611497F
S315000038E01548FFF737FC0028C6D023468021134A27
S315000038F002A8009601F0A2F801387E28BCD843F64B
S3150000390098230F4A074902A8FFF724FCB5E70020D1
S31500003910704700BF4E4701204C4701205047012009
S315000039207C810000887F0000CC820000DC820000E1
S31500003930EC820000FC8200000C8300002083000063
S315000039403C830000002849D0F0B50C4689B0002918
S3150000395039D040F2B453994232D80B46234A20213B
S315000039600546684601F06AF840F6B8330022684614
S315000039701F49FFF7EFFB30B300271E491E4B4FF4DC
S3150000398080620F801D4839461D4E1F7001F0D8F920
S31500003990224629461B483770FDF762FB00BB337889
S315000039A041F2883493B94FF47A710120FFF752F946
S315000039B033785BB9013CF6D1134801F037F802E0E1
S315000039C0124800F0CBFF002009B0F0BD00214FF4F3
S315000039D0FA520F483170FFF75FFBF5E7002070479A
S315000039E001460C4800F0BAFFEDE700BF6C8300000B
S315000039F07C8300001C3D01201A3D0120203D012052
S31500003A00193D012000460120747F0000508300000C
S31500003A1080830000547F000040F6B833024A034911
S31500003A200348FFF797BB00BF7C810000887F00003A
S31500003A30CC82000010B5194800F0F8FF184C194B5D
S31500003A400FCB07C41848238000F0F0FFA4F10C0147
S31500003A50164800F083FF42F21071A4F10C00FFF744
S31500003A60DBFB0346A4F10C001C464FF40072002158
S31500003A7001F066F974B1FFF74BFC044620B10C481F
S31500003A8000F0D4FF204610BD0A4800F0CFFF002406
S31500003A90204610BD084800F0C9FFF8E788830000FB
S31500003AA0B0470120C8800000D8800000F4800000E4
S31500003AB0EC830000CC830000AC83000081F0004161
S31500003AC002E000BF83F0004330B54FEA41044FEAFD
S31500003AD0430594EA050F08BF90EA020F1FBF54EA98
S31500003AE0000C55EA020C7FEA645C7FEA655C00F034
S31500003AF0E2804FEA5454D4EB5555B8BF6D420CDD05
S31500003B002C4480EA020281EA030382EA000083EA87
S31500003B10010180EA020281EA0303362D88BF30BD27
S31500003B2011F0004F4FEA01314FF4801C4CEA11317D
S31500003B3002D0404261EB410113F0004F4FEA0333DC
S31500003B404CEA133302D0524263EB430394EA050F67
S31500003B5000F0A780A4F10104D5F1200E0DDB02FAD6
S31500003B600EFC22FA05F2801841F1000103FA0EF26A
S31500003B70801843FA05F359410EE0A5F120050EF130
S31500003B80200E012A03FA0EFC28BF4CF0020C43FA61
S31500003B9005F3C01851EBE37101F0004507D54FF06E
S31500003BA0000EDCF1000C7EEB00006EEB0101B1F5BE
S31500003BB0801F1BD3B1F5001F0CD349085FEA300004
S31500003BC04FEA3C0C04F101044FEA445212F5800F0F
S31500003BD080F09A80BCF1004F08BF5FEA500C50F1AC
S31500003BE0000041EB045141EA050130BD5FEA4C0C8F
S31500003BF0404141EB0101013C28BFB1F5801FE9D2EC
S31500003C0091F0000F04BF01460020B1FA81F308BF0E
S31500003C102033A3F10B03B3F120020CDA0C3208DDDA
S31500003C2002F1140CC2F10C0201FA0CF021FA02F1B5
S31500003C300CE002F11402D8BFC2F1200C01FA02F125
S31500003C4020FA0CFCDCBF41EA0C019040E41AA2BF4A
S31500003C5001EB0451294330BD6FEA04041F3C1CDA12
S31500003C600C340EDC04F11404C4F1200220FA04F032
S31500003C7001FA02F340EA030021FA04F345EA0301DC
S31500003C8030BDC4F10C04C4F1200220FA02F001FA9E
S31500003C9004F340EA0300294630BD21FA04F0294620
S31500003CA030BD94F0000F83F4801306BF81F48011B9
S31500003CB00134013D4EE77FEA645C18BF7FEA655C2C
S31500003CC029D094EA050F08BF90EA020F05D054EAFE
S31500003CD0000C04BF1946104630BD91EA030F1EBF03
S31500003CE00021002030BD5FEA545C05D14000494107
S31500003CF028BF41F0004130BD14F580043CBF01F5FA
S31500003D00801130BD01F0004545F0FE4141F47001DF
S31500003D104FF0000030BD7FEA645C1ABF19461046BA
S31500003D207FEA655C1CBF0B46024650EA013406BFBB
S31500003D3052EA033591EA030F41F4002130BD00BF7A
S31500003D4090F0000F04BF0021704730B54FF4806437
S31500003D5004F132044FF000054FF0000150E700BFB8
S31500003D6090F0000F04BF0021704730B54FF4806417
S31500003D7004F1320410F0004548BF40424FF0000104
S31500003D803EE700BF42004FEAE2014FEA31014FEA47
S31500003D9002701FBF12F07F4393F07F4F81F0605196
S31500003DA0704732F07F4208BF704793F07F4F04BFE1
S31500003DB041F40021704730B54FF4607401F00045BE
S31500003DC021F000411CE700BF50EA010208BF70471E
S31500003DD030B54FF000050AE050EA010208BF70470F
S31500003DE030B511F0004502D5404261EB41014FF478
S31500003DF0806404F132045FEA915C3FF4D8AE4FF080
S31500003E0003025FEADC0C18BF03325FEADC0C18BF62
S31500003E10033202EBDC02C2F1200300FA03FC20FAB3
S31500003E2002F001FA03FE40EA0E0021FA02F1144400
S31500003E30BDE600BF2DE9F04386460D46334E2846C3
S31500003E4015F8014B375D17F00807F8D12D2C10D166
S31500003E502C780127851C33F0100015D1302C0DD19C
S31500003E60287800F0DF00582808D16C780235102336
S31500003E700AE02B2C04BF2C78851CECE7002BF6D12E
S31500003E80302C14BF0A2308234FF0FF380026B8FB56
S31500003E90F3F803FB08F930466FEA0909A4F1300C80
S31500003EA0BCF1090F10D86446A3421EDDB6F1FF3FF0
S31500003EB007D0804516D301D1A14513DB00FB034093
S31500003EC0012615F8014BE9E7A4F1410CBCF1190FE5
S31500003ED001D8373CE8E7A4F1610CBCF1190F04D80E
S31500003EE0573CE1E74FF0FF36EBE7731C06D1222380
S31500003EF03046CEF8003032B9BDE8F08307B1404213
S31500003F00002AF9D006B1691E1160F5E7A2A00000EB
S31500003F10FFF790BF13460A46014602480068FFF7BE
S31500003F2089BF00BF1C0000202DE9FF4757EC106B2E
S31500003F30002F0C4619463B46B4BF07F10043002349
S31500003F409146BFBF32461F462D231646DDF830A0E8
S31500003F500B700D9B23F02008B8F1460F05D0B8F181
S31500003F60450F00D10134022100E0032103AB2246B4
S31500003F70019302AB47EC106B0093534601F004F833
S31500003F80B8F1470F054619D119F0010F0ED000EB15
S31500003F900409002200233046394603F0E9FC08B143
S31500003FA0CDF80C903022039B4B451ED3039B28462D
S31500003FB00E9A5B1B136004B0BDE8F087B8F1460F9C
S31500003FC000EB0409E5D10378302B0AD10022002347
S31500003FD03046394603F0CCFC18B9C4F10104CAF8DE
S31500003FE00040DAF800309944D3E7591C03911A705F
S31500003FF0D9E7F7B500290270BABF49422D232B2312
S315000040000929437028DD0DF107030A271D461A46C4
S31500004010013BB1FBF7F607FB1614303402F8014CEE
S315000040200C463146632CF2DC3031941E03F8011C39
S31500004030411C2346AB420AD30DF109039B1AAC423D
S3150000404088BF002302330344181A03B0F0BD13F8E7
S31500004050016B01F8016FEDE7302330318370031DEA
S31500004060C170F1E72DE9F04F8DB00C4616461F469C
S31500004070DDF85880054600F081FE03681846049373
S3150000408000F0EAFE002305900A93D8F8003094F871
S3150000409018A00733D4F800B023F0070303F1080291
S315000040A0C8F800204FF0FF32D3E9008929F0004319
S315000040B0CDF8188007939D4BDDE90601C4E9128906
S315000040C003F088FC70BB4FF0FF32984BDDE9060128
S315000040D003F062FC30BB002200234046494603F051
S315000040E051FC10B12D2384F84330914A914BBAF11B
S315000040F0470F8CBF9046984603234FF00009236173
S315000041002BF00403236033460BAA2146284600976A
S3150000411000F0D2F9013040F08D804FF0FF300DB045
S31500004120BDE8F08F42464B464046494603F052FCF6
S3150000413040B14B46804A002BBCBF2D2384F8433048
S315000041407E4BD4E70AF0DF02636806925A1C3BD125
S31500004150062363604BF480620023284622600393A3
S315000041600AABCDE901A309AB49EC108B00930DF125
S3150000417023036168FFF7D8FE069B80460999472B03
S3150000418029D1C81C02DB6368994241DDAAF1020A03
S315000041905FFA8AFA0139524604F150000991FFF795
S315000041A028FF0A9A81461318012A236102DC226835
S315000041B0D20701D5013323619DF82330002BA2D00D
S315000041C02D2384F843309EE7069A472AC2D1002B56
S315000041D0C0D10123BDE7BAF1650FDBD9BAF1660F8D
S315000041E018D1002963680BDD216113B92268D00755
S315000041F002D501330B4423614FF00009A165DBE7CB
S3150000420013B92268D20701D50233F4E70123F2E796
S315000042104FF0670A0A9B994205DB23682161D8079C
S31500004220EAD54B1CE7E70029D4BFC1F102020122FF
S315000042301344E0E723685A0507D42369424631460A
S315000042402846B84701302BD167E7BAF1650F40F22F
S31500004250DD8000220023D4E9120103F089FB002847
S3150000426033D00123364A31462846B84701303FF459
S3150000427054AFDDE90938434502DB2368D8070FD57B
S3150000428031462846DDE90423B84701303FF445AFFF
S315000042904FF0000908F1FF3804F11A0AC84509DC95
S315000042A023689B0700F10381E0680B9B9842B8BF27
S315000042B0184634E70123524631462846B8470130AE
S315000042C03FF42BAF09F10109E8E7099B002B39DC24
S315000042D001231B4A31462846B84701303FF41DAF3B
S315000042E0DDE9093959EA030302D12368D907D7D58D
S315000042F031462846DDE90423B84701303FF40DAFC7
S315000043004FF0000A04F11A0B099B5B42534501DC8E
S315000043104B4693E701235A4631462846B8470130B3
S315000043203FF4FBAE0AF1010AEEE700BFFFFFEF7FA5
S31500004330A6A10000A2A10000AEA10000AAA1000053
S31500004340E3A20000A36DDDF828A05345A8BF53469D
S31500004350002B994636DC4FF0000B29EAE97904F187
S315000043601A02A36D0693A3EB09035B4531DC099B97
S315000043709A453ADC2368DA0737D4099BAAEB030986
S31500004380069BAAEB03039945A8BF9946B9F1000F0E
S3150000439033DC4FF0000829EAE97904F11A0B099B8E
S315000043A0AAEB0303A3EB090343457FF779AF012388
S315000043B05A4631462846B84701303FF4AEAE08F1BA
S315000043C00108ECE7424631462846B8470130C2D1DB
S315000043D0A3E60123314628460692B84701303FF44A
S315000043E09CAE0BF1010B069ABBE7DDE904233146CF
S315000043F02846B8470130C0D18FE6069A4B4631466B
S3150000440028464244B8470130C3D186E6DDF828A0E5
S31500004410BAF1010F01DCDB0736D5012342463146EE
S315000044202846B84701303FF478AE31462846DDE9E4
S315000044300423B84701303FF470AE002200230AF18E
S31500004440FF3AD4E9120103F093FAC0B9534608F1D2
S31500004450010231462846B84701300CD15DE60123FA
S315000044605A4631462846B84701303FF456AE08F161
S315000044700108D045F3DB4B4604F15002DFE64FF06E
S31500004480000804F11A0BF4E701234246E1E7012391
S315000044904A4631462846B84701303FF43EAE08F159
S315000044A00108E3680B995B1A4345F0DCFCE64FF024
S315000044B0000804F11909F4E72DE9F0471646984675
S315000044C08A6807460B690C46DDF820909342B8BF10
S315000044D01346336091F843200AB1013333602368F1
S315000044E0990642BF336802333360256815F0060526
S315000044F006D104F1190AE36832689B1AAB422BDC39
S3150000450094F843302268003B18BF0123920630D44A
S3150000451004F1430241463846C847013023D0236898
S315000045201A3454F80A2C03F00603042B0ABF54F875
S315000045300E5C002533684FF0000608BFED1A54F8EC
S31500004540123C08BF25EAE5759342C4BF9B1AED18D5
S31500004550B5421AD1002008E00123524641463846AA
S31500004560C847013003D14FF0FF30BDE8F087013571
S31500004570C1E7E1185A1C30200233224481F8430077
S3150000458094F8451082F84310C2E7012322464146BB
S315000045903846C8470130E6D00136D9E72DE9FF474E
S315000045A00F7E914680460C46782F9A460C9E01F166
S315000045B0430207D8622F0AD8002F00F0D180582F67
S315000045C000F0B88004F1420684F842703AE0A7F1A0
S315000045D06303152BF6D801A151F823F035460000E8
S315000045E049460000C5450000C5450000C545000018
S315000045F0C545000049460000C5450000C545000008
S31500004600C5450000C5450000474700007346000049
S3150000461001470000C5450000C54500006947000088
S31500004620C545000073460000C5450000C5450000AD
S315000046300947000033681A1D1B68326004F1420600
S3150000464084F8423001239CE033682068191D3160EC
S31500004650060601D51D6803E04506FBD5B3F90050F3
S31500004660002D03DA2D236D4284F8433058480A237F
S3150000467011E021683368080653F8045B02D4490642
S3150000468048BFADB26F2F3360514814BF0A230823C9
S31500004690002184F843106668002EA66005DB2168B9
S315000046A02E4321F0040121604BD01646B5FBF3F1F1
S315000046B003FB1157C75D06F8017D2F460D46BB4229
S315000046C0F4D9082B0BD12368DF0708D52369616865
S315000046D09942DEBF302306F8013C06F1FF36921BF5
S315000046E022614B4603AA21464046CDF800A0FFF7BB
S315000046F0E3FE01304AD14FF0FF3004B0BDE8F08749
S31500004700236843F02003236078273248236884F81F
S3150000471045701F06316851F8045B02D45F0648BF36
S31500004720ADB23160D90744BF43F0200323601DB109
S315000047301023ADE72648E9E7236823F0200323602A
S31500004740F6E71646BDE733682568181D61693060CF
S315000047502E061B6801D5196002E06806FBD5198094
S31500004760002316462361BCE7336800211A1D326018
S315000047701E686268304600F054FB08B1801B60601A
S3150000478063682361002384F84330AAE7236932462D
S3150000479049464046D0470130ADD023689B0713D425
S315000047A0E068039B9842B8BF1846A6E70123324645
S315000047B049464046D04701309DD00135E36803990C
S315000047C05B1AAB42F2DCEBE7002504F11906F5E7CC
S315000047D0B2A10000C3A10000002310B50446836007
S315000047E0818119464366C28108228361C0E900338C
S315000047F0C0E904335C3000F0A3FA0D4B2462636217
S315000048000C4BA3620C4BE3620C4B23630C4B9C4298
S3150000481006D003F16802944202D0D0339C4205D1FF
S3150000482004F15800BDE8104000F0F8BA10BD00BF12
S31500004830394B00005F4B0000974B0000BB4B00005C
S31500004840B0490120024A0349034800F069B800BF95
S31500004850100000207D7000002000002041680C4BF5
S31500004860994210B5044601D002F008FCA168094B34
S31500004870994202D0204602F001FCE168064B9942BB
S3150000488004D02046BDE8104002F0F8BB10BD00BFC2
S31500004890B0490120184A0120804A012010B50B4B6F
S315000048A004210B4C0B4A20461A600022FFF794FFA6
S315000048B004F1680001220921FFF78EFF04F1D00000
S315000048C002221221BDE81040FFF786BFE84A012008
S315000048D0B049012045480000014800F0A0BA00BFD9
S315000048E0F14A0120014800F09BBA00BFF14A0120BD
S315000048F010B50446FFF7F0FF236A1BB1BDE8104070
S31500004900FFF7F0BF044B2362044B1B68002BF5D165
S31500004910FFF7C4FFF2E700BF5D480000E84A012048
S315000049202DE9F8430746884614460026D4E9019542
S31500004930B9F1010905D52468002CF7D13046BDE848
S31500004940F883AB89012B07D9B5F90E30013303D0B3
S3150000495029463846C04706436835E9E70FB407B528
S31500004960064904AB086853F8042B8168019302F0EA
S315000049709DF803B05DF804EB04B070471C000020FE
S31500004980036A70B505460E4684680BB9FFF7B0FF9B
S31500004990636EDB0705D4A389980502D4A06D00F0E9
S315000049A03EFAA389190702D52369002B35D1214682
S315000049B0284600F045F980B34FF0FF35636EDA07FD
S315000049C005D4A3899B0502D4A06D00F029FA2846D8
S315000049D070BD002B04DAA2699A4217DC0A2915D0A9
S315000049E023685A1C22601970A36816F8011F013B40
S315000049F0A3600029EDD1002B11DA22460A212846B0
S31500004A0000F0DFF80130D7D00A25D7E7224628463E
S31500004A1000F0D7F80130E7D1CEE7013EE4E723689E
S31500004A205A1C22600A221A70EEE7FFFF024B01466B
S31500004A301868FFF7A5BF00BF1C0000200CB4184B78
S31500004A4030B50C1E9DB01D6808DA8B234FF0FF3081
S31500004A502B601DB0BDE8304002B070474FF40273C2
S31500004A600290069002A9ADF8143014BF04F1FF338A
S31500004A702346209A2846049307934FF6FF73ADF812
S31500004A80163021AB019301F01BFD431CBCBF8B23E9
S31500004A902B60002CDDD0029B00221A70D9E700BFE4
S31500004AA01C0000200EB400B59CB06FF000411DAB99
S31500004AB002900690079104910848094953F8042B7F
S31500004AC0059102A90068019301F0FAFC029B0022FD
S31500004AD01A701CB05DF804EB03B070471C00002090
S31500004AE00802FFFF0EB430B59CB04FF401721FAC44
S31500004AF0ADF81420029054F8045B069000F0ACF96F
S31500004B000B4B2A46039002A90B93002307900F93A1
S31500004B1014934FF6FF730748ADF816302346006826
S31500004B20019401F023FE1CB0BDE8304003B070478D
S31500004B305B4B00001C00002010B50C46B1F90E10AE
S31500004B4000F042F90028ABBF636DA3891B1823F45C
S31500004B508053ACBF6365A38110BD002070472DE96B
S31500004B60F0411F468B8905460C46DB05164605D5E2
S31500004B7002230022B1F90E1000F014F9A38932467F
S31500004B80B4F90E10284623F48053A3813B46BDE8B2
S31500004B90F04100F02BB910B50C46B1F90E1000F03B
S31500004BA001F9431CA38915BF606523F4805343F4C0
S31500004BB08053A38118BFA38110BDB1F90E1000F078
S31500004BC0E1B8F8B50E461446054618B1036A0BB9A6
S31500004BD0FFF78EFEA369A360A3891A0701D523698F
S31500004BE043B92146284600F02BF818B14FF0FF379D
S31500004BF03846F8BD2368F6B222693746981A6369C3
S31500004C00834205DC2146284602F038FA0028EDD119
S31500004C10A368013BA36023685A1C22601E70431CD4
S31500004C2062699A4204D0A389DB07E1D50A2EDFD157
S31500004C302146284602F022FA0028D9D0D6E7FFFFFF
S31500004C4038B5294B05460C46186818B1036A0BB9E6
S31500004C50FFF74EFEB4F90C30190722D4DA0607D452
S31500004C6009222A6043F040034FF0FF30A38133E06E
S31500004C70580712D5616B41B104F14403994202D041
S31500004C80284600F03FFF00236363A38923F0240333
S31500004C90A3810023636023692360A38943F008038B
S31500004CA0A38123694BB9A38903F42073B3F5007F6D
S31500004CB003D02146284602F02EFAB4F90C3013F040
S31500004CC001020AD00022A26062695242A2612269F0
S31500004CD042B913F08000C5D138BD990758BF626943
S31500004CE0A260F4E70020F7E71C0000200139024427
S31500004CF010B5904201D1002005E0037811F8014F6C
S31500004D00A34201D0181B10BD0130F2E7884210B54E
S31500004D1001EB020402D98442234607D8431EA1426E
S31500004D2008D011F8012B03F8012FF8E702440146D9
S31500004D308A4200D110BD13F8014D02F8014DF7E784
S31500004D4002440346934200D1704703F8011BF9E77A
S31500004D500A7870B56AB970BD9A4209D10C46054603
S31500004D6014F8013F002BF6D015F8016F9E42F7D0DC
S31500004D7001300378002BEFD11846ECE70048704766
S31500004D805C01002038B50023054D044608462B601B
S31500004D9002F05EFE431C02D12B6803B1236038BDCE
S31500004DA0EC4A012038B50446064D08461146002255
S31500004DB02A601A4602F064FE431C02D12B6803B136
S31500004DC0236038BDEC4A012038B50446064D084636
S31500004DD0114600222A601A4602F05AFE431C02D1EE
S31500004DE02B6803B1236038BDEC4A012038B5044670
S31500004DF0064D0846114600222A601A46FBF758FA65
S31500004E00431C02D12B6803B1236038BDEC4A012054
S31500004E10014B1868704700BF1C00002070477047A0
S31500004E207047C9B20346024410B59342184601D1F1
S31500004E30002003E0047801338C42F6D110BD0A4409
S31500004E40431E914200D1704710B511F8014B9142B3
S31500004E5003F8014FF9D110BD034613F8012B002AC0
S31500004E60FBD1181A013870472DE9F74F0369074639
S31500004E700C69A342C0F28380013C00F1140501F1E4
S31500004E801408A30055F8242008EB8409009305EBC9
S31500004E908403019358F8243001339A42B2FBF3F6A7
S31500004EA031D34FF0000AC446AE46D3465CF8043B05
S31500004EB098B2E1454FEA134306FB00A04FEA1042C1
S31500004EC080B206FB0323DEF8002092B24FEA134AB3
S31500004ED0A2EB00029BB2DEF800005A44C3EB224369
S31500004EE092B203EB104342EA03424FEA234B4EF8D9
S31500004EF0042BDBD2009BEB582BB9019B043B9D4254
S31500004F001A4630D33C61384601F072F9002826DB98
S31500004F102946002058F8042BD1F800C01FFA82FE5B
S31500004F20C1451FFA8CF34FEA1242A3EB0E0303446A
S31500004F30C2EB23429BB202EB1C4243EA02434FEA16
S31500004F40224041F8043BE5D255F8242005EB8403C2
S31500004F5022B9043B9D421A460BD33C6101363046CA
S31500004F6003B0BDE8F08F1268043B002ACAD1013CA9
S31500004F70C5E71268043B002AEFD1013CEAE70020AE
S31500004F80EEE7FFFFFFFFFFFF2DE9F04FC76999B07E
S31500004F908346229E09910E92139355EC104B8DED8C
S31500004FA0040B7FB9102000F0F7FD0246CBF81C0079
S31500004FB020B9A74BEF21A748FDF744FEC0E90177CA
S31500004FC00760C760DBF81C30196859B15A680123BD
S31500004FD0584693404A608B6000F0D4FEDBF81C30E4
S31500004FE000221A602B1EB7BF23F0004300230122C4
S31500004FF00593A8BF3360059F974BB8BF3260BB438C
S3150000500012D142F20F73139A1360C7F313032343AB
S3150000501000F04685239BDFF854A2002B00F048855C
S315000050200AF1030300F042BD9DED047B002200233C
S3150000503051EC170B8DED0C7B02F09AFC804658B1B3
S315000050400123139A1360239B13B1844B239A136095
S31500005050DFF81CA200F02CBDC7F30A5616AA17A942
S3150000506058469DED0C0B01F077F98146002E75D060
S315000050700D9BA6F2FF36CDF85080C3F3130343F021
S315000050807F53DDE90C0143F4401319460022744BAB
S31500005090FEF718FD68A3D3E9002302F001FA68A31E
S315000050A0D3E90023FEF710FD04460D463046FEF711
S315000050B057FE65A3D3E9002302F0F2F902460B4638
S315000050C020462946FEF700FD04460D4602F098FCF0
S315000050D00022074600232046294602F053FC40B131
S315000050E03846FEF73DFE22462B4602F041FC00B94B
S315000050F0013F162F51D85B4B03EBC703DDE90C01CB
S31500005100D3E9002302F03EFC002848D0013F0023EB
S315000051101293169B9B1B5A1E46BFC3F10108002320
S315000051204FF00008089248BF0893002F39DB089B10
S315000051300F973B44089300230A93099B092B61D8D8
S31500005140052BC5BF043B002401240993099B023BA0
S31500005150032B63D8DFE803F05254372CDDE91663DE
S315000051601E4406F23243202BC9BFC3F14003C3F1EC
S3150000517020039F4006F21243D8BF04FA03F006F15B
S31500005180FF36C4BF24FA03F347EA0300FEF7D8FD4F
S315000051900122A1F1F873149277E70123B8E7129080
S315000051A0B7E77B42A8EB07080A9300230F93C4E7EF
S315000051B001230B930E9BFB1800930133012B0393E2
S315000051C0B8BF012306E001230B930E9B002B28DDBD
S315000051D000930393DBF81C000021042202F114055E
S315000051E09D4223D94160584600F08CFD8246002836
S315000051F040D11D4B024640F2AF11DCE60023E3E747
S315000052000023D6E7012400230B9409934FF0FF33C4
S3150000521000220093039312230E92DBE701230B93E4
S31500005220F4E701231A4600930393F5E70131520090
S31500005230D4E700BFAFF3008061436F63A787D23F17
S31500005240B3C8608B288AC63FFB799F501344D33F6F
S31500005250E1A10000F8A100000000F07FE4A2000038
S315000052600000F83F28A3000051A20000DDA10000C5
S31500005270E3A20000DBF81C301860039B0E2B00F243
S31500005280A180002C00F09E80002F33DD07F00F0276
S315000052909B4BF8054FEA271403EBC20393ED007B03
S315000052A08DED067B16D5974B04F00F040326D3E944
S315000052B00823DDE90C0102F01DFACDE90401914D48
S315000052C054B9DDE90623DDE9040102F013FACDE95C
S315000052D0040128E00226F2E7E10708D50136DDE9F8
S315000052E00601D5E9002302F0DBF8CDE906016410DA
S315000052F00835E5E700F0AF807C42814B814D022600
S3150000530004F00F02241103EBC203DDE90C01D3E91B
S31500005310002302F0C5F80023CDE90401002C40F07B
S315000053208F80002BD3D1129BDDE90445002B00F0C2
S3150000533094800022744B2046294602F023FB002865
S3150000534000F08B80039B002B00F08780009B002BD6
S3150000535034DD7B1E204600222946069301366B4B20
S3150000536002F09EF8009CCDE904013046FEF7F8FCF9
S31500005370DDE9042302F094F80022654BFEF7A4FB56
S315000053800546A1F15076002C6AD10022614BDDE979
S315000053900401FEF797FB02460B46CDE904232A4695
S315000053A0334602F00DFB002840F087822A4606F1BC
S315000053B00043DDE9040102F0E5FA38BBDDE90C340F
S315000053C0CDE90434179B002BC0F258810E2F00F351
S315000053D055814B4B03EBC70393ED007B0E9B002BD4
S315000053E08DED007B80F2E580039B002B00F3E180CE
S315000053F00CD10022474B51EC170B02F051F8DDE9B6
S31500005400042302F0D3FA002800F055820024254632
S315000054100E9B5646DB43069300272146584600F06E
S31500005420B1FC002D00F0BD802FB1AF4203D039464C
S31500005430584600F0A7FC2946584600F0A3FCB0E009
S31500005440E20705D50136D5E9002302F029F8012344
S315000054506410083562E7022665E7039C069784E731
S31500005460274B0B9903EBC403544453E90223002949
S3150000547054D00020284902F03DF9334656462A46C4
S31500005480FEF720FBCDE91001DDE9040102F0B8FAD0
S315000054900546FEF765FC02460B463035DDE904019C
S315000054A0FEF710FB02460B4606F8015BCDE9042326
S315000054B0DDE9102302F066FA002872D100201249B5
S315000054C0DDE90423FEF7FEFADDE9102302F05AFABD
S315000054D0002840F0B480A6423FF470AF00220B4B88
S315000054E0DDE9100101F0DCFF0022084BCDE91001D7
S315000054F0DDE9040101F0D4FFCDE90401C4E700BFF2
S3150000550028A3000000A300000000F03F0000244094
S3150000551000001C40000014400000E03F31465646A3
S31500005520284601F0BDFF1594CDE91001DDE904011F
S3150000553002F066FA0546FEF713FC024630350B46C6
S31500005540DDE90401FEF7BEFA06F8015B02460B46EA
S31500005550A642CDE904234FF0000224D1AB4BDDE98E
S315000055601001FEF7B1FA02460B46DDE9040102F02E
S3150000557027FA002863D10020A449DDE91023FEF7AD
S31500005580A1FA02460B46DDE9040102F0FBF9002808
S315000055903FF414AF159E731E159316F8013C302B7D
S315000055A0F8D0069F3BE09A4B01F07AFFCDE9040163
S315000055B0BCE7DDE90445564620462946DDE90023D9
S315000055C002F098F802F01CFA8046FEF7C9FBDDE906
S315000055D0002301F065FF0246204608F130040B4621
S315000055E02946FEF76FFA039D06F8014BA6EB0A045F
S315000055F002460B46A54234D1FEF766FA04460D462E
S31500005600DDE9002302F0DCF9C0B920462946DDE9D0
S31500005610002302F0ADF910B118F0010F0ED1494682
S31500005620584600F0AFFB002301373370139B1F6011
S31500005630239B002B00F03C821E6039E2069733461E
S315000056401E4613F8012D392A07D19A45F8D1069A34
S315000056500132069230228AF800201A7801321A7036
S315000056609FE700226A4B01F01BFF0022002304463D
S315000056700D4602F07DF900289ED0D0E70B9A002A4D
S3150000568000F0E180099A012A00F3C480149A002AE6
S3150000569000F0B78003F233430A9C4646089A01217C
S315000056A0584698441A44089200F022FC05465EB11A
S315000056B0089B002B08DDB342089AA8BF3346A8EB27
S315000056C00308F61AD31A08930A9BF3B10B9B002B17
S315000056D000F0BD808CB129462246584600F0C2FC37
S315000056E04A4601460546584600F018FC49460690CB
S315000056F0584600F047FB069B99460A9B1A1B04D0A6
S315000057004946584600F0AEFC81460121584600F055
S31500005710EFFB0F9B0446002B00F0CE811A46014694
S31500005720584600F09FFC099B0446012B00F3958028
S31500005730049B002B40F08D80059BC3F31303002BC5
S3150000574040F08980059B23F000431B0D1B052BB100
S31500005750089B08F101080133089301230A930F9B64
S31500005760002B00F0AF81236904EB8303186900F076
S3150000577073FBC0F12000089B184410F01F0077D07F
S31500005780C0F12003042B6BDDC0F11C00089B804494
S31500005790034406440893B8F1000F05DD4946424626
S315000057A0584600F0B9FC8146089B002B05DD2146D2
S315000057B01A46584600F0B0FC0446129B002B59D0FE
S315000057C02146484600F014FD002853DA7B1E494660
S315000057D00A2258460693002300F0F6FA0B9B8146F0
S315000057E0002B00F07181002329460A22584600F05A
S315000057F0EBFA009B0546002B67DC099B022B41DC7C
S3150000580063E0169BC3F1360346E700BF0000E03FA6
S3150000581000002440039B5C1E0A9BA34209DB1C1B61
S31500005820039B002BBFF639AF039BA8EB03060023AF
S3150000583034E70A9B46460F9AE31A0A9400241A4450
S31500005840039B0F922AE70A9C46460B9D2FE70A9A6E
S3150000585056E7002382E7049B80E700230A9382E74A
S3150000586099D01C33089A1A4498441E44089292E729
S315000058700346F6E7039B0697002B20DC0093099B63
S31500005880022B1EDD009B002B7FF4C2AD21460522B4
S31500005890584600F099FA01460446484600F0A8FC2E
S315000058A000287FF7B5AD3123564606F8013B069B27
S315000058B001330693B0E5039C06972546F3E7039B61
S315000058C000930B9B002B00F00381002E05DD29467B
S315000058D03246584600F020FC05460A9B002B5AD05B
S315000058E06968584600F00EFA064628B9834B024608
S315000058F040F2EF21FFF75FBB2A6905F10C010C307E
S3150000590002329200FFF79BFA01223146584600F018
S3150000591003FC0AF101032F4605460393009B5344FB
S315000059200B93049B03F001030A93039B214648460D
S31500005930013B0093FFF798FA3946049000F13008CE
S31500005940484600F055FC2A4608902146584600F085
S315000059506BFCC268064602BB0146484600F048FC9E
S315000059600246314658460E9200F00CFA099B0E9AF2
S31500005970039E42EA03010A9B194310D1B8F1390F7D
S3150000598029D0089B002B02DD049B03F13108009B04
S3150000599083F8008041E52846BBE70122E1E7089B42
S315000059A0002B04DB09990B430A990B4320D1002AEB
S315000059B0EDDD49460122584600F0AEFB2146814600
S315000059C000F016FC002803DCE1D118F0010FDED050
S315000059D0B8F1390FD8D13923009A137033461E46D1
S315000059E0013B16F8012C392A51D001321A7014E500
S315000059F0002A07DDB8F1390FEDD008F10103009A4E
S31500005A0013700AE5039B0B9A03F8018C934228D086
S31500005A10494600230A22584600F0D6F9AF4281468D
S31500005A204FF000034FF00A023946584607D100F0FE
S31500005A30CBF907460546039B0133039375E700F050
S31500005A40C3F92946074600230A22584600F0BCF946
S31500005A500546F0E7009B0027002BCCBF1E4601261B
S31500005A60564449460122584600F056FB21468146D7
S31500005A7000F0BEFB0028B1DC02D118F0010FADD159
S31500005A8033461E4613F8012D302AFAD0C5E49A454E
S31500005A90A5D1069B0133069331238AF80030BCE476
S31500005AA0239BDFF85CA01BB10AF10803239A13605D
S31500005AB0504619B0BDE8F08F099B012B7FF738AE31
S31500005AC00F9B0A93012056E6009B002B7FF7D7AE6B
S31500005AD0564621464846FFF7C7F900F13008009BB5
S31500005AE006F8018BA6EB0A029342B3DD4946002372
S31500005AF00A22584600F068F98146EAE751A20000FA
S31500005B00D4A1000038B50546002941D051F8043C1F
S31500005B100C1F002BB8BFE41800F0E8F81D4A136804
S31500005B2033B9636014602846BDE8384000F0E4B835
S31500005B30A34208D9206821188B4201BF19685B6807
S31500005B4009182160EDE71A465B680BB1A342FAD942
S31500005B5011685018A0420BD12068014450181160FA
S31500005B608342E0D118685B68084453601060DAE746
S31500005B7002D90C232B60D6E7206821188B4202BF7E
S31500005B8019685B680918636008BF21605460CAE73A
S31500005B9038BD00BFF84A0120024B0146186800F0E4
S31500005BA025B800BF1C00002070B50F4E0C460546F8
S31500005BB0316811B901F07EFB30602146284601F0BC
S31500005BC079FB431C03D14FF0FF34204670BDC41C43
S31500005BD024F00304A042F8D0211A284601F06AFBFB
S31500005BE00130F2D1EFE700BFF44A01202DE9F84376
S31500005BF0CD1C064625F0030508350C2D38BF0C25AF
S31500005C00002D01DBA94204D90C2333600020BDE836
S31500005C10F883DFF8D48000F069F8D8F800301C4625
S31500005C2044BB29463046FFF7BFFF431C044658D104
S31500005C30D8F800402746002F43D1002C4BD02368CC
S31500005C403946304604EB030901F034FB814542D165
S31500005C50216830466D1A2946FFF7A6FF01303AD073
S31500005C6023682B442360D8F800305A6862BBC8F812
S31500005C7000700FE02268521B20D40B2A17D9611935
S31500005C80A342256018BF5960636808BFC8F80010B2
S31500005C9062514B60304600F02FF804F10B00231DD3
S31500005CA020F00700C21A1CBF1B1AA350AFE7626898
S31500005CB0A3420CBFC8F800205A60EBE7234664688D
S31500005CC0AEE73C467F68B6E71A465B68A342FBD15F
S31500005CD000235360DEE70C233046336000F00CF8F7
S31500005CE094E70560D6E700BFF84A01200148FFF7B0
S31500005CF096B800BFF04A01200148FFF791B800BFEF
S31500005D00F04A012070B5C66904460D4676B91020E2
S31500005D10FFF742FF0246E06120B9184B6B21184895
S31500005D20FCF790FFC0E901660660C660E669F368A5
S31500005D3083B1E369DB6853F82500B8B90121204631
S31500005D4001FA05F6721D920001F0C4FA60B1C0E9CD
S31500005D5001560EE021220421204601F0BBFAE36938
S31500005D60F060DB68002BE4D1002070BD026843F8C8
S31500005D7025200023C0E90333F7E700BFE1A10000B7
S31500005D8062A2000070B5C66905460C4676B91020B9
S31500005D90FFF702FF0246E86120B9094B8F21094847
S31500005DA0FCF750FFC0E901660660C6603CB1EB69CE
S31500005DB06268DB6853F82210216043F8224070BD08
S31500005DC0E1A1000062A200002DE9F04101F1140CEE
S31500005DD007460C461E460D690020DCF800300130EF
S31500005DE099B2854202FB01614FEA13464FEA11431D
S31500005DF089B202FB063301EB03414FEA13464CF826
S31500005E00041BEADC0EB3A368AB4219DC61683846B2
S31500005E100131FFF777FF804628B902460C4BBA21BD
S31500005E200C48FCF70FFF226904F10C010C3002321A
S31500005E309200FFF704F8214644463846FFF7A2FFD2
S31500005E4004EB850301355E6125612046BDE8F081DE
S31500005E5051A2000062A20000B0F5803F034636BFA3
S31500005E60030400201020B3F1807F3CBF1B020830E2
S31500005E70B3F1805F3CBF1B010430B3F1804F3CBFE0
S31500005E809B000230002B05DB13F0804F00F1010070
S31500005E9008BF202070470368024613F007000BD0A6
S31500005EA0D90721D4980747BF5B0801209B08022029
S31500005EB04CBF13601360704799B209B91B0C1020D0
S31500005EC0D9B209B908301B0A190704BF1B090430E7
S31500005ED0990704BF9B080230D90703D45B0800F179
S31500005EE0010003D0136070470020704720207047E0
S31500005EF010B50C460121FFF705FF024628B9054BF0
S31500005F0040F245110448FCF79DFE012344610361FC
S31500005F1010BD00BF51A2000062A200002DE9F04FA3
S31500005F2017460A69894685B03B699A42A2BF3B4635
S31500005F300F4699463D69BB68D9F810A0796805EB0C
S31500005F400A06B342B8BF0131FFF7DCFE30B902469C
S31500005F50424B4FF4B1714248FCF774FE00F1140451
S31500005F60002204EB860E2346734520D307F114085E
S31500005F7009F1140108EB850501EB8A030293EB1B7B
S31500005F801537153B23F003030433BD4238BF042302
S31500005F900193029B03918B420CD8002E03DD5EF821
S31500005FA0043D002B57D0066105B0BDE8F08F43F8DD
S31500005FB0042BD9E7B1F800A0BAF1000F21D0C446EE
S31500005FC0A14600275CF8042BD9F800301FFA82FBA3
S31500005FD065459BB24FEA12420AFB0B333B44D9F8A4
S31500005FE000704FEA17470AFB027202EB13429BB29C
S31500005FF04FEA124743EA024349F8043BE2D8019BC1
S31500006000E750039B0431B3F80290B9F1000F20D09A
S3150000601023684746A4464FF0000AB7F800B09BB283
S31500006020BCF8022009FB0B22524443EA02434CF817
S31500006030043B57F8043B4FEA134ABCF80030BD4214
S3150000604009FB0A3303EB12434FEA134AE5D8019AD8
S31500006050A35004349DE7013E9FE700BF51A2000014
S3150000606062A200002DE9F843154612F00302074626
S315000060700E4607D0013A254C002354F82220FFF79C
S31500006080A3FE0646AD103DD0FC697CB91020FFF793
S3150000609083FD0246F86128B91D4B40F2B3111D4835
S315000060A0FCF7D0FDC0E901440460C460D7F81C8049
S315000060B0D8F808404CB940F271213846FFF718FF6E
S315000060C000230446C8F8080003604FF00009EB07F8
S315000060D00AD5314622463846FFF720FF804631462C
S315000060E038464646FFF74EFE6D100BD0206838B98D
S315000060F0224621463846FFF711FF2060C0F800907F
S315000061000446E4E73046BDE8F88300BFF4A2000089
S31500006110E1A1000062A200002DE9F0470C46074607
S3150000612091464FEA621A2369496803EB6218A3682D
S3150000613008F10106B3420BDB3846FFF7E3FD0546DF
S3150000614048B90246284B4FF4EF712848FCF77AFD10
S3150000615001315B00EEE7002300F1140100F11002AB
S315000061601846534533DB2AEAEA7A04F11403206918
S3150000617019F01F0901EB8A0103EB800C2BD0C9F142
S31500006180200E8A460022186800FA09F010434AF8E1
S31500006190040B53F8042B9C4522FA0EF2F3D8ACEB11
S315000061A0040304F11500153B23F003030433604593
S315000061B088BF0423CA500AB108F10206013E3846D8
S315000061C021462E61FFF7DEFD2846BDE8F087013344
S315000061D042F8040FC5E7043953F8042B9C4541F8EF
S315000061E0042FF9D8EAE700BF51A2000062A200001E
S315000061F003460A690069801A30B50ED1143314318A
S3150000620003EB820401EB820154F8045D51F8042D7E
S31500006210954203D005D24FF0FF3030BDA342F3D3F1
S31500006220FBE70120F9E7FFFF2DE9F74F8946064610
S31500006230114614464846FFF7DBFF051E12D12946D4
S315000062403046FFF75FFD024628B9414B40F2372141
S315000062504048FCF7F7FC0123C0E90435104603B0BB
S31500006260BDE8F08FBCBF4B46A1463046B8BF0125FE
S31500006270D9F80410B4BF1C460025FFF743FD0246BB
S3150000628018B9334B40F24521E2E7D9F8107004F112
S31500006290140E266900F1140BC56009F1140509F105
S315000062A010030EEB860605EB8708D9464FF0000C67
S315000062B00193019B5EF8040B53F804AF76450193F6
S315000062C01FFA8AF3194683B24FEA1040A1EB030383
S315000062D0C0EB1A40634400EB23409BB24FEA204CCC
S315000062E043EA004349F8043BE3D8331B1534153B16
S315000062F023F003030433A64238BF04231D445B4442
S315000063002C461E4644450ED308F10301491B033DA6
S3150000631021F00301A84538BF00210B4453F8041DA2
S3150000632099B117619AE754F8041BE6461FFA81FCF7
S31500006330080C7144F44489B200EB2C4041EA004158
S315000063404FEA204C46F8041BDCE7013FE6E700BFB6
S3150000635051A2000062A200002DE9F7430F46012179
S31500006360164659EC108BFFF7CDFC044630B90246B1
S31500006370234B40F20F312348FCF764FCC9F30A555E
S31500006380C9F313030DB143F480130193B8F100036D
S3150000639023D068460093FFF77EFDDDE90012D0B1F9
S315000063A0C0F1200302FA03F3C2400B43019263617A
S315000063B0019B002BA3610CBF012202222261A5B121
S315000063C0A5F233450544C0F135003D6030602046F6
S315000063D003B0BDE8F0836161EAE701A8FFF75BFD62
S315000063E0019B203001226361E8E7A0F2324004EB12
S315000063F0820338601869FFF72FFDC0EB4210E5E70E
S3150000640051A2000062A200002DE9F0471F468E68E7
S3150000641082460C46BE4290460B682DD8B1F90C2038
S3150000642012F4906F26D06569096905EB4505A3EB63
S3150000643001097B1C05EBD5754B446D109D4238BF99
S315000064401D46530527D52946FFF7D0FB064660B300
S315000064504A462169FEF7F3FCA38923F4906343F0CF
S315000064608003A38126614E446561A5EB090526607C
S315000064703E46A560BE4200D93E46324641462068A9
S31500006480FEF744FCA36800209B1BA36023683344EB
S315000064902360BDE8F0872A4600F042FF0646002842
S315000064A0E0D121695046FFF72DFB0C234FF0FF305A
S315000064B0CAF80030A38943F04003A381E9E7FFFF50
S315000064C02DE9F04F98468B899DB007461B060D4671
S315000064D0144610D50B6973B94021FFF787FB286076
S315000064E0286130B90C233B604FF0FF301DB0BDE88A
S315000064F0F08F40236B610023CDF80C804FF001092B
S31500006500DFF8A081099320238DF8293030238DF8F8
S315000065102A3023469A4613F8012B0AB1252AF9D1C7
S31500006520BAEB040B0BD05B46224629463846FFF7EA
S315000065306BFF013000F0A780099A5A4409929AF835
S315000065400030002B00F09F8000234FF0FF320AF14D
S31500006550010A049307938DF853301A93CDE9052366
S31500006560544605224F4814F8011BFEF75AFC049ABC
S31500006570D8B9D00644BF20238DF85330110744BF45
S315000065802B238DF853309AF800302A2B15D0079A12
S31500006590544600204FF00A0C214611F8013B303BCF
S315000065A0092B4BD9B0B1079214E0A0EB0803A24621
S315000065B009FA03F313430493D2E7039B191D1B68DF
S315000065C0002B0391BBBF5B4242F002020793079385
S315000065D0B8BF049223782E2B0AD163782A2B32D1A6
S315000065E0039B02341A1D1B6843EAE3730392059367
S315000065F0DFF8C0A0032221785046FEF712FC38B11E
S31500006600A0EB0A004022049B01348240134304930A
S3150000661014F8011B062224488DF82810FEF701FC09
S31500006620002836D0214B1BBB039B073323F00703FF
S3150000663008330393099B334409936AE70CFB023240
S315000066400C460120A8E7002301344FF00A0C194636
S315000066500593204610F8012B303A092A03D9002B5E
S31500006660C6D00591C4E70CFB012104460123F0E7DF
S3150000667003AB2A4604A9384600930D4BFDF7F2FCFE
S31500006680421C0646D6D1AB895B063FF52DAF09986D
S315000066902CE703AB2A4604A938460093044BFDF7C2
S315000066A07DFFEDE7BCA20000C6A200006540000029
S315000066B009640000C2A2000038B54B1C144603D181
S315000066C04FF0FF35284638BD9389CDB223F020031D
S315000066D09381636B52688BB1A36B934208DD236889
S315000066E05A1E226003F8015C636801336360E9E7C0
S315000066F0214600F085FD0028F1D0E1E721692368F5
S3150000670051B1994208D213F8011CA94204D1013BA8
S31500006710013223606260D5E7C4E90F3204F1440315
S3150000672063630323A363234603F8465F23600123C1
S31500006730DCE710B50C46496B69B104F14403994294
S3150000674001D0FFF7DFF90020236C6063636013B1AB
S31500006750E36B236010BD23694FF0FF3023600023F5
S315000067606360A38943F02003A381F3E72DE9F04F8B
S315000067700C46ADF5237D002106460DF10408A64F13
S315000067800093CDF81881CDE94411A449A091A449FC
S31500006790A19192F80090B9F1000F00F0588117F816
S315000067A00930551C13F0080319D06368002B0FDD60
S315000067B023681A78BA5C120701D42A46E9E7459A93
S315000067C001330132236045926268013A6260ECE768
S315000067D0A19B2146304698470028E9D0EDE7B9F15C
S315000067E0250F40F086804193439353782A2B04BFAC
S315000067F01023951C4FF00A0208BF4193AA461AF8C7
S31500006800011BA1F13003092B1ED9DFF818B20322B0
S315000068105846FEF706FB38B1A0EB0B000123419A60
S31500006820554683401343419315F8013B782B06D810
S31500006830572B10D8252B5CD056D8002B74D00323A9
S3150000684047930A23429387E0439B554602FB031175
S3150000685030394391D2E7A3F15802202AEFD801A19B
S3150000686051F822F0376900003F6800003F680000D9
S31500006870916900003F6800003F6800003F68000023
S315000068803F6800003F6800003F6800003F68000066
S31500006890A76900008D690000EF680000EF6800003E
S315000068A0EF6800003F680000496900003F6800008B
S315000068B03F6800003F6800003F680000B7690000BD
S315000068C0516900002F6900003F6800003F68000022
S315000068D0B36900003F6800008D6900003F68000052
S315000068E03F68000037690000453B022BA7D8052307
S315000068F031E06368002B0DDD23681A784A4540F0C5
S31500006900A680013362682360013A459B62600133C9
S31500006910459352E7A19B2146304698470028EBD085
S315000069204498002840F08B804FF0FF308BE0419A6E
S3150000693042F020024192419A42F4007241921022A2
S315000069406E2B429202D905E000234293032302E014
S3150000695008234293042347936368002B3ADD419B47
S31500006960590604D423681A78BA5C120739D4479BAF
S31500006970022B48DC6B46224641A9304600F0AEF9B0
S31500006980012864D002287FF418AFC9E70A22D7E7A6
S315000069902946404600F0FBFB419B054643F0400379
S315000069A041930123D7E7419B43F0400341930023E2
S315000069B0D1E70223CFE74198C3063FF5FEAE009B21
S315000069C0C007459A03F1040100911B684CBF1A8069
S315000069D01A60F2E6A19B2146304698470028BED0B1
S315000069E09EE7459A013245926268013A002A626042
S315000069F002DD01332360B5E7A19B21463046984767
S31500006A000028AFD08CE7042B0EDC6B46224641A94A
S31500006A10304600F0BDF9B3E7A2A00000B966000059
S31500006A2033670000C2A200000A4B002B3FF4C5AE3C
S31500006A306B46224641A93046AFF30080A0E7A38902
S31500006A405B063FF571AF0DF5237DBDE8F08F4498E9
S31500006A50F9E700BF000000009368013B002B93603C
S31500006A6010B408DA9469A34201DB0A2903D15DF860
S31500006A70044BFEF7A6B81368581C10600846197038
S31500006A805DF8044B7047F8B506460F461446D51810
S31500006A90AC4201D1002007E03A4614F8011B30460B
S31500006AA0FFF7DAFF431CF3D1F8BDFFFF2DE9F04FE6
S31500006AB00D469DB014469846064618B1036A0BB9B2
S31500006AC0FDF716FF6B6ED90705D4AB899A0502D47C
S31500006AD0A86DFEF7A4F9AB891B0701D52B699BB9F5
S31500006AE029463046FEF7ACF870B16B6EDC0704D56C
S31500006AF04FF0FF301DB0BDE8F08FAB899805F7D495
S31500006B00A86DFEF78DF9F3E70023CDF80C804FF062
S31500006B100109DFF8B481099320238DF82930302349
S31500006B208DF82A3023469A4613F8012B0AB1252AF6
S31500006B30F9D1BAEB040B0BD05B4622462946304608
S31500006B40FFF7A1FF013000F0A780099A5A44099285
S31500006B509AF80030002B00F09F8000234FF0FF32A0
S31500006B600AF1010A049307938DF853301A93CDE97D
S31500006B70052354460522544814F8011BFEF751F923
S31500006B80049AD8B9D10644BF20238DF85330130791
S31500006B9044BF2B238DF853309AF800302A2B15D09A
S31500006BA0079A544600204FF00A0C214611F8013B83
S31500006BB0303B092B4BD9B0B1079214E0A0EB080388
S31500006BC0A24609FA03F313430493D2E7039B191D64
S31500006BD01B68002B0391BBBF5B4242F00202079386
S31500006BE00793B8BF049223782E2B0AD163782A2BF9
S31500006BF032D1039B02341A1D1B6843EAE3730392E6
S31500006C000593DFF8D4A0032221785046FEF709F950
S31500006C1038B1A0EB0A004022049B013482401343A2
S31500006C20049314F8011B062228488DF82810FEF755
S31500006C30F8F800283FD0264B1BBB039B073323F0F5
S31500006C40070308330393099B3B4409936AE70CFB4C
S31500006C5002320C460120A8E7002301344FF00A0C4B
S31500006C6019460593204610F8012B303A092A03D914
S31500006C70002BC6D00591C4E70CFB01210446012375
S31500006C80F0E703AB2A4604A930460093114BFDF703
S31500006C90E9F90746781CD6D16B6ED90705D4AB89BE
S31500006CA09A0502D4A86DFEF7BBF8AB895B063FF5E3
S31500006CB01FAF09981EE703AB2A4604A93046009386
S31500006CC0044BFDF76BFCE4E7BCA20000C6A2000083
S31500006CD065400000876A0000C2A200002DE9F84363
S31500006CE015468A6880460C4632B98A69002A14BF5E
S31500006CF04FF0FF3201228A6022680027DFF88C906D
S31500006D00D1065FBF1A68111D19601668A06988B19F
S31500006D10012807D12B681A7863699B5C53B9002F49
S31500006D2031D022E0022820D12B681B7819F80330D5
S31500006D301B071AD423680137DA065EBF2B681B7857
S31500006D4006F8013B2A686B680132013B2A60A2689B
S31500006D506B60013AA26042B1002BD7DCD4F88031D7
S31500006D602946404698470028D0D0236813F01003E0
S31500006D7005D1E2680132E260A26902B1337023698B
S31500006D8000203B442361BDE8F88300BFA2A00000B9
S31500006D902DE9F04F984687B0724B0C468246164650
S31500006DA027464FF0000B93E8070003AB83E8070084
S31500006DB06D4BA1696D4A032908BF1A46A368019263
S31500006DC05A1EB2F5AE7F89BF6FF4AE754FF000095B
S31500006DD003EB050940F25D1388BFA36057F81C3B1F
S31500006DE043F450633D462360316803AB02220978C1
S31500006DF053F82B00FEF715F828B3BBF1010F59D154
S31500006E0062682AB92268082142F400726160226031
S31500006E10226822F4A0622260A268511EA16092B18B
S31500006E203268511C3160127805F8012B7268013AFC
S31500006E30002A726007DCD4F880213146504690471C
S31500006E40002840F085800BF1010BBBF1030FCBD17D
S31500006E5063680BB90A23636063684FF0000B44490B
S31500006E606069C91A00F093F9A3682268002B3DD027
S31500006E703168606991F800C010F80C00002835D020
S31500006E80BCF1300F24D1100522D50BF1010BB9F15D
S31500006E90000F03D0013309F1FF39A3607368013B8A
S31500006EA0002B73601BDD336801333360A368013B3D
S31500006EB0A360D9E7BBF1020FAED1226802F4C0612C
S31500006EC0B1F5007FBFD1102142F480726160A2E764
S31500006ED022F4106222600B7805F8013BDEE7D4F855
S31500006EE080313146504698470028DFD02368D905BF
S31500006EF00DD5BD4209D905F1FF3915F8011CD4F8A5
S31500006F007C3132464D4650469847BD4228D02268CD
S31500006F1012F0100213D12A70394663685046019E5A
S31500006F20B047D8F8003021681A1D11F0200FC8F8B4
S31500006F3000201B680FD01860E3680133E360ED1B87
S31500006F40236900205D442B44236107B0BDE8F08F20
S31500006F504FF0000BCAE7CA074CBF18801860EBE772
S31500006F600120F2E7F0A3000071740000113F000059
S31500006F70DDA20000B1F90C202DE9F0411607054607
S31500006F800C4654D44B68002B02DC0B6C002B48DDFE
S31500006F90E66A002E45D0002312F480522F68216A3B
S31500006FA02B6030D0626DA389590705D56368D21A64
S31500006FB0636B0BB1236CD21A0023E66A216A28465A
S31500006FC0B047431CA38906D129681D292BD82A4A14
S31500006FD0CA40D60727D50022D904626022692260FA
S31500006FE004D5421C01D12B6803B96065616B2F6023
S31500006FF0B9B104F14403994202D02846FEF782FD56
S31500007000002363630DE001232846B0470246501C67
S31500007010C9D12B68002BC6D01D2B01D0162B1DD134
S315000070202F60002021E043F040031BB21AE00F69F5
S31500007030002FF6D093070E680F600CBF4B69002334
S31500007040A6EB07088B60B8F1000FEADD43463A4627
S31500007050216A2846A66AB047002808DCB4F90C3035
S3150000706043F040034FF0FF30A381BDE8F0810744B1
S31500007070A8EB0008E7E700BF0100402038B50B6920
S3150000708005460C4613B90025284638BD18B1036AD3
S315000070900BB9FDF72DFCB4F90C30002BF3D0626E62
S315000070A0D00704D4990502D4A06DFDF7B8FE284692
S315000070B02146FFF75FFF636E0546DA07E4D4A3892E
S315000070C09B05E1D4A06DFDF7ABFEDDE770B50C4680
S315000070D0B1F90E1096B0154600291E460CDAA389A2
S315000070E0002113F0800F14BF40234FF4806300206B
S315000070F031602B6016B070BD6A4600F0B9F8002802
S31500007100EDDB019901F47041A1F500535942594153
S315000071104FF48063EBE78B89F7B59D0706460C466F
S3150000712007D504F14703236023610123636103B09C
S31500007130F0BD01AB6A46FFF7C9FF009F0546304622
S315000071403946FEF753FD48B9B4F90C309A05EED42A
S3150000715023F0030343F00203A381E2E7A38920603F
S3150000716043F08003A381019BC4E904075BB1B4F932
S315000071700E10304600F08EF828B1A38923F00303E1
S3150000718043F00103A381A3891D43A581CFE770B511
S315000071900B78044601385E2B04F1FF0513BF4A1C29
S315000071A08A1C4B78002108BF012100F8011FA84264
S315000071B0FBD10BB9501E70BD81F001011046E154A0
S315000071C0024612F8015B2D2D05D05D2D16D0002D3F
S315000071D0F1D02B46F2E746785D2EFAD0B342F8DCC2
S315000071E002301A4601329642A154FBDCF21A5D1CAB
S315000071F0013AB342A8BF0022AB18E1E71046DAE72E
S315000072002DE9F0410C46496B04F1440399421AD129
S315000072104FF48061FEF7EAFC18B94FF0FF30BDE885
S31500007220F0814FF48063606300F2FD30A36394F84D
S315000072304630837094F84530437094F844300370B8
S3150000724020600020EBE7A66B77003A4600F068F86E
S3150000725005460028E1D000EB0608014632464046C6
S31500007260FDF7EDFDC4F80080C4E90D57E9E7FFFF1F
S3150000727038B50023064D0446084611462B6000F03B
S31500007280EFFB431C02D12B6803B1236038BD00BF5E
S31500007290EC4A012038B50023054D044608462B600C
S315000072A000F0E6FB431C02D12B6803B1236038BD16
S315000072B0EC4A012038B50023054D044608462B60EC
S315000072C0FBF7B8FD431C02D12B6803B1236038BD20
S315000072D0EC4A012070B5A1FB025434B92946FEF7E9
S315000072E085FC064628B9304670BD0C220026026091
S315000072F0F9E72A462146FDF723FDF4E782B001B9F6
S3150000730001A942B14BB113780B601278101E18BF59
S31500007310012002B070471046FBE76FF00100F8E766
S315000073202DE9F041074614460D4621B91146BDE840
S31500007330F041FEF75BBC2AB92546FEF7E3FB28467B
S31500007340BDE8F08100F0A3F88442064602D8B4EB0B
S31500007350500FF4D821463846FEF748FC804608B957
S315000073604546ECE7B4422246294628BF3246FDF799
S3150000737066FD29463846FEF7C5FBF1E7242B2DE9C5
S31500007380F0478646904601D8012B06D1FDF740FD11
S31500007390162303600020BDE8F0870D4633482A46D1
S315000073A015F8014B065D16F00806F8D12D2C10D104
S315000073B02C780126951C33F0100215D1302C0DD1F6
S315000073C02A7802F0DF02582A08D16C780235102399
S315000073D00AE02B2C04BF2C78951CECE7002BF6D189
S315000073E0302C14BF0A23082306F1004C00220CF1AE
S315000073F0FF3C1046BCFBF3F903FB19CAA4F13007A6
S31500007400092F0FD83C46A3421BDD571C07D08145E8
S3150000741014D301D1A24511DB00FB0340012215F86C
S31500007420014BEBE7A4F14107192F01D8373CEAE7F6
S31500007430A4F16107192F04D8573CE4E74FF0FF3257
S31500007440EDE7531C08D122236046CEF80030B8F190
S31500007450000FA0D0691E06E006B14042B8F1000F49
S3150000746099D0002AF6D1C8F8001094E7A2A000002F
S31500007470FFF784BF0346084641B1FF2A04D98A2292
S315000074804FF0FF301A60704701200A70704751F8BC
S31500007490043C181F002BBCBF0B58C0187047FFFFD9
S315000074A070B54FF0FF0C4CF4E06C1CEA11541DBF94
S315000074B01CEA135594EA0C0F95EA0C0F00F0DEF85F
S315000074C02C4481EA030621EA4C5123EA4C5350EA44
S315000074D0013518BF52EA033541F4801143F4801395
S315000074E038D0A0FB02CE4FF00005E1FB02E506F026
S315000074F00042E0FB03E54FF00006E1FB03569CF07B
S31500007500000F18BF4EF0010EA4F1FF04B6F5007F80
S3150000751064F5407404D25FEA4E0E6D4146EB0606F2
S3150000752042EAC62141EA55514FEAC52040EA5E507B
S315000075304FEACE2EB4F1FD0C88BFBCF5E06F1ED825
S31500007540BEF1004F08BF5FEA500E50F1000041EB5C
S31500007550045170BD06F0004646EA010140EA020009
S3150000756081EA0301B4EB5C04C2BFD4EB0C0541EA2B
S31500007570045170BD41F480114FF0000E013C00F340
S31500007580AB8014F1360FDEBF002001F0004170BD64
S31500007590C4F10004203C35DA0C341BDC04F114047D
S315000075A0C4F1200500FA05F320FA04F001FA05F209
S315000075B040EA020001F0004221F0004110EBD370D6
S315000075C021FA04F642EB06015EEA430E08BF20EA02
S315000075D0D37070BDC4F10C04C4F1200500FA04F3A5
S315000075E020FA05F001FA04F240EA020001F0004137
S315000075F010EBD37041F100015EEA430E08BF20EAAA
S31500007600D37070BDC4F1200500FA05F24EEA020EF1
S3150000761020FA04F301FA05F243EA020321FA04F020
S3150000762001F0004121FA04F220EA020000EBD370D7
S315000076305EEA430E08BF20EAD37070BD94F0000FD7
S315000076400FD101F00046400041EB010111F4801F0B
S3150000765008BF013CF7D041EA060195F0000F18BFBC
S31500007660704703F00046520043EB030313F4801FF8
S3150000767008BF013DF7D043EA0603704794EA0C0FB2
S315000076800CEA135518BF95EA0C0F0CD050EA4106C8
S3150000769018BF52EA4306D1D181EA030101F0004145
S315000076A04FF0000070BD50EA410606BF104619466D
S315000076B052EA430619D094EA0C0F02D150EA013679
S315000076C013D195EA0C0F05D152EA03361CBF1046BA
S315000076D019460AD181EA030101F0004141F0FE4159
S315000076E041F470014FF0000070BD41F0FE4141F4DD
S315000076F0780170BD70B54FF0FF0C4CF4E06C1CEADD
S3150000770011541DBF1CEA135594EA0C0F95EA0C0F91
S3150000771000F0A7F8A4EB050481EA030E52EA03354C
S315000077204FEA013100F088804FEA03334FF080556D
S3150000773045EA131343EA12634FEA022245EA11159A
S3150000774045EA10654FEA00260EF000419D4208BF4B
S31500007750964244F1FD0404F5407402D25B084FEAF8
S315000077603202B61A65EB03055B084FEA32024FF4A4
S3150000777080104FF4002CB6EB020E75EB030E22BF01
S31500007780B61A754640EA0C005B084FEA3202B6EBC1
S31500007790020E75EB030E22BFB61A754640EA5C0070
S315000077A05B084FEA3202B6EB020E75EB030E22BF00
S315000077B0B61A754640EA9C005B084FEA3202B6EB01
S315000077C0020E75EB030E22BFB61A754640EADC00C0
S315000077D055EA060E18D04FEA051545EA16754FEA22
S315000077E006164FEAC30343EA52734FEAC2025FEA40
S315000077F01C1CC0D111F4801F0BD141EA00014FF0CF
S3150000780000004FF0004CB6E711F4801F04BF01439F
S315000078100020B4F1FD0C88BFBCF5E06F3FF6AFAEBB
S31500007820B5EB030C04BFB6EB020C5FEA500C50F14B
S31500007830000041EB045170BD0EF0004E4EEA1131CE
S3150000784014EB5C04C2BFD4EB0C0541EA045170BDD5
S3150000785041F480114FF0000E013C90E645EA060E19
S315000078608DE60CEA135594EA0C0F08BF95EA0C0F47
S315000078703FF43BAF94EA0C0F0AD150EA01347FF48F
S3150000788034AF95EA0C0F7FF425AF104619462CE766
S3150000789095EA0C0F06D152EA03353FF4FDAE1046C9
S315000078A0194622E750EA410618BF52EA43067FF41A
S315000078B0C5AE50EA41047FF40DAF52EA43057FF4AA
S315000078C0EBAE12E74FF0FF3C06E000BF4FF0010CB5
S315000078D002E000BF4FF0010C4DF804CD4FEA410C19
S315000078E07FEA6C5C4FEA430C18BF7FEA6C5C1BD0E6
S315000078F001B050EA410C0CBF52EA430C91EA030F67
S3150000790002BF90EA020F0020704710F1000F91EAC3
S31500007910030F58BF994208BF90422CBFD8176FEA91
S31500007920E37040F0010070474FEA410C7FEA6C5C5F
S3150000793002D150EA013C07D14FEA430C7FEA6C5C66
S31500007940D6D152EA033CD3D05DF8040B704700BF92
S315000079508446104662468C461946634600E000BFE0
S3150000796001B5FFF7B7FF002848BF10F1000F01BDB2
S315000079704DF808EDFFF7F4FF0CBF012000205DF87D
S3150000798008FB00BF4DF808EDFFF7EAFF34BF012002
S3150000799000205DF808FB00BF4DF808EDFFF7E0FF9B
S315000079A094BF012000205DF808FB00BF4DF808EDEC
S315000079B0FFF7CEFF94BF012000205DF808FB00BF53
S315000079C04DF808EDFFF7C4FF34BF012000205DF835
S315000079D008FB00BF4FEA410C7FEA6C5C02D150EA1B
S315000079E0013C0AD14FEA430C7FEA6C5C02D152EAB1
S315000079F0033C02D14FF0000070474FF00100704782
S31500007A004FEA410212F5001215D211D56FF47873C0
S31500007A10B3EB625212D94FEAC12343F0004343EA63
S31500007A20505311F0004F23FA02F018BF404270473E
S31500007A304FF00000704750EA013005D111F00040C8
S31500007A4008BF6FF0004070474FF00000704700BF5E
S31500007A50024B58224FF0FF301A607047EC4A012063
S31500007A60024B58224FF0FF301A607047EC4A012053
S31500007A70024B582200201A60704700BFEC4A0120D2
S31500007A80024B58224FF0FF301A607047EC4A012033
S31500007A90024B58224FF0FF301A607047EC4A012023
S31500007AA04275696C7420776974682052656E6573D7
S31500007AB0617320416476616E63656420466C657807
S31500007AC069626C6520536F667477617265205061D8
S31500007AD0636B6167652076657273696F6E20352EFC
S31500007AE0392E3000352E392E3000000000000905F1
S31500007AF0F8B500BFF8BC08BC9E467047F8B500BF95
S31500007B00F8BC08BC9E4670470D0A417564696F2033
S31500007B1075706C6F61642073746172742E2E2E0DF5
S31500007B20000000003139322E3136382E34332E31F2
S31500007B30323400005365727665723A2025733A2511
S31500007B40750D0A0044433D25752C2073616D706CDC
S31500007B5065733D256C752C2062797465733D256CC3
S31500007B60750D0A0054435020636F6E6E6563742072
S31500007B706661696C65642E0D000000005241344157
S31500007B802C312C25752C31362C312C256C752C2559
S31500007B906C750A0053656E6420617564696F2068B0
S31500007BA06561646572206661696C65642E0D00000E
S31500007BB053656E64207061636B657420256C752057
S31500007BC06661696C65642E0D0A00000055706C6F65
S31500007BD0616420256C752F256C7520627974657338
S31500007BE02C207061636B65743D256C750D0A000071
S31500007BF0417564696F2075706C6F616420636F6D89
S31500007C00706C6574652C207061636B6574733D25BB
S31500007C106C752E0D0A0000004653505F53554343C2
S31500007C20455353203D3D2065727200002E2E2F7362
S31500007C3072632F68616C5F656E7472792E630000E3
S31500007C405241344D325F4D494E495F494F54000011
S31500007C5054656D703A00000048756D693A00000081
S31500007C6068656C6C6F20776F726C64210000000091
S31500007C7045535038323636205769466920696E6951
S31500007C807469616C697A6174696F6E206661696C8A
S31500007C9065642E0D00000000313131313131313152
S31500007CA0310000005374617274207265636F7264F0
S31500007CB0696E6720357320617564696F2E2E2E0DEF
S31500007CC0000000005265636F7264696E6720636F1F
S31500007CD06D706C6574653A20256C752073616D70E6
S31500007CE06C65732E0D0A0000417564696F2075700E
S31500007CF06C6F616420737563636573732E0D00008A
S31500007D0057616974696E6720666F72207265706C60
S31500007D107920617564696F2E2E2E0D004175646998
S31500007D206F2075706C6F6164206661696C65642E86
S31500007D300D000000507265737320746865206B65D2
S31500007D407920746F207265636F7264206167616960
S31500007D506E2E0D0057616974696E6720666F72201A
S31500007D607265706C79206865616465722E2E2E0DC1
S31500007D700000000052656365697665207265706C67
S31500007D807920686561646572206661696C65642E38
S31500007D900D0000005265706C79206865616465723B
S31500007DA03A2025730D0A0000524134522C312C25FD
S31500007DB06C752C256C752C256C752C256C752C25F5
S31500007DC06C750000496E76616C6964207265706C32
S31500007DD0792068656164657220666F726D61742EC4
S31500007DE00D000000496E76616C6964207265706CE6
S31500007DF07920617564696F20706172616D65746563
S31500007E0072732E0D00000000526563656976652069
S31500007E107265706C792050434D206661696C6564AB
S31500007E202E0D00005265706C792050434D206C6514
S31500007E306E677468206973207A65726F2E0D000074
S31500007E4053746F7265207265706C792050434D20B3
S31500007E506661696C65642E0D000000005265706CE9
S31500007E60792072656365697665643A20256C752F9D
S31500007E70256C752062797465730D0A005265706C05
S31500007E80792050434D2068617320696E636F6D7071
S31500007E906C6574652073616D706C652E0D00000055
S31500007EA05265706C792073616D706C6520636F75B7
S31500007EB06E74206D69736D617463683A20256C7504
S31500007EC02F256C750D0A00005265706C792061755E
S31500007ED064696F2072656164793A20256C75207338
S31500007EE0616D706C65732E0D0A000000537461722B
S31500007EF074207265706C7920706C61796261636B55
S31500007F002E2E2E0D000000005265636569766520F1
S31500007F107265706C7920617564696F206661696C41
S31500007F2065642E0D000000005265706C7920706C3F
S31500007F3061796261636B20636F6D706C6574652E29
S31500007F400D0000002E2E2F7372632F6F6C65642E4A
S31500007F5063000000554152543420777269746520DD
S31500007F606661696C65642C206572723D25640D0A34
S31500007F700000000055415254342054582074696D55
S31500007F80656F75742E0D00004F4B00004552524F21
S31500007F90520000004641494C000000006C696E6BBF
S31500007FA0206973206E6F742076616C69640000002E
S31500007FB05175657279205443502072656365697600
S31500007FC065206C656E677468206661696C65642EF1
S31500007FD00D0000006275737920700000455350381B
S31500007FE0323636206572726F7220726573706F6EEC
S31500007FF073653A20252E2A730D0A00004553503822
S3150000800032363620726573706F6E73652074696DD3
S31500008010656F75743A20252E2A730D0A000000003C
S31500008020415420636F6D6D616E64206661696C6595
S31500008030643A2025730000006C656E3D25640A00D5
S31500008040554152543420636F6D6D616E64207365C3
S315000080506E64206661696C65643A2025730A0000C7
S31500008060436F6D6D616E64206578656375746564D4
S31500008070207375636365737366756C6C79000000B5
S31500008080436F6D6D616E6420657865637574696FA5
S315000080906E206661696C65640000000054696D6558
S315000080A06F75742077616974696E6720666F7220D8
S315000080B04553503832363620726573706F6E73656D
S315000080C03A2025730A00000041542B43574D4F4474
S315000080D0453D310D0A000000536574205769466915
S315000080E0204D6F64652053746174696F6E2E2E2E59
S315000080F0000000004D43552D3E657370383236360C
S315000081003A2D2D2D2D2D2D2D2D2D2D2D2D2D2D2594
S31500008110730000003131313131313131000000005E
S315000081207868310041542B43574A41503D2225730C
S31500008130222C222573220D0A00000000436F6E6E6A
S3150000814065637420746F20576946693A2053534912
S31500008150443D2573202E2E2E0A00000057616974B7
S315000081602054435020646174612074696D656F7595
S31500008170742E0D002B4950442C000000434C4F53E5
S315000081804544000054435020636F6E6E6563746906
S315000081906F6E20636C6F736564207768696C652009
S315000081A077616974696E6720646174612E0D0000E1
S315000081B041542B43495052454356444154413D2571
S315000081C0750D0A0041542B434950524543564441CC
S315000081D054412074696D656F75742C2072783D2545
S315000081E0752E0D0A00000000496E76616C696420E8
S315000081F05443502072656365697665206C656E67C9
S3150000820074682E0D00000000496E76616C6964206A
S315000082104349505245435644415441207265737058
S315000082206F6E73652E0D000041542B434950524525
S315000082304356444154412072657475726E656420DC
S315000082404552524F522E0D005443502072656365BD
S31500008250697665206C656E67746820657863656508
S31500008260647320726571756573742E0D00000000CD
S315000082705443502070656E64696E67206275666649
S315000082806572206F766572666C6F772E0D00000042
S31500008290544350206C696E6520627566666572206F
S315000082A0697320746F6F20736D616C6C2E0D000006
S315000082B0544350206C696E6520686173206E6F2090
S315000082C06E65776C696E652E0D00000041542B4378
S315000082D04950434C4F53450D0A00000041542B436F
S315000082E049504D55583D300D0A00000041542B436E
S315000082F049504D4F44453D300D0A000041542B4333
S31500008300495044494E464F3D300D0A0041542B43D7
S315000083104950524543564D4F44453D310D0A0000E4
S3150000832041542B43495053544152543D22544350D7
S31500008330222C222573222C25750D0A00414C52450C
S3150000834041445920434F4E4E454354454400000096
S31500008350544350207061636B657420746F6F206C9A
S31500008360617267653A2025750D0A000041542B435A
S31500008370495053454E443D25750D0A003E00000008
S3150000838053454E44204F4B00496E697469616C69D0
S315000083907A6520455350383236362057694669206B
S315000083A06F6E6C792E2E2E0D00000000455350384E
S315000083B03236365F536574576946694D6F6465207A
S315000083C06661696C65642E0D0000000045535038E7
S315000083D03236365F436F6E6E656374576946692041
S315000083E06661696C65642E0D0000000045535038C7
S315000083F0323636205769466920636F6E6E65637440
S3150000840065642E0D00FFFFFF68616C5F656E747218
S315000084107900FFFF677074365F63616C6C6261633D
S315000084206B00FFFF4F4C45445F526566726573688B
S3150000843000FFFFFF4F4C45445F57525F427974651A
S3150000844000FFFFFF00000000000000000000000029
S315000084500000000000000000000000000000000016
S3150000846000000000000000000000000000F0F0F036
S31500008470000000000000000000017F010000000075
S3150000848000000000001C1C1C0000000000008060B2
S31500008490301C8C60301C0C00000000000000000046
S315000084A000000000000000000000000000000000C6
S315000084B0000000E00000000000E000000086E69FEB
S315000084C086868686E69F860000011F01010101015E
S315000084D01F010100000080C06020F820E0C00000FD
S315000084E0000003070C18FF70E18100000000070F71
S315000084F010107F100F0700008060206080000000D1
S31500008500E02000000F3020309F70DC371030C000B4
S315000085100000100E03000718101807000000C02006
S3150000852020E0C0000000000080E01F38E88703C498
S315000085303C040000070F1810100B070D1010080060
S3150000854000808C4C38000000000000000000000095
S315000085500000000000000000000000000000000015
S315000085600000000000000000000080E03008040069
S315000085700000000000FEFF010000000000000000F7
S315000085800000030F1820400000040830E0800000BF
S31500008590000000000000000001FFFE0000000000D7
S315000085A0004020180F03000000000000000000003B
S315000085B00000C00000000000004266663C18FF187C
S315000085C03C66664200000000000003000000000058
S315000085D000000000000080000000000000101010E5
S315000085E01010FF1010101010000000000000030013
S315000085F00000000000000000000000000000000075
S3150000860000000000000000000000000000808C4C0C
S31500008610380000000000000000000000000000001C
S3150000862000000000001010101010101010101000A4
S315000086300000000000000000000000000000000034
S315000086400000000000000000000000000000000024
S315000086500000000000001C1C1C00000000000000C0
S315000086600000000000000000E0380C0000000000E0
S3150000867080701C03000000000060380E010000003E
S3150000868000000000000080C060202060C080000064
S3150000869000FEFF010000000001FFFE000001070EC2
S315000086A0181010180E0701000000808080C0E0003E
S315000086B0000000000000000000FFFF0000000000B6
S315000086C000001010101F1F10101000000080402026
S315000086D020202060C0800000000303008040203876
S315000086E01F070000001C1A1918181818181F000078
S315000086F00080C020202060C080000000000303002E
S315000087001010182FE780000000070F101010101827
S315000087100F070000000000000000C0E0F0000000AD
S3150000872000C0B088868180FFFF80800000000000C6
S315000087300010101F1F1010000000E06060606060F5
S315000087406060000000003F1008080818F0E0000014
S3150000875000070B101010101C0F030000000080C053
S3150000876040202020E0C0000000FCFF21100808087F
S3150000877018F0E0000001070C18101010080F030095
S315000087800000C0E06060606060E060000000030020
S315000087900000E0180700000000000000001F1F0096
S315000087A0000000000080C0602020202060C0800003
S315000087B00087EF2C1818303068CF830000070F08A9
S315000087C010101010180F07000000C0C02020202035
S315000087D0C0800000001F3F604040402010FFFE00A8
S315000087E000000C1C101010080F0300000000000011
S315000087F0000000000000000000000000000E0E0E49
S315000088000000000000000000001C1C1C000000000E
S315000088100000000000000000000000000000000052
S31500008820000C0C000000000000000000005838009A
S315000088300000000000000000000000804020100042
S315000088400000102844820100000000000000000023
S3150000885000000102040810000000000000000000F3
S3150000886000000000008484848484848484848400DA
S3150000887000000000000000000000000000001020C2
S31500008880408000000000000000000000000001829F
S315000088904428100000001008040201000000000037
S315000088A000C020201010101030E0C00000030300AC
S315000088B000F010080C070300000000001C1C1C0040
S315000088C000000000000000C0406020202040C000E2
S315000088D000FCFF01F00E03C1FE03807F0001070EBE
S315000088E008111110110904020000000080E0E000E8
S315000088F0000000000000807C4340477FF8800000B5
S3150000890010181F1000000000131F1C1020E0E020AC
S3150000891020202060C080000000FFFF1010101018FB
S315000089202FE78000101F1F1010101010180F0700DF
S31500008930000080C0402020202060E00000FCFF01F5
S3150000894000000000000001000001070E18101010C2
S315000089500804030020E0E02020202040C080000022
S3150000896000FFFF000000000001FFFE00101F1F10A7
S31500008970101018080E07010020E0E020202020201B
S315000089802060800000FFFF101010107C0000000027
S31500008990101F1F10101010101018060020E0E02005
S315000089A0202020206060800000FFFF101010107C47
S315000089B000000100101F1F10000000000000000052
S315000089C0000080C06020202040E0000000FCFF0185
S315000089D000004040C0C140400001070E18101010B2
S315000089E00F0F000020E0E0200000000020E0E02063
S315000089F000FFFF101010101010FFFF00101F1F10B7
S31500008A0000000000101F1F100000202020E0E020C2
S31500008A10202000000000000000FFFF000000000012
S31500008A2000001010101F1F101010000000000000A2
S31500008A30202020E0E020202000000000000000FFB1
S31500008A40FF0000000060E0808080C07F3F000000E3
S31500008A5020E0E020000020A06020200000FFFF3082
S31500008A60187CE3C000000000101F1F100000011357
S31500008A701F1C181020E0E02000000000000000008D
S31500008A8000FFFF000000000000000000101F1F1084
S31500008A90101010101018060020E0E0E000000000A2
S31500008AA0E0E0E02000FF013FFEC0E01E01FFFF0006
S31500008AB0101F1000031F0300101F1F1020E0E0C04E
S31500008AC0000000000020E02000FF0003071C78E003
S31500008AD08000FF00101F100000000000030F1F00A1
S31500008AE0000080C060202060C080000000FEFF0102
S31500008AF00000000000FFFE000001070E181010180D
S31500008B000C07010020E0E0202020202060C080002B
S31500008B1000FFFF2020202020301F0F00101F1F10F5
S31500008B200000000000000000000080C060202060FF
S31500008B30C080000000FEFF010000000000FFFE00F4
S31500008B400001070E1111133C7C67210020E0E02094
S31500008B502020202060C0800000FFFF101030F0D0E1
S31500008B60080F0700101F1F10000000030F1C101035
S31500008B700080C060202020204040E00000070F0C4D
S31500008B801818303060E08100001F0C08101010101B
S31500008B90180F07008060202020E0E0202020608061
S31500008BA00100000000FFFF000000000100000000BF
S31500008BB0101F1F100000000020E0E0200000000051
S31500008BC00020E02000FFFF00000000000000FF0082
S31500008BD000070F1810101010100807002060E0E0C2
S31500008BE02000000020E060200000077FF880008061
S31500008BF07C03000000000000071F1C0700000000A7
S31500008C0020E0E02000E0E0200020E0200007FFF860
S31500008C10E01FFFFCE01F00000000031F0300011F10
S31500008C2003000000002060E0A0000020E0602000BB
S31500008C30000000038F7CF8C6010000000010181E1B
S31500008C40130001171F1810002060E0E0200000004C
S31500008C5020E06020000001073EF8E0180700000051
S31500008C6000000010101F1F10100000000080602080
S31500008C70202020A0E0E0200000000000C0F03E0F11
S31500008C800300000000101C1F17101010101806001B
S31500008C900000000000FC04040404040000000000BE
S31500008CA000FF00000000000000000000007F4040C0
S31500008CB040404000000010E00000000000000000FE
S31500008CC000000000031C608000000000000000009F
S31500008CD0000000030C70800000000404040404FC7F
S31500008CE00000000000000000000000FF000000007F
S31500008CF0000040404040407F00000000000000109F
S31500008D00080C040C08100000000000000000000021
S31500008D10000000000000000000000000000000004D
S31500008D20000000000000000000000000000000003D
S31500008D30000000000000000080808080808080802D
S31500008D408080808000000004040808000000000005
S31500008D50000000000000000000000000000000000D
S31500008D6000000000000000000000000000000000FD
S31500008D7000000000000098D844642424FCF8000099
S31500008D80000F1F18101010081F1F10180020E0F009
S31500008D9000000000000000000000FFFF18080404A7
S31500008DA00CF8F00000001F0F18101010180F030029
S31500008DB000000000000000000000000000E0F818BD
S31500008DC00404043C3800000000030F0C10101010BF
S31500008DD0080600000000000000000020E0F000008F
S31500008DE000E0F81C04040408FFFF000000030F184D
S31500008DF0101010081F0F08000000000000000000FF
S31500008E00000000000000E0F8484444444C7870003C
S31500008E100000030F0C1810101008040000000000DA
S31500008E2080C0602020E0C00000040404FFFF0404AA
S31500008E3004040000000010101F1F10101000000096
S31500008E40000000000000000000000000000070F8B4
S31500008E508C04048CF874040C007076CF8D8D8D898B
S31500008E60C87870000020E0F000000000000000005C
S31500008E700000FFFF08040404FCF8000000101F1F98
S31500008E80100000101F1F10000000000000606000AE
S31500008E90000000000000040404FCFC0000000000C8
S31500008EA000001010101F1F1010100000000000001E
S31500008EB0000000606000000000000000040404FCE4
S31500008EC0FC0000000000C0C08080C07F3F000000A2
S31500008ED00020E0F000000000000000000000FFFF9E
S31500008EE080C0F41C0404000000101F1F1100031FA3
S31500008EF01C1010000000202020E0F0000000000000
S31500008F000000000000FFFF0000000000000010103D
S31500008F10101F1F10101000000000000000000000CD
S31500008F200000000004FCFC0804FCFC0804FCFC0037
S31500008F30101F1F10001F1F10001F1F100000000031
S31500008F4000000000000000000004FCFC0808040407
S31500008F50FCF8000000101F1F100000101F1F10005B
S31500008F6000000000000000000000000000E0F01813
S31500008F700C04040C18F0E00000030F0C1010101085
S31500008F800C0F0300000000000000000000000000BD
S31500008F900004FCFC080404040CF8F0000080FFFF49
S31500008FA0889010101C0F0300000000000000000055
S31500008FB00000000000E0F81C04040408F8FC0000AF
S31500008FC000030F1810109088FFFF800000000000BB
S31500008FD00000000000000000040404FCFC1008046B
S31500008FE0040C0C001010101F1F10101000000000C1
S31500008FF000000000000000000000000000003078C3
S31500009000CCC48484840C1C0000001E18101010119F
S31500009010190F06000000000000C00000000000005C
S3150000902000040404FFFF0404040000000000000024
S315000090300F1F1010100C00000000000000000000C0
S31500009040000000000004FCFE00000004FCFE00001E
S3150000905000000F1F181010081F0F08000000000066
S31500009060000000000000000000040C3CFCC40000EE
S31500009070C43C0C0400000000010F1E0E010000009D
S31500009080000000000000000000000000043CFCC4DA
S3150000909000E47CFC84807C040000071F07000007B6
S315000090A01F07000000000000000000000000000094
S315000090B00004041C7CE4C0341C0404000010101CD2
S315000090C01601131F1C18100000000000000000000D
S315000090D00000000000040C3CFCC400C43C04040076
S315000090E00000C080C1370E01000000000000000033
S315000090F0000000000000000000001C0404C4F47C12
S315000091001C0400000000101C1F17111010180E0080
S3150000911000000000000000F80C0400000000000041
S31500009120001028EF00000000000000000000003FD3
S3150000913060400000000000000000FF00000000008A
S31500009140000000000000FF0000000000000000001A
S315000091500000FF00000000000000040CF800000002
S315000091600000000000000000EF28100000000000D2
S31500009170000040603F0000000000000000180602EA
S315000091800204081020203008000000000000000043
S3150000919000000000000000000000000000000000C9
S315000091A000000000000000000000000000000000B9
S315000091B0000000F80000000000000033300000004E
S315000091C000100C06100C0600000000000000000055
S315000091D040C07840C0784000043F04043F040400C7
S315000091E0007088FC08300000001820FF211E0000D7
S315000091F0F008F000E018000000211C031E211E00EC
S3150000920000F00888700000001E2123241927211071
S3150000921010160E0000000000000000000000000014
S31500009220000000E0180402000000000718204000BB
S3150000923000020418E00000000040201807000000AB
S31500009240404080F0804040000202010F010202000F
S31500009250000000F0000000000101011F01010100F3
S31500009260000000000000000080B070000000000058
S3150000927000000000000000000001010101010101E1
S315000092800000000000000000003030000000000078
S31500009290000000008060180400601806010000004D
S315000092A000E010080810E000000F102020100F004A
S315000092B0001010F8000000000020203F20200000D1
S315000092C00070080808887000003028242221300029
S315000092D000300888884830000018202020110E0031
S315000092E00000C02010F8000000070424243F2400DA
S315000092F000F80888880808000019212020110E00AF
S3150000930000E0108888180000000F112020110E00C0
S3150000931000380808C83808000000003F00000000B8
S315000093200070880808887000001C222121221C0079
S3150000933000E010080810E0000000312222110F00A2
S31500009340000000C0C0000000000000303000000037
S3150000935000000080000000000000806000000000A7
S3150000936000008040201008000001020408102000C0
S31500009370404040404040400004040404040404000B
S3150000938000081020408000000020100804020100A0
S31500009390007048080808F0000000003036010000A0
S315000093A0C030C828E810E0000718272423140B0053
S315000093B00000C038E0000000203C230202273820CD
S315000093C008F8888888700000203F202020110E00B1
S315000093D0C0300808080838000718202020100800A8
S315000093E008F808080810E000203F202020100F0091
S315000093F008F88888E8081000203F2020232018005D
S3150000940008F88888E8081000203F200003000000C4
S31500009410C03008080838000007182020221E020065
S3150000942008F808000008F808203F210101213F2024
S31500009430000808F8080800000020203F202000004F
S3150000944000000808F8080800C08080807F0000003F
S3150000945008F888C028180800203F20012638200078
S3150000946008F8080000000000203F202020203000DF
S3150000947008F8F800F8F80800203F003F003F2000F9
S3150000948008F830C00008F808203F200007183F0001
S31500009490E01008080810E0000F10202020100F0030
S315000094A008F808080808F000203F21010101000023
S315000094B0E01008080810E0000F18242438504F0068
S315000094C008F8888888887000203F2000030C302028
S315000094D000708808080838000038202121221C0066
S315000094E0180808F8080818000000203F20000000AF
S315000094F008F808000008F808001F202020201F0098
S315000095000878880000C83808000007380E010000F7
S31500009510F80800F80008F800033C0700073C0300C1
S31500009520081868808068180820302C03032C302027
S315000095300838C800C83808000000203F2000000096
S3150000954010080808C83808002038262120201800EE
S31500009550000000FE020202000000007F40404000C2
S31500009560000C30C000000000000000010638C000FA
S3150000957000020202FE000000004040407F000000A2
S3150000958000000402020204000000000000000000C7
S3150000959000000000000000008080808080808080C5
S315000095A000020204000000000000000000000000AD
S315000095B000008080808000000019242222223F20A3
S315000095C008F8008080000000003F112020110E00E6
S315000095D00000008080800000000E11202020110075
S315000095E0000000808088F800000E112020103F2027
S315000095F00000808080800000001F222222221300AB
S31500009600008080F0888888180020203F20200000F5
S315000096100000808080808000006B949494936000AA
S3150000962008F8008080800000203F210000203F20B5
S3150000963000809898000000000020203F20200000B5
S31500009640000000809898000000C08080807F0000A5
S3150000965008F8000080808000203F24022D30200082
S31500009660000808F8000000000020203F202000002D
S315000096708080808080808000203F20003F20003F47
S315000096808080008080800000203F210000203F2055
S315000096900000808080800000001F202020201F0006
S315000096A0808000808000000080FFA12020110E0035
S315000096B00000008080808000000E112020A0FF8026
S315000096C0808080008080800020203F2120000100D3
S315000096D00000808080808000003324242424190028
S315000096E0008080E0808000000000001F2020000035
S315000096F08080000000808000001F202020103F2076
S31500009700808080000080808000010E300806010005
S3150000971080800080008080800F300C030C300F00AA
S3150000972000808000808080000020312E0E312000D5
S31500009730808080000080808080818E701806010005
S3150000974000808080808080000021302C2221300023
S3150000975000000000807C020200000000003F404044
S3150000976000000000FF00000000000000FF000000F5
S315000097700002027C800000000040403F0000000024
S3150000978000060101020204040000000000000000BF
S315000097900000000000000000000000000000FC00C7
S315000097A00000000002000000000C020C0200000095
S315000097B00000000090D0BCD0BC9000030003000065
S315000097C01824FE448C000302070201001824D8B0B6
S315000097D04C80000300010201C038E438E0000102B9
S315000097E0020102020806000000000000000000005E
S315000097F0000000F80402000000010204000204F860
S3150000980000000004020100009060F8609000000073
S31500009810010000002020FC202000000001000000C4
S3150000982000000000000008060000000020202020A4
S315000098302000000000000000000000000000000200
S31500009840000000000080601C02000403000000000D
S31500009850F8040404F8000102020201000008FC00FA
S3150000986000000002030200001884442418000302CA
S315000098700202020008042424D800010202020100A8
S3150000988040B088FC80000000000302003C24242431
S31500009890C400010202020100F824242CC0000102C7
S315000098A0020201000C04E41C040000000300000096
S315000098B0D8242424D800010202020100384444447A
S315000098C0F800000302020100000010000000000082
S315000098D0020000000000200000000000060000005A
S315000098E00020508804020000000001029090909031
S315000098F090000000000000000002048850200002D2
S31500009900010000001804C424180000000200000032
S31500009910F804E494F80001020202020000E09CF060
S31500009920800002030000030204FC2424D800020382
S3150000993002020100F80404040C0001020202010004
S3150000994004FC0404F80002030202010004FC24746F
S315000099500C0002030202030004FC24740C00020340
S3150000996002000000F0080444CC400001020201009D
S3150000997004FC2020FC040203000003020404FC048F
S315000099800400020203020200000404FC04040604AC
S315000099900403000004FC24D00C04020302000302AA
S315000099A004FC04000000020302020203FC3CC03C6B
S315000099B0FC0003000300030004FC30C4FC040203A3
S315000099C002000300F8040404F80001020202010088
S315000099D004FC24241800020302000000F884840416
S315000099E0F80001020207050004FC24649800020343
S315000099F002000302182424448C0003020202010020
S31500009A000C04FC040C0000020302000004FC00002D
S31500009A10FC04000102020100047C80E01C0400003A
S31500009A20030000001CE03CE01C00000300030000F3
S31500009A30049C609C0400020300030200041CE01C5A
S31500009A4004000002030200000C84641C04000203EC
S31500009A50020203000000FE020200000007040400E8
S31500009A60000E30C00000000000010200000202FEED
S31500009A7000000004040700000004020400000000C7
S31500009A8000000000000000000000080808080808A0
S31500009A900000020000000000000000000040A0A03E
S31500009AA0C00000010202030204FC2020C0000003E3
S31500009AB00202010000C02020600000010202020034
S31500009AC000C02024FC0000010202030200C0A0A086
S31500009AD0C0000001020202000020F8242404000253
S31500009AE0030202000040A0A0602000070A0A0A0440
S31500009AF004FC2020C0000203020003020020E40050
S31500009B000000000203020000000020E40000080834
S31500009B100807000004FC80E0202002030200030284
S31500009B200404FC000000020203020200E020E02020
S31500009B30C00003000300030020E02020C000020351
S31500009B400200030200C02020C00000010202010042
S31500009B5020E02020C000080F0A02010000C02020DB
S31500009B60E0000001020A0F0820E040202000020366
S31500009B70020000000060A0A0200000020202030014
S31500009B800020F820000000000102020020E0002072
S31500009B90E00000010202030220E0208060200000B5
S31500009BA0030100006080E080600000030003000005
S31500009BB020608060200002030003020020E0208075
S31500009BC060200808070100000020A06020000002B5
S31500009BD003020200000020DE02000000000704006D
S31500009BE0000000FF00000000000F00000002DE2061
S31500009BF00000000407000000020102040402000045
S31500009C00000000000000000000000000002F00001F
S31500009C1000000700070000147F147F1400242A7F29
S31500009C202A120062640813230036495522500000A8
S31500009C300503000000001C224100000041221C0018
S31500009C400014083E08140008083E0808000000A09A
S31500009C506000000808080808000060600000002096
S31500009C6010080402003E5149453E0000427F400074
S31500009C70004261514946002141454B3100181412FA
S31500009C807F10002745454539003C4A4949300001C7
S31500009C907109050300364949493600064949291E16
S31500009CA00000363600000000563600000008142278
S31500009CB04100001414141414000041221408000278
S31500009CC00151090600324959513E007C1211127C9D
S31500009CD0007F49494936003E41414122007F4141CA
S31500009CE0221C007F49494941007F09090901003EBC
S31500009CF04149497A007F0808087F0000417F4100FA
S31500009D00002040413F01007F08142241007F40406F
S31500009D104040007F020C027F007F0408107F003E57
S31500009D204141413E007F09090906003E4151215E3D
S31500009D30007F091929460046494949310001017F3A
S31500009D400101003F4040403F001F2040201F003FD0
S31500009D504038403F00631408146300070870080782
S31500009D6000615149454300007F41410000552A5595
S31500009D702A55000041417F00000402010204004010
S31500009D804040404000000102040000205454547832
S31500009D90007F484444380038444444200038444452
S31500009DA0487F00385454541800087E0901020018F0
S31500009DB0A4A4A47C007F080404780000447D40002D
S31500009DC0004080847D00007F102844000000417F11
S31500009DD04000007C04180478007C080404780038ED
S31500009DE04444443800FC242424180018242418FC75
S31500009DF0007C0804040800485454542000043F44DE
S31500009E004020003C4040207C001C2040201C003CA0
S31500009E104030403C004428102844001CA0A0A07CF0
S31500009E20004464544C44141414141414090200001D
S31500009E300C000C010C020C030000000000000000E6
S31500009E409D020000000000004C9E00000001000082
S31500009E50080000200F00FFFF00000000FFFF0000C9
S31500009E6000000000405489000000000020AA4400C1
S31500009E70000204005D03000000000000809E000058
S31500009E8000000000000000000000000000000000CC
S31500009E9000000000000000000000000000000000BC
S31500009EA00000FFFFDFDF00000000000000000000F0
S31500009EB00000000000000000000000000402000096
S31500009EC00C050C060C070C08000000000000000042
S31500009ED00503000000000000DC9E000000010000F9
S31500009EE00C0000200F00FFFF00000000FFFF000035
S31500009EF000000000801A06003C000000010C090A60
S31500009F000B0C0000000000000000000081030000B0
S31500009F1000000000189F0000010101161700000054
S31500009F2000000000F22B000000000000F915000000
S31500009F3006020D009503000000000000409F00008F
S31500009F40000000000000000000000000000000000B
S31500009F5000000000000000000000000000000000FB
S31500009F600000FFFFDFDF000000000000000000002F
S31500009F7000000000000000000000000000080000D3
S31500009F8000000000000000000000000000000018B3
S31500009F9000000000000F0EDF0002FF005104000069
S31500009FA000000000A89F000000013F3F000000DF06
S31500009FB0DFFFFFFF00000000BC9F00000000000064
S31500009FC000FFFFFF0C000000D09F00000000000013
S31500009FD00000000000000000008000000D000000EE
S31500009FE0008000000E0000000000010008010000D3
S31500009FF00000010509010000000001050A0100003A
S3150000A000040000000C01000010000104060200001C
S3150000A0101000010407020000000001000003000018
S3150000A02000040107070400000004010708040000FB
S3150000A030B601B701B801B901C600980199019A01A4
S3150000A0409B017300740075007600FC006001FFFF41
S3150000A050020403040404FFFF0100020008001000CC
S3150000A0600D0A4F4B0D0A00FF4552524F5200FFFF9B
S3150000A0702B43495052454356444154413A00FFFF51
S3150000A0802B434950524543564C454E3A00FFFFFF7D
S3150000A09041542B434950524543564C454E3F0D0AB9
S3150000A0A000002020202020202020202828282828C2
S3150000A0B0202020202020202020202020202020209A
S3150000A0C020208810101010101010101010101010F2
S3150000A0D010100404040404040404040410101010F2
S3150000A0E010101041414141414101010101010101AD
S3150000A0F0010101010101010101010101011010101D
S3150000A100101010424242424242020202020202027F
S3150000A11002020202020202020202020202101010EF
S3150000A12010200000000000000000000000000000F9
S3150000A1300000000000000000000000000000000019
S3150000A1400000000000000000000000000000000009
S3150000A15000000000000000000000000000000000F9
S3150000A16000000000000000000000000000000000E9
S3150000A17000000000000000000000000000000000D9
S3150000A18000000000000000000000000000000000C9
S3150000A19000000000000000000000000000000000B9
S3150000A1A00000494E4600696E66004E414E006E61E3
S3150000A1B06E00303132333435363738394142434414
S3150000A1C045460030313233343536373839616263CB
S3150000A1D064656600496E66696E697479004E614E03
S3150000A1E0005245454E54206D616C6C6F632073754B
S3150000A1F063636565646564002F646174612F6A65D5
S3150000A2006E6B696E732F776F726B73706163652FF8
S3150000A210474E552D746F6F6C636861696E2F61725E
S3150000A2206D2D31332F7372632F6E65776C69622DD6
S3150000A23063796777696E2F6E65776C69622F6C69D3
S3150000A24062632F7374646C69622F64746F612E632A
S3150000A2500042616C6C6F632073756363656564654A
S3150000A26064002F646174612F6A656E6B696E732F6B
S3150000A270776F726B73706163652F474E552D746FE0
S3150000A2806F6C636861696E2F61726D2D31332F7348
S3150000A29072632F6E65776C69622D63796777696E75
S3150000A2A02F6E65776C69622F6C6962632F737464B5
S3150000A2B06C69622F6D707265632E6300232D302BDF
S3150000A2C02000686C4C0065666745464700412D4690
S3150000A2D0612D66383930313233343536375D002BEF
S3150000A2E02D003030007858004300504F5349580035
S3150000A2F02E00FFFF05000000190000007D00000091
S3150000A3000080E03779C34143176E05B5B5B893466B
S3150000A310F5F93FE9034F384D321D30F94877825A37
S3150000A3203CBF737FDD4F1575000000000000F03F55
S3150000A330000000000000244000000000000059401A
S3150000A3400000000000408F40000000000088C3406D
S3150000A35000000000006AF8400000000080842E41E2
S3150000A36000000000D01263410000000084D797412E
S3150000A3700000000065CDCD41000000205FA0024234
S3150000A380000000E876483742000000A2941A6D42A9
S3150000A390000040E59C30A2420000901EC4BCD6429C
S3150000A3A000003426F56B0C430080E03779C3414347
S3150000A3B000A0D8855734764300C84E676DC1AB43BD
S3150000A3C0003D9160E458E143408CB5781DAF1544DB
S3150000A3D050EFE2D6E41A4B4492D54D06CFF08044B6
S3150000A3E0F64AE1C7022DB544B49DD9794378EA44CB
S3150000A3F0DFA20000E2A20000E5A2000010000000BB
S3150000A40000000000017A5200027C0E011B0C0D00B8
S3150000A410100000001800000040AAFFFF1000000016
S30D0000A42000000000000000002E
S3150000A42840420F0001000000440020AD440020AD6A
S3150000A4380000000003000000B049012020000020B1
S3150000A44800000000B0490120184A0120804A012076
S3150000A45800000000000000000000000000000000EE
S3150000A46800000000000000000000000000000000DE
S3150000A47800000000000000000000000000000000CE
S3150000A488000000000000000000000000430000007B
S3150000A49800000000000000000000000000000000AE
S3150000A4A8000000000000000000000000430000005B
S3150000A4B8000000000000000000000000000000008E
S3150000A4C8000000000000000000000000430000003B
S3150000A4D8000000000000000000000000000000006E
S3150000A4E8000000000000000000000000430000001B
S3150000A4F8000000000000000000000000000000004E
S3150000A50800000000000000000000000043000000FA
S3150000A518000000000000000000000000000000002D
S3150000A52800000000000000000000000043000000DA
S3150000A538000000000000000000000000000000000D
S3150000A54800000000000000000000000043000000BA
S3150000A55800000000000000000000000000000000ED
S3150000A56800000000000000000000000075740000F4
S3150000A578FD72000000000000A1A00000F0A200008B
S3150000A588C1A20000C1A20000C1A20000C1A2000031
S3150000A598C1A20000C1A20000C1A20000C1A2000021
S3150000A5A8C1A20000FFFFFFFFFFFFFFFFFFFFFFFF46
S3150000A5B8FFFF000001004153434949000000000025
S3150000A5C8000000000000000000000000000000007D
S3150000A5D80000000000004153434949000000000004
S3150000A5E8000000000000000000000000000000005D
S3150000A5F80000000000000000E9000000C1000000A3
S3150100A100FFFFFFFFFFFFFFFFFFFFFFFFFFFFFFFF58
S3090100A134FFFFFFFF24
S3150100A200FFFDFFFFFFFFFFFFFFFFFFFFFFFFFFFF59
S3150100A210FFFFFFFFFFFFFFFFFFFFFFFFFFFFFFFF47
S3150100A220FFFFFFFFFFFFFFFFFFFFFFFFFFFFFFFF37
S3150100A230FFFFFFFFFFFFFFFFFFFFFFFFFFFFFFFF27
S3150100A240FFFFFFFFFFFFFFFFFFFFFFFFFFFFFFFF17
S3150100A250FFFFFFFFFFFFFFFFFFFFFFFFFFFFFFFF07
S3150100A260FFFFFFFFFFFFFFFFFFFFFFFFFFFFFFFFF7
S3150100A270FFFFFFFFFFFFFFFFFFFFFFFFFFFFFFFFE7
S3150100A280F8F8FFFFFFFFFFFFFFFFFFFFFFFFFFFFE5
S3150100A290FFFFFFFFFFFFFFFFFFFFFFFFFFFFFFFFC7
S3150100A2A0FFFFFFFFFFFFFFFFFFFFFFFFFFFFFFFFB7
S3150100A2B0FFFFFFFFFFFFFFFFFFFFFFFFFFFFFFFFA7
S3150100A2C0FFFFFFFFFFFFFFFFFFFFFFFFFFFFFFFF97
S70500002E7953
