:10000000008B0120792E0000AD2C0000752E000021
:10001000752E0000752E0000752E0000752E000054
:10002000000000000000000000000000752E00002D
:10003000752E000000000000752E0000752E0000D7
:1000400035150000A9140000C51500000D160000AC
:100050008123000035150000A9140000C51500001B
:100060000D160000391C0000CD1D0000ED1E000023
:10007000CD1F0000812300002D2A00000348044BFF
:10008000834202D0034B03B118477047E0010020C0
:10009000E001002000000000064B0749C91A891042
:1000A00048BF0131491003D0044B0BB10148184738
:1000B000704700BFE0010020E001002000000000C8
:1000C00010B5064C237843B9FFF7D8FF044B13B1A2
:1000D0000448AFF300800123237010BD000200200C
:1000E00000000000FCA3000008B5054B1BB105494A
:1000F0000548AFF30080BDE80840FFF7CDBF00BF63
:100100000000000004020020FCA300002DE9F04FD5
:100110000024544BADF5197D03F59C319A1C0392D4
:10012000803133F8022F8B421444FAD14E4804F048
:100130007DFC42F228324D494D4804F00FFC4D49F8
:100140004D4FA1FB0414C4F3CF3529463B4649F675
:1001500040424A4804F002FC42F22831434803F08E
:1001600083FB002866D049F6404650214FF4FA53ED
:10017000434A019704A8009604F060FC1D2104A8DE
:1001800003F0E0FB002866D04FF000084446C1466B
:100190003C4F47F6FF7E039B03EB090018ABA3EB34
:1001A00009011FFA80FB04F580794B1C0288824606
:1001B000521B1201BA42B8BF3A467245A8BF7246F6
:1001C000C2F3072C01F8142003F814C00134A14530
:1001D00000F1020001D0B442E8D1CBF10201514458
:1001E00018A889B203F0AEFB824668B308F1010893
:1001F00018F00F0F04D0B4420DD04FEA4409C8E7FD
:100200004FEA4409434649461B4A1F4804F0A6FBEF
:10021000B442BED105E0184A434611461A4804F0DC
:100220009DFB4146194804F099FB50460DF5197D98
:10023000BDE8F08F164804F0F9FB4FF0000A504675
:100240000DF5197DBDE8F08F4146124804F086FB9C
:1002500003F0E2FBF1E7104804F0E8FB03F0DCFBFD
:10026000EBE700BF96040020087B0000247B000021
:10027000347B00005917B7D180380100447B00005F
:100280007C7B00000080FFFFCC7B0000F07B000047
:10029000647B0000B07B0000947B00000379022B9C
:1002A00002D10122014B1A70704700BF204101208A
:1002B0002DE9F047B2F1000982B019DD8A46002528
:1002C000DFF83C800C4C0D4F01EB09061AF9013B9D
:1002D0000122384601A9019300F0C2FEC8F80000CF
:1002E00000B100BE2378002BFCD056452570EDD11F
:1002F000484602B0BDE8F08720410120B04501200A
:10030000244101200379042B06D0022B00D0704732
:1003100001220E4B1A70704740F2FE320C490B88D6
:1003200093420FD84FF0000C10B4846809485A1C4F
:10033000C45493B200F803C00B8007485DF8044B27
:1003400001F0F0BE044801F0EDBE00BF193D0120F0
:100350001C3D0120203D0120E045012003793BB9EF
:100360000123044A044912880B700AB1034A13702E
:10037000704700BF1C3D0120183D01201A3D01209F
:100380000122034B1A7008B102791A70704700BF3E
:10039000040000200379DBB910B521490A78012A4D
:1003A000D0B216D0042812D11E4C1F4B22681B68F5
:1003B0009A4217D21D4B22681D4833F8121002F0E2
:1003C0008BF81C4B1860F0B923680133236010BD13
:1003D000704749F63F42184C246894420ED8174B98
:1003E000187010BD4FF40061114802F075F8114B00
:1003F000186070B90122124B1A7010BD02220F480A
:1004000003700A7010BDBC210E4B0F4A0F4802F05A
:1004100019FCC6210B4B0C4A0C4802F013FC00BF20
:10042000940400208C04002028020020980400205E
:10043000B446012024410120900400201E02002027
:1004400021020020187C0000148400002C7C000095
:100450000122014B1A7070471D0200202DE9F04F58
:10046000A049A1488DB001F0ADFBA04C206030B197
:1004700040F23F219E4B9F4A9F4802F0E3FB054616
:10048000012600F05DFD00F057FC284600F0C0FB9F
:10049000284600F0C9FB00F04FFC102329462846EF
:1004A000964A009600F026FD102328461946944AE5
:1004B000009600F01FFD102320212846914A009647
:1004C00000F018FD00F0CAFB32464FF486718E48EA
:1004D00001F0EAF84FF47A71084602F0BBFB8B4951
:1004E0008B4800F007FE206030B140F25121804B74
:1004F000804A814802F0A6FB864804F097FA8649B4
:10050000864801F08DFE206078B9844801F004FE31
:100510008349824801F028FE206068B140F25E21E4
:10052000734B744A744802F08DFB4FF41671704B94
:10053000704A714802F086FB4FF47A71304602F03F
:1005400089FB7849784800F0D5FD2060A0B9774D47
:100550002B7823B903F06EFA00282DD02E70744941
:10056000744801F05BFF206068B140F27E21604B6F
:10057000604A614802F066FB40F263215C4B5D4AD1
:100580005D4802F05FFB6B4801F0AEFF206030B1C8
:1005900040F28321564B574A574802F053FB6649B5
:1005A000664801F03DFE206078B140F28D21504B4D
:1005B000504A514802F046FB614804F037FA4FF4C4
:1005C0007A71084602F046FBF9E75C4801F0A4FDA9
:1005D0005A4801F0ADFD4FF47A71142002F03AFB55
:1005E0005849594802F088F9206030B140F296210C
:1005F0003F4B404A404802F025FB5449524802F024
:100600004DF8206030B140F29921394B394A3A48CF
:1006100002F018FB4C4801F0DBFF4D4804F006FAED
:10062000DFF84881DFF8E090DFF844A1DFF844B15B
:10063000002148460DF1190201F024F89DF8193007
:1006400033B99AF8003003F0FF05002B00F0538116
:1006500098F800304BB1002349F63F4288F800304B
:10066000DBF80010914240F296819AF80030022B9C
:100670001CD09AF80030032B7ED0364D2B78002BFF
:10068000D6D000232D482B7001F040FD0546206098
:10069000002840F0AC8103F0BFF92F488AF80050E1
:1006A00004F0C4F92D4804F0C1F9C1E7234801F072
:1006B0002DFD2060002840F0A181DBF800102848C3
:1006C00004F04CF9FFF722FD0546002800F04981AF
:1006D000244804F0ABF9244804F0A8F903238AF86D
:1006E0000030C6E7F09E0000304601202441012082
:1006F000187C0000088400002C7C0000407C000076
:10070000507C0000587C0000A84501202C9E000071
:10071000B0450120607C0000609E0000E0450120A3
:1007200040548900BC9E0000004601201C020020AD
:10073000B49F0000B4460120209F000070460120B5
:10074000707C0000909F0000904601207C9F00007C
:10075000987C000021020020287F0000347D0000EA
:10076000C47C0000E87C0000007D00001E02002028
:100770009404002090040020002660223146AD48F9
:10078000CDE90766CDE909660B9604F0D9FAAA48C7
:1007900004F04CF96021A94AA64802F0EFFF0028B6
:1007A00000F01981A349A64804F0D8F80BAB0293D6
:1007B0000AAB019309AB0093A2499E4808AB07AA74
:1007C00004F090F9052840F00A81079BB3F5FA5F21
:1007D00040F0D280089B102B40F0CE80099B012B6B
:1007E00040F0CA8049F63F430A9A511E994200F2EE
:1007F000C3800B9BB3EB420F40F0BE801946924A78
:10080000924D1670924F934A2E6016703E60059678
:10081000914E059B994240F2FF80059B8E48C91A74
:10082000B1F5007F28BF4FF40071002389B2ADF805
:100830001A300DF11A0242F2107302F095FD0028F1
:1008400000F06A81BDF81A00002800F061817E4B3B
:100850001A78E2B149F63F432A689A4200F2C3800F
:100860007C4B32781B7843EA02231BB22A68002BA8
:1008700002F10101B8BF0F3329601B11774903F55D
:10088000006321F8123000236F4A1370012249F6E9
:100890003F4C049018E02968614500F2A480F15CA7
:1008A000B35C6E4843EA01231BB2002B2968B8BF32
:1008B0000F331B1101F1010E03F500630232C5F87D
:1008C00000E020F8113092B20499531C8B42E2D31D
:1008D0009142084605D9B35C5E4A137001235A4A17
:1008E0001370059B0B9A034419465D48059304F069
:1008F00035F80B998DE74FF47A71142002F0AAF9BC
:10090000294648460DF1190200F0BCFE9DF8191069
:1009100000297FF49DAE534BCBF800101960524B69
:10092000524A4E4888F80010197004F009FA5048ED
:1009300004F07CF801234F488AF8003001F0F2FB04
:100940002060002861D14B4801F0E6FB20600028C0
:100950003FF47EAE40F2BF21474B484A484802F080
:1009600071F9484804F062F803F056F846488AF8EE
:10097000005004F05BF87CE6444804F057F8444823
:1009800004F054F803F048F800233F488AF8003098
:1009900004F04CF871E6344D3E48ADF82C302B7025
:1009A00001F016FE2B78002BFCD00B2139480BAA46
:1009B00001F014FE2060002840F09180DBF8002058
:1009C000DBF80030BDF82C100133CBF80030234B9E
:1009D00023F8121049E6304804F028F8CFE72F48F2
:1009E00004F024F8CBE72E4804F020F8C7E740F2E3
:1009F0002231214B214A224802F024F940F2E3211E
:100A00001D4B1E4A1E4802F01DF94FF42F711A4B60
:100A10001A4A1B4802F016F90B4B1E78002E73D1B0
:100A20002B680A9A93423FD029681E4803F096FF2C
:100A3000A5E700BF2C020020547D0000C0D40100B7
:100A4000947D0000A87D00002002002024020020E8
:100A5000280200201F0200208C02002098040020A1
:100A60005C7E00008C0400201D0200208038010004
:100A7000A47C000070460120187C0000088400005F
:100A80002C7C00001C7D0000347D0000E47D000013
:100A9000087F000090460120747D0000C47D0000A6
:100AA000407E0000A07E00002B681D483B60396836
:100AB00003F054FF04231B4A1B4D1C4816602E7084
:100AC0008AF8003001F02EFB2060B0B9174801F021
:100AD00023FB206050B9164803F0A8FFCEE540F292
:100AE000D721144B144A154802F0ACF840F20D31EE
:100AF000104B114A114802F0A5F840F20A310D4B93
:100B00000D4A0E4802F09EF80D4803F08FFF36E7BD
:100B10000C4803F08BFF32E70B4803F087FF2EE70A
:100B2000C87E00008C0400202102002070460120B5
:100B3000EC7E0000187C0000088400002C7C000083
:100B40007C7E0000247E0000087E0000022800D089
:100B500070470249024800F081BE00BFC49F0000F8
:100B6000A845012070B5224E04460D4601223C21C5
:100B7000204882B000F07CFE336863BBADF80430DF
:100B80002DBB012302221B4801A98DF8054000F06E
:100B90001DFF306028BB184D184C2A78032A10D04E
:100BA000236809E00121642002F054F823682A78C0
:100BB000013B032A236004D0002BF3DC012A00D17F
:100BC00000BE01230E4A2B70226002B070BD40238C
:100BD0008DF80430D5E766210A4B0B4A0B4802F02A
:100BE00031F86F21074B084A084802F02BF800BF84
:100BF0002441012030460120040000200000002094
:100C0000A0860100187C000034840000447F0000AE
:100C100030B1012800D070470021A720FFF7A2BF04
:100C20000146A620FFF79EBF10B5044660B101281B
:100C300000D010BD0021C020FFF794FFBDE8104098
:100C40000021A120FFF78EBF0146C820FFF78AFFD1
:100C50002146BDE81040A020FFF784BF2DE9F047F2
:100C60002D4E402334464FF00108A2B02B4D0836DC
:100C70008DF80430C4F1B00738190021C0B2FFF775
:100C800071FF00210846FFF76DFF00211020FFF7DC
:100C900069FF002301AA14F833100133802B02F8F6
:100CA000011FF8D101223C21284600F0E1FD01237B
:100CB0008122284601A900F089FE38BBDFF8709038
:100CC000DFF870A099F80020032A14D0DAF8003079
:100CD0000CE00121642001F0BDFFDAF8003099F842
:100CE0000020013B032ACAF8003004D0002BF0DCBE
:100CF000012A00D100BE0A4B0134B44289F80080B9
:100D0000CAF80030B8D122B0BDE8F087BE21054B4B
:100D1000054A064801F096FF28410120304601208F
:100D2000A0860100187C000024840000447F00009D
:100D3000040000200000002000200A4BA3F108025C
:100D400003F5806143F8080C08338B42FAD1002187
:100D5000054B02F20C4243F8081C08339A42FAD1C0
:100D6000FFF77CBF3041012034410120012310B541
:100D70000C4C01F0070E04EBC00C03FA0EF3C9088B
:100D80001CF801C0C000DBB22AB143EA0C0C0444D9
:100D900004F801C010BD2CEA030C044404F801C09F
:100DA00010BD00BF284101202DE9F04F203A89B045
:100DB000082B9DF84880D4B24FEA530C00F08A808B
:100DC00013F0070218BF012202EBD30212FB0CF250
:100DD00012F0FF0A4AD0434A434F02EB041909EBD1
:100DE0000A02DFF80CE10392404A04EB440504EBED
:100DF000C40402EB850A07EB450B0EEB840EA3F14E
:100E00000802059376464B46D146DA468346CDE93D
:100E100006C00492049A102A28D8DFE802F05E2760
:100E200027274F2727274A272727272727272A002B
:100E3000059A0BF10100082ADDE900312C465FFA22
:100E400080FB03F101030AF1010A06F1010609F131
:100E5000010939D0079A0698ABEB0205854208BF15
:100E60009346039A08BF21469342D3D109B0BDE807
:100E7000F08F01F10802357802922C46CDE900315D
:100E80000D469DF808700AE0424629465846FFF78D
:100E90006DFF691CCDB2BD424FEA5404C8D0E307D0
:100EA000F2D4B8FA88F2294658465209FFF75EFF95
:100EB000EFE701F108021D780292DEE701F1080276
:100EC00099F800500292D8E7039A9342CED09AF84C
:100ED0000050D2E74FF0060A7DE701F108020292C6
:100EE000F5E700BFA0910000049C0000909700006F
:100EF000448400002DE9F043154612789946A2F18A
:100F0000200383B05E2B9DF8287015D804460E464A
:100F10004FEA590820464B4631460097FFF744FFF9
:100F200015F8012FB9F1080FA2F120000CBF06340B
:100F300044445E28E4B2EDD903B0BDE8F08300BFBD
:100F400008B50021AE20FFF70DFE00210846FFF78F
:100F500009FE00211020FFF705FE0021B020FFF759
:100F600001FE00218120FFF7FDFD00215F20FFF73A
:100F7000F9FD00212020FFF7F5FD00210220FFF7F9
:100F8000F1FD0021A120FFF7EDFD0021C020FFF7BA
:100F9000E9FD0021A420FFF7E5FD0021A620FFF7D1
:100FA000E1FD0021A820FFF7DDFD00213F20FFF734
:100FB000D9FD0021D320FFF7D5FD00210846FFF71A
:100FC000D1FD0021D520FFF7CDFD00218020FFF7C6
:100FD000C9FD0021D920FFF7C5FD00212220FFF720
:100FE000C1FD0021DA20FFF7BDFD00211020FFF731
:100FF000B9FD0021DB20FFF7B5FD00213020FFF710
:10100000B1FD00218D20FFF7ADFD00217220FFF71B
:10101000A9FD00200D4BA3F1080203F5806143F800
:10102000080C08338B42FAD10021094B02F20C4222
:1010300043F8081C08339A42FAD1FFF70FFEBDE8C7
:1010400008400021AF20FFF78DBD00BF30410120D7
:101050003441012008B5FFF701FA002008BD00BFA8
:1010600010B4046AA37803F07B03A3708378046A46
:1010700003F00303D21A0B44C0E90332A37843F010
:101080008003A370837803F00303022B06D0036A66
:101090000A780020DA705DF8044B70470B88026A0A
:1010A00043F47E43D38100205DF8044B704700BFBA
:1010B000F0B5846A85B005460F4694466E46B4B1D5
:1010C00094E80F0086E80F00EB6920461B78A760C4
:1010D000236084F804C0EB6AE3606B6A9847AC6AEB
:1010E0001CB196E80F0084E80F0005B0F0BD34464F
:1010F000EAE700BF012203460878824012F0060F9B
:1011000005D0CA6952681278120700F1CB8100221B
:101110004FF0010C00F580002DE9F04100F58C50F6
:101120000002C3E907101A704D6998785D628D69F5
:101130006CF30100C3E90A2598704878D44C9042BA
:1011400014BF65460225987865F30100987091F9FF
:101150000B5091F80AE0680905F01F0620300CFAE0
:1011600006F644F82060BFF34F8FBFF36F8FC94876
:1011700005F1C00650F8267062F3104740F826705B
:1011800050F82660C44E4FEA0E1E67195FFA8EFEB5
:1011900087F800E346F8253091F9055091F804E00E
:1011A0006F0905F01F0820370CFA08F844F827806B
:1011B000BFF34F8FBFF36F8F05F1C00750F8278043
:1011C00062F3104840F8278050F827704FEA0E1E4F
:1011D00067195FFA8EFE87F800E346F8253091F92B
:1011E000075091F806E06F0905F01F0820370CFA48
:1011F00008F844F82780BFF34F8FBFF36F8F05F1D6
:10120000C00750F8278062F3104840F8278050F854
:1012100027704FEA0E1E67195FFA8EFE87F800E30B
:1012200046F8253091F9095091F808E06F0905F06A
:101230001F0820370CFA08F844F82780BFF34F8FB7
:10124000BFF36F8F05F1C00750F8278062F3104895
:1012500040F8278050F827004FEA0E10C0B22C4407
:1012600084F8000346F82530EFF310868CF31088DD
:101270004FF000450C788948E540446824EA0504AD
:101280004460406886F31088186A8270186A027198
:10129000186A4272186A8272186AC272186A4283A5
:1012A00040F2192208780CFA00FC1CEA020F02D066
:1012B00040201A6AD0740625012240F219201C6AC7
:1012C00025770C78A240024240F0CA80CA7848785C
:1012D0008C78D200032842EA041200F0D58000285E
:1012E0000CBFE220F2201C6AD2B222701A6A9071FE
:1012F000CC69227B082A00F0C380186A520002F0F1
:101300000202427300256278A078D201400100F009
:101310002000D2B20243186A0572207802380128F0
:10132000186A40F2A280D2B2C27160681A6A8478E8
:1013300054704578147865F301041470C47894747B
:10134000D479007804F0A30400F05C002043D0714D
:101350000020C3E90300C3E90500DC694D4A94F9A4
:101360000540CD6904F1C00152F8216095F800C034
:1013700060F3104642F821600CF0030C52F8211083
:10138000BFF35F8F4FF0010E6109890004F01F0465
:1013900001F1604101F561410EFA04F4C1F88041A8
:1013A0000C60D96991F90B4004F1C00152F8216039
:1013B00060F3104642F8216052F82110BFF35F8FAE
:1013C0006109890004F01F0401F160410EFA04F480
:1013D00001F56141C1F880410C60D96991F907407C
:1013E00004F1C00152F8216060F3104642F8216018
:1013F00052F82110BFF35F8F6109890004F01F04C8
:1014000001F160410EFA04F401F56141C1F8804137
:101410000C60D96991F9091001F1C00452F82460F7
:1014200060F3104642F8246052F82420BFF35F8F27
:101430004A09920001F01F0102F160420EFA01F127
:1014400002F56142C2F8801111601A6A4CF0700C0A
:1014500082F802C06989124A19815A60BDE8F08198
:101460004FF478401A6A908230E7FF254570207863
:10147000022808BF42F01002186AD2B2C27167E7B0
:101480000A201A6A50733DE7F22042F040022AE730
:1014900000E100E0006000400047012000400840FB
:1014A0005549435303207047EFF30383103B1F4A12
:1014B0005BB203F1C00152F8210020F4803042F801
:1014C000210052F821201A4A52F82300C3691B69EF
:1014D00083B1036903B17047026A0021937803F076
:1014E0007F0343F004039370436AC160C3B1802259
:1014F000FFF7DEBD0369026A002BEED08378C16876
:1015000003F00303022B0CD00B78D3708278D0E960
:10151000031302F003029B1A1144C0E90313D9E735
:1015200070470B8843F47E43D381EFE700600040AF
:101530000047012010B582B0EFF30383103B1F4A30
:101540005BB203F1C00152F8210020F4803042F870
:10155000210052F821201A4A52F82340A27802F0C2
:101560000303022B236A0CBF198A5979A3690CBFA4
:10157000C1F30801C9B2019143B9636AB3B104224E
:10158000204602B0BDE81040FFF792BD02F0030212
:1015900001A9606903F053FCD4E90521A37803F0A5
:1015A00003031A44C91AC4E9052109B102B010BDE8
:1015B000636A002BFAD00122E2E700BF006000401E
:1015C0000047012010B5EFF303830E4A103B5CB2D5
:1015D00052F82400026A937803F07B039370436A05
:1015E0001BB102220021FFF763FD074A04F1C0038B
:1015F00052F8231021F4803142F8231052F823309E
:1016000010BD00BF004701200060004010B5EFF39F
:1016100003831A4A103B5CB252F82400837803F02B
:101620000303022B036A0CBF198A597993F804C08B
:101630000CBFC1F30801C9B21CF0100F0CF0380246
:1016400006D093F81CC01CF0010F08BF42F0400206
:1016500093F804C00CF0C70C83F804C0436A0BB1C4
:10166000FFF726FD064A04F1C00352F8231021F4C7
:10167000803142F8231052F8233010BD004701207A
:101680000060004010B40B0A064C1B0153FA81F1B4
:1016900054F821300020C3F340035DF8044B13706D
:1016A000704700BF000808400120CBB2984080B2CC
:1016B00002B900040B0A5B0103F1804303F5002328
:1016C00098600020704700BF2DE9F84F0388DBB118
:1016D00082464FF0000B4FF00109DFF8D080002464
:1016E000304D4FEACB07DAF8043035F8022BD91920
:1016F000898891420AD00134032CF4D1BAF8003021
:101700000BF1010B5B45EAD8BDE8F88FDB5909FA0C
:1017100004F603F0B853B3F1807FF6B298F8BB3407
:1017200013D0334231D1204A04F1200612F816308A
:10173000DB09E0D012F81630012123F08003C82025
:1017400002F8163001F086FAD5E7334211D0164A76
:1017500004F1200112F81130DB09CCD112F811305C
:10176000C82043F0800302F81130012101F072FA21
:10177000C1E7012001F034FB98F8BB34012033436A
:1017800088F8BB3401F0FCFAE1E7012001F028FB06
:1017900098F8BB34012023EA060388F8BB3401F033
:1017A000EFFAC0E750A000000030084000E0014020
:1017B000F8B50646FFF788FFEFF31082012383F3A5
:1017C0001088234F3B681BB92249CB704023CB7054
:1017D0003B6801333B6082F31088338823B30021D8
:1017E0001D4D08E01B01134445F8234032880131A8
:1017F0008BB29A4218D9736853F8314003EBC10297
:101800009288E0034FEA1223D2B2EBD502EB031029
:1018100055F820E024F4803C2EF4803E45F820E08A
:101820001B0145F820C0DEE7EFF31082012383F3AC
:1018300010883B6813B13B68013B3B603B681BB9B8
:1018400080200449CB70C87082F31088F8BD00BFB7
:10185000FC460120000D08400008084008B5034B75
:1018600003600846FFF7A4FF002008BD54524F5004
:101870000346002059601A72704700BF30B5836B71
:1018800083B004460A466D46A3B193E8030085E899
:101890000300E16B1A7119601846636B9847A36BDC
:1018A0001BB195E8030083E80300002384F82B3084
:1018B00003B030BD2B46ECE730B5424B83B01B6A1A
:1018C00001690193019B03F00F230193019A019D8C
:1018D0000B7C90F82C4094B9C2F30322DBB2A2EB4C
:1018E000156293409B0804D1082003B030BD013B32
:1018F000FAD04A78D209FAD1B323CB710169002317
:1019000090F82620846980F82720026880F82B3020
:10191000C46180F82D3080F8283080F82E300362C2
:1019200080F82F3080F83030546A227894F801E043
:10193000012A14BF4FF0040C4FF0050C627912011C
:1019400042EA4E0294F806E042EACE124CEA020263
:10195000D2B2CA7001690A7942F010020A710169B3
:101960000A7963F3C3020A7101690A7963F3041205
:101970000A710269E179137961F3C713137102697E
:10198000537943F001035371036893F90F30002B2F
:1019900007DB012203F01F040B495B09A24041F859
:1019A0002320BF220369DA7190F82C302BB1002379
:1019B00080F82C30002003B030BD022203695A7039
:1019C000F8E700BF00E0014000E100E090F808C047
:1019D000C0E90512BCF1010F80F82A3008D10022BD
:1019E000436880F826C05B0080F8243080F825200A
:1019F000002380F82930FFF75FBF00BF2DE9F043D7
:101A00004FF01F085F27DF260569DFF8B49185F8DE
:101A1000008005694FF0000C2F7005694FF0B30E80
:101A20002E700568634A6E6A05693679624C46F025
:101A3000E0062E740568614B6E6A0569F67846F01B
:101A4000E0066E7405686E6A0569B678360106F0C0
:101A5000700646F00806AE7005686E6A056937784C
:101A6000012F777814BF0426052646EA4706F6B20A
:101A7000EE7005686E6805694E4514BF7726F72637
:101A80006E71056985F806C0056985F807E04E7B2B
:101A900091F9115036015719F6B287F8006344F8EE
:101AA000250005F1C00653F826706CF3104743F883
:101AB000267053F82660BFF35F8F4FF0010E6E095A
:101AC000B60005EA080506F1604606F561460EFA1D
:101AD00005F5C6F8805135604E7B91F90F503601FF
:101AE0005719F6B287F8006344F8250005F1C006DF
:101AF00053F826706CF3104743F8267053F82660AD
:101B0000BFF35F8F6E09B60005EA080506F160466F
:101B10000EFA05F506F56146C6F8805135604E7B34
:101B200091F9105036015719F6B287F8006344F85E
:101B3000250005F1C00653F826706CF3104743F8F2
:101B4000267053F82660BFF35F8F6E09B60005EA72
:101B5000080506F160460EFA05F506F56146C6F879
:101B6000805135604D7B91F90E102D010A44EDB284
:101B700082F8005344F8210001F1C00253F82240DA
:101B80006CF3104443F8224053F82230BFF35F8FC8
:101B90004B099B0001EA080103F160430EFA01F1D1
:101BA00003F56143C3F8801119609F2203691A701D
:101BB000BDE8F08300E100E0004701200060004044
:101BC00040420F0070B500250A78016002F58002DE
:101BD00002F51F62120202618A6842600A7B027289
:101BE000CA6942630A6AC0E90E52EFF3108C0122FF
:101BF00082F310880B78C3F109039A400C4B5E689E
:101C000026EA02025A605B688CF31088FFF7F6FE42
:101C1000C0E90755074B80F82950456180F82A50E4
:101C2000856180F82B50C36080F82C50284670BD29
:101C3000004008404349495210B582B0EFF3038396
:101C4000103B5F4A5BB2C03352F8231021F480315D
:101C500042F8231052F82330EFF30383594A103B24
:101C60005BB252F8234094F82D305BBBA369022B82
:101C700022D9E369012B0ED12269137943F01003B5
:101C800013712269137943F00803137122691379E0
:101C900023F01003137123685B6ADB79002B3ED1BC
:101CA00001222369DB7CDBB28DF807309DF8073019
:101CB00084F82D2002B010BD2269137943F040034F
:101CC0001371D6E7E369002BF4D02268526AD27907
:101CD000FAB9032B17D0022B26D0012B34D022695E
:101CE000236AD17C6269D154D4E907320132013BC5
:101CF000C4E90732002BDDD121690A7963F386122A
:101D00000A7102B010BD2269137943F040031371C8
:101D1000E5E705212046FFF7B1FDE369D9E7052195
:101D20002046FFF7ABFDBBE72269137943F01003B0
:101D300013712269137943F008031371226913792F
:101D400023F010031371CAE794F82A2072B32268B3
:101D50001D4892F90F20510902F01F0203FA02F206
:101D6000203140F82120BFF34F8FBFF36F8F042045
:101D70002169CA7942F08002CA7121690A7942F068
:101D800010020A7121690A7922F008020A71216998
:101D90000A7922F010020A712269507021694A7989
:101DA00022F001024A7184F82C3098E70821226958
:101DB000537A03F0F7035372236959708FE700BF1A
:101DC000006000400047012000E100E010B5EFF3A3
:101DD0000383103B424A5BB2C03352F8231021F414
:101DE000803142F8231052F82330EFF303833D4A49
:101DF000103B5BB252F8234094F82730002B3FD1C0
:101E000094F82930002B3AD123685B6ADB792BB137
:101E100094F82B3013B9236A002B5BD1E369216955
:101E2000002B40D1CB79C02223F08003CB712169F4
:101E300001E0013A02D0CB79DB09FAD12368284AC4
:101E400093F91030C03352F8231021F4803142F856
:101E5000231052F82330236893F91030002B09DB4C
:101E600001215A09204803F01F03603201FA03F3ED
:101E700040F822302269D37943F04003D37110BD7A
:101E800094F82630032B1CD094F8242023699A74EC
:101E900094F8282094F827300132013B84F8282058
:101EA00084F8273010BD236A6269D35C8B74D4E94F
:101EB00007320132013BC4E90732002BDFD121692F
:101EC000B0E794F82830022BDED194F83030002BA4
:101ED000DAD110BD05212046FFF7D0FC9EE700BFF8
:101EE000006000400047012000E100E038B5EFF35A
:101EF0000383334A103B5BB252F8234023685B6A8A
:101F0000DB79002B48D194F829301BB194F82730A5
:101F1000012B4FD0E369DBB12169C023CA7922F0DC
:101F20004002CA71216901E0013B02D0CA79520620
:101F3000FAD4EFF30383103B224A5BB2C03352F86A
:101F4000231021F4803142F8231052F8233038BD99
:101F500094F82A202AB3012022681B4D92F90F2001
:101F6000510902F01F02203100FA02F245F8212047
:101F7000BFF34F8FBFF36F8F2169CA7942F08002A0
:101F8000CA7104212269517021694A7963F3000200
:101F90004A7184F82C00BFE705212046FFF76EFC4C
:101FA000B1E708212269537A03F0F70353722369DA
:101FB0005970B1E794F83030002BADD0AAE700BFDC
:101FC000004701200060004000E100E038B5EFF379
:101FD00003834C4A103B5BB252F823000269537AE8
:101FE000517ADC0601F0E00151725FFA83FC03F0E4
:101FF00003022BD503695978490647D400240125EB
:1020000080F82B50DC710168FFF7F8FCB32290F8E0
:10201000263080F82C4080F82830C46180F82A40AF
:102020000369846929460462DA71FFF727FCEFF33C
:102030000383103B344A5BB2C03352F8231021F4BF
:10204000803142F8231052F8233038BD002A56D18F
:102050001CF0080F0ED090F82B30002B3ED1B3228D
:1020600090F829100369C1F10301C9B2DA71FFF7D1
:1020700005FCDCE790F82C200CF004032AB3002BBD
:10208000D5D090F82B30002B37D1E8E7002AB5D116
:102090005A78C2F380115206DAD5082280F82B1044
:1020A0005A70036801695A6A94791378527943EA3D
:1020B000C41343EA021343F00203DBB2CB7002699C
:1020C000537943F001035371B1E7002BAFD003689C
:1020D0005B6ADB79002BAAD00421C8E70023B32177
:1020E00090F826508469026980F82C3080F82850D6
:1020F0000462C36180F82A30D1710121B7E7036916
:102100007CE700BF0047012000600040034600203C
:10211000D3E902239360704703460020D3E90223EA
:102120005360704703460020D3E90223D360704711
:10213000034670B45A689E68D2690020D2E901143F
:1021400044F00045D46875619D6844F00044AC617A
:102150009C6841F000412161146999684C629B6858
:1021600052699A6270BC70478368013999668368C6
:10217000DA6AD20703D45966D0E90232DA60002065
:10218000704700BF70B5836984B004468C4616461C
:1021900001AD9BB193E8070085E8070083F804C010
:1021A0009E60E26918461A6063699847A3691BB18B
:1021B00095E8070083E8070004B070BD2B46EDE703
:1021C000002800DA704710B400F160430901124C96
:1021D000C9B203F5614383F80013104B44F8202083
:1021E00000F1C00253F8221021F4803143F822108C
:1021F00053F82230BFF35F8F012243099B0000F0A8
:102200001F0003F1604303F561438240C3F880215E
:102210001A605DF8044B70470047012000600040E1
:102220004FF0010CF8B500260B46097C43600CFA10
:1022300001F111F00F0FC1600CBF6146314601740E
:10224000197C4C4A04460A44120282605A6942616F
:102250009A69C0E90662DD69EFF310878CF3108894
:102260004FF00040197C444AC840116921EA00013E
:102270001161126987F310884FF42541A26811603B
:10228000A268D662A268D663A2689664187800260F
:1022900003284FF00040197AA7684FEAC15108BFE0
:1022A00041F480315A68F962A168013A0861A16875
:1022B0004861A1688861A1684E62A1688E62A168C8
:1022C000A869C861A168E8690862A1688A66A1680E
:1022D0004A666268A86BD26992F83010CE0705D5BD
:1022E000916AA6680139F16492F83010890703D524
:1022F000D26AA168013A0A650022A1688A63A168CE
:10230000C1F88820AA6B3AB995F8212095F82010D9
:10231000520742EA4132104395F830200326002A42
:1023200014BF4FF4A0074FF4AA070121A268176455
:10233000A2685063A2681663A2681163D4E90221FF
:10234000D160597C93F912002246FFF739FF2246EB
:1023500095F8221095F92400FFF732FF95F9250032
:10236000224695F82310FFF72BFF044B0020236033
:10237000F8BD00BF90164000004008405450470090
:10238000F0B5EFF30382103A214C51B201F1C00CC9
:1023900054F82C3023F4803344F82C308B0003F1B4
:1023A000804303F5C043D3F800031A4850F82100D6
:1023B000456895F800E0BEF1010F08D043692BB1E4
:1023C000BDE8F04000221146FFF7DCBEF0BD00255D
:1023D000D0E90267B760866802F0FF02B5648668DC
:1023E000F5648668356554F82C6065F3104644F84A
:1023F0002C60D3F80033BFF35F8F074C4B0902F01A
:102400001F020EFA02F2603344F82320D6E700BF21
:10241000006000400047012000E100E030B42B4A9A
:102420000346C2600A7802F0010242700A7852083C
:10243000EFF3108C012080F31088254CC2F11402B8
:10244000E56800FA02F225EA0202E260E2688CF333
:102450001088EFF3108480F31088587800282FD16B
:10246000DD682A7960F386122A7184F3108848683F
:10247000DC68C278D201D2B26271DA689279B2B9FC
:102480004A78A2B1EFF3108C012585F31088104A29
:10249000D46824F48034D460D2688CF3108880240B
:1024A000DA6802F5805282F8C050DA689471407898
:1024B000084A187209785A601970002030BC7047B9
:1024C000D868027922F080020271CEE7001017402E
:1024D00000400840004341440346DA685B7800202E
:1024E00022F81310704700BF38B5037A0446002B5A
:1024F0003ED00021C368427833F8125023F81210FE
:10250000ADB2EFF31080012383F310886278002AC4
:1025100043D0E268137961F3C7131371E268137F44
:1025200043F080031377E268137A43F08003137259
:10253000E268137943F08003137180F3108801215E
:10254000042000F087FBEFF31081012383F3108850
:102550006278002A36D1E068037F62F3861303773E
:1025600081F31088E3686278002023F8125038BDA8
:10257000EFF31083012282F310884278C1683AB1E8
:102580000A7942F080020A7183F31088002038BD76
:102590000A7942F040020A71F6E7E1680B7962F3CA
:1025A00086130B71E268137F43F040031377E268F0
:1025B000137A43F040031372E268137943F0400347
:1025C0001371BAE7E268137F23F080031377C7E73C
:1025D00003461A689B8A00201380704703461B68D5
:1025E000103133F81130002013807047F0B5C769FF
:1025F000054689B017B3BE466C468C46BEE80F0050
:102600003E460FC49EE80F0084E80F00BCE80F00B0
:102610000FC69CE80F008EE80F00AB69384698475C
:10262000EB694BB19C46EE46BEE80F00ACE80F00EC
:102630009EE80F008CE80F0009B0F0BD0F46ECE7F4
:1026400010B5024688B0EFF303831249103B5BB22A
:1026500051F82300EFF30383103B0F495BB2C03303
:1026600051F8234024F4803441F8234051F82330BA
:10267000002143688DF802201C88026A8369ADF846
:10268000004001928DF8081013B16946FFF7AEFFC4
:1026900008B010BD00470120006000402DE9F04760
:1026A000D1E9018E764B41F2360C1A680346086870
:1026B0005F681C681FFA80F97F69A4F804901C68A1
:1026C0001FFA88F9A4F814901C681FFA8EF9A4F870
:1026D00008901C6820F0C0404FEA1049A4F806900A
:1026E0001C6828F0C0484FEA1848A4F816801C68F7
:1026F0002EF0C04E4FEA1E4E624EA4F80AE0366A33
:10270000614DC6F3026802FA08F2C6F3021E22FA0D
:102710000EF2A5FB025292090CFB02F2DFF878A13F
:10272000AAFB0242D1E90045920C0132072A45EA90
:10273000040538BF072215F0005420D0EFF3108CA9
:10274000012484F31088514CE66826F48006E66084
:10275000E4688CF3108890264D4C26701C68D6B225
:1027600084F8DE600C688E6814F0005F0CBF4FF4D4
:1027700080644FF48074B60048BF44F001046E00DA
:102780000FD51D68D2B285F8DF200A6855008A6827
:102790004CBF44F4007444F40064520048BF44F059
:1027A00002041A68A4B25482CA68002A66D0148946
:1027B00026052ED42546AD050DD5D67C957C354312
:1027C0001E6886F8A6501D68D689A5F8A860158AE7
:1027D0001A68A2F8AA501A68A2F890401A680C8ADF
:1027E000A2F880403A796AB1B0FA80F01C68228879
:1027F00092B222F01F021F32121A92B22280988ADD
:1028000002439A82234A0020DA600A681A61BDE80E
:10281000F0871D68A5F890401D685689A5F89C6052
:102820001D689689A5F89E6015681E681FFA85FCCC
:10283000A6F894C04FEA154C1E682CF4C04C1FFA41
:102840008CFCA6F896C01E68C5F3417586F89250B8
:1028500055681E681FFA85FCA6F898C04FEA154C0B
:102860001E682CF4C04C1FFA8CFCA6F89AC01E6897
:10287000C5F3417586F8935015899CE71446AAE77D
:102880004847012000E00140D34D6210004008405D
:1028900000300F404344415283DE1B4310B400F12B
:1028A000604C134C0901134BC9B20CF5614C8CF808
:1028B000001300F1C00144F8202053F8212022F435
:1028C000803243F8212053F82130BFF35F8F01227B
:1028D00043099B0000F01F0003F1604303F56143CF
:1028E0008240C3F880211A605DF8044B704700BF36
:1028F000004701200060004000222DE9F8434E69A6
:102900004160CB68044683610B690D46C0E907232B
:102910000B885B0203F1804303F5B8130360486939
:102920008B7882785B03002A6BD143F45071037972
:10293000002B6CD189B2A1828278C77812022B79E0
:1029400007F03F0702F47C523A43EF78DB0343EA97
:102950004703477890F800E043EA4713EFF3108904
:102960004FF0010C8CF31088B5F800802D4FC8F1A2
:1029700010080CFA08FCD7F80C8028EA0C0CC7F8F1
:102980000CC0FF6889F3108847F6FF573940276865
:1029900092B2398021689BB20A822268D38123686F
:1029A00083F80CE083792268A3F10103B3FA83F37F
:1029B0005B0982F8D03095F90600002803DB224637
:1029C000697AFFF76BFF95F90700002803DB2246C1
:1029D000A97AFFF763FF96F90700002803DB224678
:1029E000717AFFF75BFF96F90800002803DB2246A7
:1029F000B17AFFF753FF00200B4B2061A360BDE8C5
:102A0000F8833F2A077943F4107108D117B141F0D8
:102A100080018FE743F4024141F040018AE7002F33
:102A200088D0F4E700400840434441520020FFF7BB
:102A300007BE00BF064B074993F826001A6A51F8F3
:102A40002030C2F302620449D3400B60704700BFDC
:102A500000E00140E001002048470120704700BF2E
:102A6000F8B54AF2035001233F49404AA1F8FE035A
:102A7000A2F80431B2F804319BB2002BFAD14FF026
:102A8000010C4FF4004120250920394C394F3A4EB2
:102A900067603A4F344BE760A2F800C1384A2660BD
:102AA000A1602161626193F82620196A54F82220FE
:102AB000344EC1F30261CA40326083F8135483F884
:102AC000A20093F880241AB993F88134990746D06C
:102AD000254D95F88034002B36D00022224B83F808
:102AE000812483F8802400231F4981F8323091F833
:102AF0003C301A07FBD543F6013000231A4A0885FB
:102B000081F82A3092F83C309B06FBD50120052342
:102B10001649F12581F81C011B49116282F8263003
:102B200092F82630106A54F82310C0F30260C140B6
:102B300031600024F0204FF42541144B1D731C72AA
:102B40001873A2F8FE13F8BD0121C82085F880147F
:102B500000F080F895F88034012BFBD1BDE74FF4ED
:102B60007A70FFF77BFFBEE700E0014000C0014044
:102B7000E001002000127A00002D3101001BB70097
:102B80000095BA0A48470120211202210020004086
:102B900038B50025284C0121C82084F8285000F0C1
:102BA00059F884F8245094F82430002BFBD194F881
:102BB0002430214943F0020384F8243091F8243072
:102BC000C3F340009B07F9D41B4A81F8220092F816
:102BD000223003F0FF00002BF9D192F84030164963
:102BE00060F3C71382F8403091F84030DB09FBD125
:102BF00091F84200104A63F3C71081F8420092F83E
:102C00004230DB09FBD192F844000B4963F3C71053
:102C100082F8440091F84430C3F3C014DB09F9D1C1
:102C2000012000F0DDF8054B012083F8BB44BDE82E
:102C3000384000F0A5B800BF0030084000E0014077
:102C4000704700BF00BEFEE7A0F101000028FBD1E5
:102C5000704700BF4FF47A7310B400FB01F1114CC0
:102C6000114A2468B2FBF4F2A1FB03043CB9B0FBA7
:102C7000F2F0800860B15DF8044BFFF7E5BF920009
:102C8000B1FBF2F1A1FB03132BB908460028F2D1E6
:102C90005DF8044B70474FF0FF3C5DF8044B604615
:102CA000FFF7D2BF4847012000CA9A3B70B5002405
:102CB0000B4B0C4EB3F82021B3F84051ADB2154088
:102CC00025FA04F3DB0704D556F82430E0B203B14B
:102CD000984701340E2CF3D1014BA3F8305170BD4D
:102CE00000600040C446012070B5032084B000F0AD
:102CF00077F800266FF0FF014FF0FF301C4C1D4BA2
:102D0000224699644FF0010E3346CDE9010004F1EB
:102D10001E05039032F8021F0EFA03FC013311B1B5
:102D2000012620EA0C00AA42F4D1F6B10190124B20
:102D3000104A1067C3F88002029903205167C3F854
:102D4000841203999167C3F8881200F019F80023E0
:102D50000A4834F8022F03F1C00101330AB140F8E8
:102D60002120A542F5D104B070BD4FF0FF30DEE761
:102D70002EA000000080004000E100E00060004064
:102D8000EFF31081012383F31088124B33F81020E6
:102D900092B22AB133F81020013A92B223F81020EF
:102DA00033F810309BB293B910B40B4A0B4CB2F805
:102DB000FE3334F810009BB243F4254323EA0003AA
:102DC000A2F8FE3381F310885DF8044B704781F35D
:102DD000108870473C47012000E0014058A00000E7
:102DE00030B4EFF31081012383F310880E4A32F8D8
:102DF00010309BB26BB90D4C0D4DB4F8FE3335F865
:102E000010C09BB243EA0C0343F425439BB2A4F8E1
:102E1000FE3332F8103001339BB222F8103081F3C8
:102E2000108830BC704700BF3C47012000E00140E3
:102E300058A0000008B50C4A0346106840B103339F
:102E40000A4923F0030303448B4205D8136008BDED
:102E5000074908461160F2E701F0DAFF0C22034649
:102E60001A604FF0FF3008BD44470120006B01207D
:102E7000004B012000BE704708B500F003F8FEF7D4
:102E8000E9F8FEE74FF4700270B52B4B2B4CC3F8FA
:102E9000882000209C60FDF759FEFFF7E1FD01202E
:102EA000FDF754FE2368A3F5005383F30A882448F2
:102EB000244A0021121A01F043FF2348234A2449DF
:102EC000121A01F0BCFF234D234B5B1B002B07DDC7
:102ED00000249E1055F8043B01349847A642F9DCC3
:102EE000FFF7A8FDFFF754FE0320FFF779FF4FF629
:102EF000FF720024194B03201A825A829A82DA82C6
:102F00001A835A839A83DA83FFF73AFF0320FFF785
:102F100067FF134B03205C609C60DC601C61FFF763
:102F20002FFF0220FDF712FEFFF7DEFE2046BDE870
:102F30007040FFF785BE00BF00ED00E0000000001C
:102F400000020020FC4A012000000020E0010020D7
:102F500028A40000D8010020DC010020000D08405A
:102F600000000E402DE9F047002480463C493D4BCF
:102F70004FF4806282B00C803B482146DFF810A1FC
:102F8000C8F800401C7001F0DBFE102237493848B9
:102F90008AF80040FEF764F800285CD19AF8003007
:102FA00040F6B83413B10AE0013C50D04FF47A71C6
:102FB0000120FFF74FFE9AF80030002BF4D00023D9
:102FC0004FF47A762B4F284DDFF8C8908AF80030FE
:102FD00015E02949284601F0BBFE284980BB284658
:102FE00001F0B6FE264958BB284601F0B1FE38BBB9
:102FF0004FF47A710120FFF72DFE013E23D03946B0
:10300000284601F0A5FE0028E3D0037B303B092BC6
:10301000DFD8002300F10C040A22204601A9019305
:1030200000F078FF019B82469C42D2D04946284658
:1030300001F08EFE0028CCD00120C8F800A003E0EB
:10304000104801F0F3FC002002B0BDE8F0870E4804
:1030500001F0ECFCF7E701460C4801F07FFCF2E7D9
:103060001C3D01201A3D0120203D012090A00000C0
:103070000046012080A000008C7F0000947F0000AB
:103080009C7F0000B07F0000747F0000547F000030
:10309000193D0120887F00002DE9F047B2B30646B4
:1030A0000F4690460025234CDFF8A090DFF8A0A043
:1030B0003EB196F9003023B13146204601F048FE7A
:1030C000A0BB3FB197F9003023B13946204601F04B
:1030D0003FFE58BB4946204601F03AFEE8B951464A
:1030E000204601F035FEC0B92046134901F030FEFC
:1030F00098B92046114901F02BFE70B94FF47A714E
:1031000001200135FFF7A6FDA845D1D10C4B094A96
:1031100019880C4801F022FC05E0094B054A198882
:10312000094801F01BFC0020BDE8F0870120BDE844
:10313000F08700BF203D0120D47F00009C7F00006D
:103140001C3D0120FC7F0000DC7F00008C7F000024
:10315000947F000000284CD02DE9F047002405465C
:103160009946254B0F461C80244B21469046244807
:103170004FF480621C7001F0E3FD284601F06CFE04
:1031800083B20BB9002023E0DFF888A01A46294655
:103190001C488AF80040FDF763FF28BB9AF800300E
:1031A00040F6B83413B10AE0013C13D04FF47A7101
:1031B0000120FFF74FFD9AF80060002EF4D00023A5
:1031C0004A46414638468AF80030FFF765FF30B17D
:1031D000BDE8F0870C4801F029FC0020F8E72946FB
:1031E0000A4801F0BBFBCDE70146094801F0B6FBF8
:1031F000C8E70020704700BF1C3D01201A3D012098
:10320000203D012000460120747F00002080000046
:10321000547F0000193D012000232DE9F041804634
:103220002F4C82B04FF480620D462E481946238001
:10323000019301F085FD404601F00EFE4146024635
:103240002948FDF70DFF0446404601F005FE014602
:10325000264801F083FB002C3CD1019B244AAB4261
:1032600014702BD2234E1F4C234F14E039462046B6
:1032700001F06EFD2149F0B9204601F069FDD0B999
:103280004FF47A710120FFF7E5FC019B01330193B4
:10329000019BAB4212D23146204601F059FD002875
:1032A000E4D0174801F0C2FB019B0120AB4209D2D8
:1032B00002B0BDE8F081134801F0B8FB019B00208B
:1032C000AB42F5D34146104801F048FB002002B064
:1032D000BDE8F08141460D4801F040FBF6E700BF34
:1032E0001C3D0120203D01200046012038800000C7
:1032F0001A3D0120887F00008C7F0000947F000031
:1033000060800000808000009C8000004080000001
:1033100038B50F4C0F4D104B2A4620460F4901F08F
:10332000C1FB21460E4801F019FB29460D4801F06A
:1033300015FB43F698212046FFF76EFF0346204613
:103340001C464FF40072002101F0FAFC204638BD03
:10335000B04701202081000014810000248100007A
:10336000F48000003C8100002DE9F04F93B0009202
:10337000002800F0A6801D460B461146002A00F0EA
:10338000A0805A1EB2F5007F80F09B804FF0000AAB
:10339000DFF80093DFF800B3B9F80070BBF80080E5
:1033A000A1F800A0474560D3064607A80193FFF7A0
:1033B000D9FD019B18B1079A002A40F086804FF092
:1033C000000BA9490393A94B019181F800B04FF478
:1033D00080625946A6480293A3F800B001F0B0FC01
:1033E000039B002D00F0BD80CDE90363DDE90146BC
:1033F000D846DFF8A8929E4FDFF8A4A21AE0514603
:10340000384601F0A5FC002858D13846994901F00A
:103410009FFC002852D1BBF57A7F3DD00BF1010B08
:103420004FF47A71012008F10108FFF713FC4545BC
:1034300000F097804946384601F08AFC0028DED02B
:1034400007A8FFF78FFD18B1079A002A40F0828085
:103450004FF0000B4FF4806238465946A6F800B092
:1034600084F800B001F06CFCC9E7A8EB0705ADB229
:103470009D4228BF1D46804E2A46F1192F44BFB2F7
:1034800001F0DDFCB8455BD9A9F800700120009B74
:103490001D8013B0BDE8F08F07A8FFF763FD10B1E2
:1034A000079A002A56D100214FF4806238463180B5
:1034B00021704FF0010B01F043FCB1E76F4801F0C0
:1034C000B5FA002013B0BDE8F08F9A424DD9674A93
:1034D0000292654A01920027009C2821684A08A8A8
:1034E0002780039301F0AAFA8146019B4FF4806282
:1034F0001F70029B39465E48DFF8A8811F8001F0EB
:103500001FFC4A465F4808A988F80070FDF7A8FD2F
:10351000002840F00B8198F80020039B62BB40F626
:10352000B8371C464FF47A710120FFF793FB98F8E7
:10353000003003BB013FF5D1534801F077FAC0E7F3
:10354000304660225146A9F800A0ABF800A001F077
:10355000F7FB9BE7DDE903639342019428BF93B235
:10356000B9E74A4801F062FAABE7404B029393B2E5
:103570003D4A0192AFE72346002288F80020002D43
:1035800000F0CE800195914690461546CDE9046342
:10359000039210E0039BC2464344B34240F29E8034
:1035A0004FF47A710120FFF755FB019B09F10109E6
:1035B0004B4500F0B580029B1E88002DEAD10C2EF1
:1035C00040F29280DFF8A8A02C46D346304F03E0AB
:1035D000B34200F28E8014460D225846394601F05F
:1035E00085FB0BF1010B04F10E03621C0028EFD1E7
:1035F00004F10D0292B29642D2D91D4904F10C0396
:1036000082460B440BE001EB4E0ABAF5007F1FFA2D
:103610008CF200F2818096424FF00100C0D913F87D
:10362000014F0AEB8A0EA4F13001CFB2092F02F14B
:10363000010CE8D92C2C7ED1013293B2039328B12E
:10364000039B1FFA8AF85344B34201D90546A7E702
:10365000039B03EB080080B2864243D9831DB3422B
:1036600040D8441CA4B224E01A3D01201C3D012096
:10367000203D01209C7F00005047012084810000F4
:10368000B081000000460120747F00005C810000D2
:1036900070A000004E4701204C47012074810000BB
:1036A0007C810000193D0120A31D9E42204619D3B4
:1036B0001446294B06222949184401F017FB621CC5
:1036C0000028F1D1DDE904639845424644463ED8DE
:1036D000002A34D1009B01201C80F3E6052E98B20D
:1036E000BAD85DE701255BE7042E7FF659AFDFF816
:1036F00068A0002402E09E42FFF452AF0AEB0400EF
:103700000522174901F0F2FAA31D01340028F2D175
:10371000144801F08BF9D4E6134801F087F9D0E69C
:10372000029B1248198801F019F9CAE601461048AF
:1037300001F014F9C5E60F4801F078F9C1E60399E4
:10374000054B52463046194401F079FBC2E70A485E
:1037500001F06CF9B5E600BF203D012060A000003B
:1037600068A0000028820000E8810000C4810000F9
:10377000547F000008820000488200002DE9F047D5
:103780009AB000284ED001294CD900230646914614
:103790001C46984601398DB203704B4660210DF1ED
:1037A000060202A8ADF80680FFF7DEFD07460028F6
:1037B00038D0BDF806A0BAF1000F2AD000210DF1D3
:1037C000080E301907E0AC4291B29CB227D28A456C
:1037D00000F801CB1DD01EF801CB4A1CBCF10A0F2A
:1037E00004F10103EFD14CB1331913F9012C0D2A67
:1037F00012BF1E4604F1FF3416FA84F600250AF1C2
:10380000FF34641AA4B2357074B938461AB0BDE8F2
:10381000F087A542C1D80E4801F008F902E00D4832
:1038200001F004F90027F0E7602C03D90A4801F001
:10383000FDF8F7E702AB0131224613FA81F10748A0
:1038400001F0FDFA064A074B15801C80DDE700BF3A
:10385000B08200009082000070820000504701207A
:103860004E4701204C470120002850D070B590F9F8
:1038700000300446A2B013B9002022B070BD00256C
:103880000E462449244B60220D80244829461D8081
:1038900001F056FA4FF4FA63214A22492248FFF711
:1038A00059FC4FF4FA632A461E492048FFF752FCA0
:1038B0000028E1D04FF4FA632A461A491C48FFF762
:1038C00049FC0028D8D04FF4FA632A461549194814
:1038D000FFF740FC0028CFD04FF4FA632A46114985
:1038E0001548FFF737FC0028C6D023468021134A2D
:1038F00002A8009601F0A2F801387E28BCD843F651
:1039000098230F4A074902A8FFF724FCB5E70020D7
:10391000704700BF4E4701204C470120504701200F
:103920007C810000887F0000CC820000DC820000E7
:10393000EC820000FC8200000C8300002083000069
:103940003C830000002849D0F0B50C4689B000291E
:1039500039D040F2B453994232D80B46234A202141
:103960000546684601F06AF840F6B833002268461A
:103970001F49FFF7EFFB30B300271E491E4B4FF4E2
:1039800080620F801D4839461D4E1F7001F0D8F926
:10399000224629461B483770FDF762FB00BB33788F
:1039A00041F2883493B94FF47A710120FFF752F94C
:1039B00033785BB9013CF6D1134801F037F802E0E7
:1039C000124800F0CBFF002009B0F0BD00214FF4F9
:1039D000FA520F483170FFF75FFBF5E700207047A0
:1039E00001460C4800F0BAFFEDE700BF6C83000011
:1039F0007C8300001C3D01201A3D0120203D012058
:103A0000193D012000460120747F00005083000012
:103A100080830000547F000040F6B833024A034917
:103A20000348FFF797BB00BF7C810000887F000040
:103A3000CC82000010B5194800F0F8FF184C194B63
:103A40000FCB07C41848238000F0F0FFA4F10C014D
:103A5000164800F083FF42F21071A4F10C00FFF74A
:103A6000DBFB0346A4F10C001C464FF4007200215E
:103A700001F066F974B1FFF74BFC044620B10C4825
:103A800000F0D4FF204610BD0A4800F0CFFF00240C
:103A9000204610BD084800F0C9FFF8E78883000001
:103AA000B0470120C8800000D8800000F4800000EA
:103AB000EC830000CC830000AC83000081F0004167
:103AC00002E000BF83F0004330B54FEA41044FEA03
:103AD000430594EA050F08BF90EA020F1FBF54EA9E
:103AE000000C55EA020C7FEA645C7FEA655C00F03A
:103AF000E2804FEA5454D4EB5555B8BF6D420CDD0B
:103B00002C4480EA020281EA030382EA000083EA8D
:103B1000010180EA020281EA0303362D88BF30BD2D
:103B200011F0004F4FEA01314FF4801C4CEA113183
:103B300002D0404261EB410113F0004F4FEA0333E2
:103B40004CEA133302D0524263EB430394EA050F6D
:103B500000F0A780A4F10104D5F1200E0DDB02FADC
:103B60000EFC22FA05F2801841F1000103FA0EF270
:103B7000801843FA05F359410EE0A5F120050EF136
:103B8000200E012A03FA0EFC28BF4CF0020C43FA67
:103B900005F3C01851EBE37101F0004507D54FF074
:103BA000000EDCF1000C7EEB00006EEB0101B1F5C4
:103BB000801F1BD3B1F5001F0CD349085FEA30000A
:103BC0004FEA3C0C04F101044FEA445212F5800F15
:103BD00080F09A80BCF1004F08BF5FEA500C50F1B2
:103BE000000041EB045141EA050130BD5FEA4C0C95
:103BF000404141EB0101013C28BFB1F5801FE9D2F2
:103C000091F0000F04BF01460020B1FA81F308BF14
:103C10002033A3F10B03B3F120020CDA0C3208DDE0
:103C200002F1140CC2F10C0201FA0CF021FA02F1BB
:103C30000CE002F11402D8BFC2F1200C01FA02F12B
:103C400020FA0CFCDCBF41EA0C019040E41AA2BF50
:103C500001EB0451294330BD6FEA04041F3C1CDA18
:103C60000C340EDC04F11404C4F1200220FA04F038
:103C700001FA02F340EA030021FA04F345EA0301E2
:103C800030BDC4F10C04C4F1200220FA02F001FAA4
:103C900004F340EA0300294630BD21FA04F0294626
:103CA00030BD94F0000F83F4801306BF81F48011BF
:103CB0000134013D4EE77FEA645C18BF7FEA655C32
:103CC00029D094EA050F08BF90EA020F05D054EA04
:103CD000000C04BF1946104630BD91EA030F1EBF09
:103CE0000021002030BD5FEA545C05D1400049410D
:103CF00028BF41F0004130BD14F580043CBF01F500
:103D0000801130BD01F0004545F0FE4141F47001E5
:103D10004FF0000030BD7FEA645C1ABF19461046C0
:103D20007FEA655C1CBF0B46024650EA013406BFC1
:103D300052EA033591EA030F41F4002130BD00BF80
:103D400090F0000F04BF0021704730B54FF480643D
:103D500004F132044FF000054FF0000150E700BFBE
:103D600090F0000F04BF0021704730B54FF480641D
:103D700004F1320410F0004548BF40424FF000010A
:103D80003EE700BF42004FEAE2014FEA31014FEA4D
:103D900002701FBF12F07F4393F07F4F81F060519C
:103DA000704732F07F4208BF704793F07F4F04BFE7
:103DB00041F40021704730B54FF4607401F00045C4
:103DC00021F000411CE700BF50EA010208BF704724
:103DD00030B54FF000050AE050EA010208BF704715
:103DE00030B511F0004502D5404261EB41014FF47E
:103DF000806404F132045FEA915C3FF4D8AE4FF086
:103E000003025FEADC0C18BF03325FEADC0C18BF68
:103E1000033202EBDC02C2F1200300FA03FC20FAB9
:103E200002F001FA03FE40EA0E0021FA02F1144406
:103E3000BDE600BF2DE9F04386460D46334E2846C9
:103E400015F8014B375D17F00807F8D12D2C10D16C
:103E50002C780127851C33F0100015D1302C0DD1A2
:103E6000287800F0DF00582808D16C78023510233C
:103E70000AE02B2C04BF2C78851CECE7002BF6D134
:103E8000302C14BF0A2308234FF0FF380026B8FB5C
:103E9000F3F803FB08F930466FEA0909A4F1300C86
:103EA000BCF1090F10D86446A3421EDDB6F1FF3FF6
:103EB00007D0804516D301D1A14513DB00FB034099
:103EC000012615F8014BE9E7A4F1410CBCF1190FEB
:103ED00001D8373CE8E7A4F1610CBCF1190F04D814
:103EE000573CE1E74FF0FF36EBE7731C06D1222386
:103EF0003046CEF8003032B9BDE8F08307B1404219
:103F0000002AF9D006B1691E1160F5E7A2A00000F1
:103F1000FFF790BF13460A46014602480068FFF7C4
:103F200089BF00BF1C0000202DE9FF4757EC106B34
:103F3000002F0C4619463B46B4BF07F1004300234F
:103F40009146BFBF32461F462D231646DDF830A0EE
:103F50000B700D9B23F02008B8F1460F05D0B8F187
:103F6000450F00D10134022100E0032103AB2246BA
:103F7000019302AB47EC106B0093534601F004F839
:103F8000B8F1470F054619D119F0010F0ED000EB1B
:103F90000409002200233046394603F0E9FC08B149
:103FA000CDF80C903022039B4B451ED3039B284633
:103FB0000E9A5B1B136004B0BDE8F087B8F1460FA2
:103FC00000EB0409E5D10378302B0AD1002200234D
:103FD0003046394603F0CCFC18B9C4F10104CAF8E4
:103FE0000040DAF800309944D3E7591C03911A7065
:103FF000D9E7F7B500290270BABF49422D232B2318
:104000000929437028DD0DF107030A271D461A46CA
:10401000013BB1FBF7F607FB1614303402F8014CF4
:104020000C463146632CF2DC3031941E03F8011C3F
:10403000411C2346AB420AD30DF109039B1AAC4243
:1040400088BF002302330344181A03B0F0BD13F8ED
:10405000016B01F8016FEDE7302330318370031DF0
:10406000C170F1E72DE9F04F8DB00C4616461F46A2
:10407000DDF85880054600F081FE03681846049379
:1040800000F0EAFE002305900A93D8F8003094F877
:1040900018A00733D4F800B023F0070303F1080297
:1040A000C8F800204FF0FF32D3E9008929F000431F
:1040B000CDF8188007939D4BDDE90601C4E912890C
:1040C00003F088FC70BB4FF0FF32984BDDE906012E
:1040D00003F062FC30BB002200234046494603F057
:1040E00051FC10B12D2384F84330914A914BBAF121
:1040F000470F8CBF9046984603234FF00009236179
:104100002BF00403236033460BAA21462846009770
:1041100000F0D2F9013040F08D804FF0FF300DB04B
:10412000BDE8F08F42464B464046494603F052FCFC
:1041300040B14B46804A002BBCBF2D2384F843304E
:104140007E4BD4E70AF0DF02636806925A1C3BD12B
:10415000062363604BF480620023284622600393A9
:104160000AABCDE901A309AB49EC108B00930DF12B
:1041700023036168FFF7D8FE069B80460999472B09
:1041800029D1C81C02DB6368994241DDAAF1020A09
:104190005FFA8AFA0139524604F150000991FFF79B
:1041A00028FF0A9A81461318012A236102DC22683B
:1041B000D20701D5013323619DF82330002BA2D013
:1041C0002D2384F843309EE7069A472AC2D1002B5C
:1041D000C0D10123BDE7BAF1650FDBD9BAF1660F93
:1041E00018D1002963680BDD216113B92268D0075B
:1041F00002D501330B4423614FF00009A165DBE7D1
:1042000013B92268D20701D50233F4E70123F2E79C
:104210004FF0670A0A9B994205DB23682161D807A2
:10422000EAD54B1CE7E70029D4BFC1F10202012205
:104230001344E0E723685A0507D423694246314610
:104240002846B84701302BD167E7BAF1650F40F235
:10425000DD8000220023D4E9120103F089FB00284D
:1042600033D00123364A31462846B84701303FF45F
:1042700054AFDDE90938434502DB2368D8070FD581
:1042800031462846DDE90423B84701303FF445AF05
:104290004FF0000908F1FF3804F11A0AC84509DC9B
:1042A00023689B0700F10381E0680B9B9842B8BF2D
:1042B000184634E70123524631462846B8470130B4
:1042C0003FF42BAF09F10109E8E7099B002B39DC2A
:1042D00001231B4A31462846B84701303FF41DAF41
:1042E000DDE9093959EA030302D12368D907D7D593
:1042F00031462846DDE90423B84701303FF40DAFCD
:104300004FF0000A04F11A0B099B5B42534501DC94
:104310004B4693E701235A4631462846B8470130B9
:104320003FF4FBAE0AF1010AEEE700BFFFFFEF7FAB
:10433000A6A10000A2A10000AEA10000AAA1000059
:10434000E3A20000A36DDDF828A05345A8BF5346A3
:10435000002B994636DC4FF0000B29EAE97904F18D
:104360001A02A36D0693A3EB09035B4531DC099B9D
:104370009A453ADC2368DA0737D4099BAAEB03098C
:10438000069BAAEB03039945A8BF9946B9F1000F14
:1043900033DC4FF0000829EAE97904F11A0B099B94
:1043A000AAEB0303A3EB090343457FF779AF01238E
:1043B0005A4631462846B84701303FF4AEAE08F1C0
:1043C0000108ECE7424631462846B8470130C2D1E1
:1043D000A3E60123314628460692B84701303FF450
:1043E0009CAE0BF1010B069ABBE7DDE904233146D5
:1043F0002846B8470130C0D18FE6069A4B46314671
:1044000028464244B8470130C3D186E6DDF828A0EB
:10441000BAF1010F01DCDB0736D5012342463146F4
:104420002846B84701303FF478AE31462846DDE9EA
:104430000423B84701303FF470AE002200230AF194
:10444000FF3AD4E9120103F093FAC0B9534608F1D8
:10445000010231462846B84701300CD15DE6012300
:104460005A4631462846B84701303FF456AE08F167
:104470000108D045F3DB4B4604F15002DFE64FF074
:10448000000804F11A0BF4E701234246E1E7012397
:104490004A4631462846B84701303FF43EAE08F15F
:1044A0000108E3680B995B1A4345F0DCFCE64FF02A
:1044B000000804F11909F4E72DE9F047164698467B
:1044C0008A6807460B690C46DDF820909342B8BF16
:1044D0001346336091F843200AB1013333602368F7
:1044E000990642BF336802333360256815F006052C
:1044F00006D104F1190AE36832689B1AAB422BDC3F
:1045000094F843302268003B18BF0123920630D450
:1045100004F1430241463846C847013023D023689E
:104520001A3454F80A2C03F00603042B0ABF54F87B
:104530000E5C002533684FF0000608BFED1A54F8F2
:10454000123C08BF25EAE5759342C4BF9B1AED18DB
:10455000B5421AD1002008E00123524641463846B0
:10456000C847013003D14FF0FF30BDE8F087013577
:10457000C1E7E1185A1C30200233224481F843007D
:1045800094F8451082F84310C2E7012322464146C1
:104590003846C8470130E6D00136D9E72DE9FF4754
:1045A0000F7E914680460C46782F9A460C9E01F16C
:1045B000430207D8622F0AD8002F00F0D180582F6D
:1045C00000F0B88004F1420684F842703AE0A7F1A6
:1045D0006303152BF6D801A151F823F035460000EE
:1045E00049460000C5450000C5450000C54500001E
:1045F000C545000049460000C5450000C54500000E
:10460000C5450000C545000047470000734600004F
:1046100001470000C5450000C5450000694700008E
:10462000C545000073460000C5450000C5450000B3
:104630000947000033681A1D1B68326004F1420606
:1046400084F8423001239CE033682068191D3160F2
:10465000060601D51D6803E04506FBD5B3F90050F9
:10466000002D03DA2D236D4284F8433058480A2385
:1046700011E021683368080653F8045B02D4490648
:1046800048BFADB26F2F3360514814BF0A230823CF
:10469000002184F843106668002EA66005DB2168BF
:1046A0002E4321F0040121604BD01646B5FBF3F1F7
:1046B00003FB1157C75D06F8017D2F460D46BB422F
:1046C000F4D9082B0BD12368DF0708D5236961686B
:1046D0009942DEBF302306F8013C06F1FF36921BFB
:1046E00022614B4603AA21464046CDF800A0FFF7C1
:1046F000E3FE01304AD14FF0FF3004B0BDE8F0874F
:10470000236843F02003236078273248236884F825
:1047100045701F06316851F8045B02D45F0648BF3C
:10472000ADB23160D90744BF43F0200323601DB10F
:104730001023ADE72648E9E7236823F02003236030
:10474000F6E71646BDE733682568181D61693060D5
:104750002E061B6801D5196002E06806FBD519809A
:10476000002316462361BCE7336800211A1D32601E
:104770001E686268304600F054FB08B1801B606020
:1047800063682361002384F84330AAE72369324633
:1047900049464046D0470130ADD023689B0713D42B
:1047A000E068039B9842B8BF1846A6E7012332464B
:1047B00049464046D04701309DD00135E368039912
:1047C0005B1AAB42F2DCEBE7002504F11906F5E7D2
:1047D000B2A10000C3A10000002310B5044683600D
:1047E000818119464366C28108228361C0E9003392
:1047F000C0E904335C3000F0A3FA0D4B246263621D
:104800000C4BA3620C4BE3620C4B23630C4B9C429E
:1048100006D003F16802944202D0D0339C4205D105
:1048200004F15800BDE8104000F0F8BA10BD00BF18
:10483000394B00005F4B0000974B0000BB4B000062
:10484000B0490120024A0349034800F069B800BF9B
:10485000100000207D7000002000002041680C4BFB
:10486000994210B5044601D002F008FCA168094B3A
:10487000994202D0204602F001FCE168064B9942C1
:1048800004D02046BDE8104002F0F8BB10BD00BFC8
:10489000B0490120184A0120804A012010B50B4B75
:1048A00004210B4C0B4A20461A600022FFF794FFAC
:1048B00004F1680001220921FFF78EFF04F1D00006
:1048C00002221221BDE81040FFF786BFE84A01200E
:1048D000B049012045480000014800F0A0BA00BFDF
:1048E000F14A0120014800F09BBA00BFF14A0120C3
:1048F00010B50446FFF7F0FF236A1BB1BDE8104076
:10490000FFF7F0BF044B2362044B1B68002BF5D16B
:10491000FFF7C4FFF2E700BF5D480000E84A01204E
:104920002DE9F8430746884614460026D4E9019548
:10493000B9F1010905D52468002CF7D13046BDE84E
:10494000F883AB89012B07D9B5F90E30013303D0B9
:1049500029463846C04706436835E9E70FB407B52E
:10496000064904AB086853F8042B8168019302F0F0
:104970009DF803B05DF804EB04B070471C00002004
:10498000036A70B505460E4684680BB9FFF7B0FFA1
:10499000636EDB0705D4A389980502D4A06D00F0EF
:1049A0003EFAA389190702D52369002B35D1214688
:1049B000284600F045F980B34FF0FF35636EDA0703
:1049C00005D4A3899B0502D4A06D00F029FA2846DE
:1049D00070BD002B04DAA2699A4217DC0A2915D0AF
:1049E00023685A1C22601970A36816F8011F013B46
:1049F000A3600029EDD1002B11DA22460A212846B6
:104A000000F0DFF80130D7D00A25D7E72246284644
:104A100000F0D7F80130E7D1CEE7013EE4E72368A4
:104A20005A1C22600A221A70EEE7FFFF024B014671
:104A30001868FFF7A5BF00BF1C0000200CB4184B7E
:104A400030B50C1E9DB01D6808DA8B234FF0FF3087
:104A50002B601DB0BDE8304002B070474FF40273C8
:104A60000290069002A9ADF8143014BF04F1FF3390
:104A70002346209A2846049307934FF6FF73ADF818
:104A8000163021AB019301F01BFD431CBCBF8B23EF
:104A90002B60002CDDD0029B00221A70D9E700BFEA
:104AA0001C0000200EB400B59CB06FF000411DAB9F
:104AB00002900690079104910848094953F8042B85
:104AC000059102A90068019301F0FAFC029B002203
:104AD0001A701CB05DF804EB03B070471C00002096
:104AE0000802FFFF0EB430B59CB04FF401721FAC4A
:104AF000ADF81420029054F8045B069000F0ACF975
:104B00000B4B2A46039002A90B93002307900F93A7
:104B100014934FF6FF730748ADF81630234600682C
:104B2000019401F023FE1CB0BDE8304003B0704793
:104B30005B4B00001C00002010B50C46B1F90E10B4
:104B400000F042F90028ABBF636DA3891B1823F462
:104B50008053ACBF6365A38110BD002070472DE971
:104B6000F0411F468B8905460C46DB05164605D5E8
:104B700002230022B1F90E1000F014F9A389324685
:104B8000B4F90E10284623F48053A3813B46BDE8B8
:104B9000F04100F02BB910B50C46B1F90E1000F041
:104BA00001F9431CA38915BF606523F4805343F4C6
:104BB0008053A38118BFA38110BDB1F90E1000F07E
:104BC000E1B8F8B50E461446054618B1036A0BB9AC
:104BD000FFF78EFEA369A360A3891A0701D5236995
:104BE00043B92146284600F02BF818B14FF0FF37A3
:104BF0003846F8BD2368F6B222693746981A6369C9
:104C0000834205DC2146284602F038FA0028EDD11F
:104C1000A368013BA36023685A1C22601E70431CDA
:104C200062699A4204D0A389DB07E1D50A2EDFD15D
:104C30002146284602F022FA0028D9D0D6E7FFFF05
:104C400038B5294B05460C46186818B1036A0BB9EC
:104C5000FFF74EFEB4F90C30190722D4DA0607D458
:104C600009222A6043F040034FF0FF30A38133E074
:104C7000580712D5616B41B104F14403994202D047
:104C8000284600F03FFF00236363A38923F0240339
:104C9000A3810023636023692360A38943F0080391
:104CA000A38123694BB9A38903F42073B3F5007F73
:104CB00003D02146284602F02EFAB4F90C3013F046
:104CC00001020AD00022A26062695242A2612269F6
:104CD00042B913F08000C5D138BD990758BF626949
:104CE000A260F4E70020F7E71C000020013902442D
:104CF00010B5904201D1002005E0037811F8014F72
:104D0000A34201D0181B10BD0130F2E7884210B554
:104D100001EB020402D98442234607D8431EA14274
:104D200008D011F8012B03F8012FF8E702440146DF
:104D30008A4200D110BD13F8014D02F8014DF7E78A
:104D400002440346934200D1704703F8011BF9E780
:104D50000A7870B56AB970BD9A4209D10C46054609
:104D600014F8013F002BF6D015F8016F9E42F7D0E2
:104D700001300378002BEFD11846ECE7004870476C
:104D80005C01002038B50023054D044608462B6021
:104D900002F05EFE431C02D12B6803B1236038BDD4
:104DA000EC4A012038B50446064D0846114600225B
:104DB0002A601A4602F064FE431C02D12B6803B13C
:104DC000236038BDEC4A012038B50446064D08463C
:104DD000114600222A601A4602F05AFE431C02D1F4
:104DE0002B6803B1236038BDEC4A012038B5044676
:104DF000064D0846114600222A601A46FBF758FA6B
:104E0000431C02D12B6803B1236038BDEC4A01205A
:104E1000014B1868704700BF1C00002070477047A6
:104E20007047C9B20346024410B59342184601D1F7
:104E3000002003E0047801338C42F6D110BD0A440F
:104E4000431E914200D1704710B511F8014B9142B9
:104E500003F8014FF9D110BD034613F8012B002AC6
:104E6000FBD1181A013870472DE9F74F036907463F
:104E70000C69A342C0F28380013C00F1140501F1EA
:104E80001408A30055F8242008EB8409009305EBCF
:104E90008403019358F8243001339A42B2FBF3F6AD
:104EA00031D34FF0000AC446AE46D3465CF8043B0B
:104EB00098B2E1454FEA134306FB00A04FEA1042C7
:104EC00080B206FB0323DEF8002092B24FEA134AB9
:104ED000A2EB00029BB2DEF800005A44C3EB22436F
:104EE00092B203EB104342EA03424FEA234B4EF8DF
:104EF000042BDBD2009BEB582BB9019B043B9D425A
:104F00001A4630D33C61384601F072F9002826DB9E
:104F10002946002058F8042BD1F800C01FFA82FE61
:104F2000C1451FFA8CF34FEA1242A3EB0E03034470
:104F3000C2EB23429BB202EB1C4243EA02434FEA1C
:104F4000224041F8043BE5D255F8242005EB8403C8
:104F500022B9043B9D421A460BD33C6101363046D0
:104F600003B0BDE8F08F1268043B002ACAD1013CAF
:104F7000C5E71268043B002AEFD1013CEAE70020B4
:104F8000EEE7FFFFFFFFFFFF2DE9F04FC76999B084
:104F90008346229E09910E92139355EC104B8DED92
:104FA000040B7FB9102000F0F7FD0246CBF81C007F
:104FB00020B9A74BEF21A748FDF744FEC0E90177D0
:104FC0000760C760DBF81C30196859B15A680123C3
:104FD000584693404A608B6000F0D4FEDBF81C30EA
:104FE00000221A602B1EB7BF23F0004300230122CA
:104FF0000593A8BF3360059F974BB8BF3260BB4392
:1050000012D142F20F73139A1360C7F313032343B1
:1050100000F04685239BDFF854A2002B00F0488562
:105020000AF1030300F042BD9DED047B0022002342
:1050300051EC170B8DED0C7B02F09AFC804658B1B9
:105040000123139A1360239B13B1844B239A13609B
:10505000DFF81CA200F02CBDC7F30A5616AA17A948
:1050600058469DED0C0B01F077F98146002E75D066
:105070000D9BA6F2FF36CDF85080C3F3130343F027
:105080007F53DDE90C0143F4401319460022744BB1
:10509000FEF718FD68A3D3E9002302F001FA68A324
:1050A000D3E90023FEF710FD04460D463046FEF717
:1050B00057FE65A3D3E9002302F0F2F902460B463E
:1050C00020462946FEF700FD04460D4602F098FCF6
:1050D0000022074600232046294602F053FC40B137
:1050E0003846FEF73DFE22462B4602F041FC00B951
:1050F000013F162F51D85B4B03EBC703DDE90C01D1
:10510000D3E9002302F03EFC002848D0013F0023F1
:105110001293169B9B1B5A1E46BFC3F10108002326
:105120004FF00008089248BF0893002F39DB089B16
:105130000F973B44089300230A93099B092B61D8DE
:10514000052BC5BF043B002401240993099B023BA6
:10515000032B63D8DFE803F05254372CDDE91663E4
:105160001E4406F23243202BC9BFC3F14003C3F1F2
:1051700020039F4006F21243D8BF04FA03F006F161
:10518000FF36C4BF24FA03F347EA0300FEF7D8FD55
:105190000122A1F1F873149277E70123B8E7129086
:1051A000B7E77B42A8EB07080A9300230F93C4E7F5
:1051B00001230B930E9BFB1800930133012B0393E8
:1051C000B8BF012306E001230B930E9B002B28DDC3
:1051D00000930393DBF81C000021042202F1140564
:1051E0009D4223D94160584600F08CFD824600283C
:1051F00040D11D4B024640F2AF11DCE60023E3E74D
:105200000023D6E7012400230B9409934FF0FF33CA
:1052100000220093039312230E92DBE701230B93EA
:10522000F4E701231A4600930393F5E70131520096
:10523000D4E700BFAFF3008061436F63A787D23F1D
:10524000B3C8608B288AC63FFB799F501344D33F75
:10525000E1A10000F8A100000000F07FE4A200003E
:105260000000F83F28A3000051A20000DDA10000CB
:10527000E3A20000DBF81C301860039B0E2B00F249
:10528000A180002C00F09E80002F33DD07F00F027C
:105290009B4BF8054FEA271403EBC20393ED007B09
:1052A0008DED067B16D5974B04F00F040326D3E94A
:1052B0000823DDE90C0102F01DFACDE90401914D4E
:1052C00054B9DDE90623DDE9040102F013FACDE962
:1052D000040128E00226F2E7E10708D50136DDE9FE
:1052E0000601D5E9002302F0DBF8CDE906016410E0
:1052F0000835E5E700F0AF807C42814B814D022606
:1053000004F00F02241103EBC203DDE90C01D3E921
:10531000002302F0C5F80023CDE90401002C40F081
:105320008F80002BD3D1129BDDE90445002B00F0C8
:1053300094800022744B2046294602F023FB00286B
:1053400000F08B80039B002B00F08780009B002BDC
:1053500034DD7B1E204600222946069301366B4B26
:1053600002F09EF8009CCDE904013046FEF7F8FCFF
:10537000DDE9042302F094F80022654BFEF7A4FB5C
:105380000546A1F15076002C6AD10022614BDDE97F
:105390000401FEF797FB02460B46CDE904232A469B
:1053A000334602F00DFB002840F087822A4606F1C2
:1053B0000043DDE9040102F0E5FA38BBDDE90C3415
:1053C000CDE90434179B002BC0F258810E2F00F357
:1053D00055814B4B03EBC70393ED007B0E9B002BDA
:1053E0008DED007B80F2E580039B002B00F3E180D4
:1053F0000CD10022474B51EC170B02F051F8DDE9BC
:10540000042302F0D3FA002800F055820024254638
:105410000E9B5646DB43069300272146584600F074
:10542000B1FC002D00F0BD802FB1AF4203D0394652
:10543000584600F0A7FC2946584600F0A3FCB0E00F
:10544000E20705D50136D5E9002302F029F801234A
:105450006410083562E7022665E7039C069784E737
:10546000274B0B9903EBC403544453E9022300294F
:1054700054D00020284902F03DF9334656462A46CA
:10548000FEF720FBCDE91001DDE9040102F0B8FAD6
:105490000546FEF765FC02460B463035DDE90401A2
:1054A000FEF710FB02460B4606F8015BCDE904232C
:1054B000DDE9102302F066FA002872D100201249BB
:1054C000DDE90423FEF7FEFADDE9102302F05AFAC3
:1054D000002840F0B480A6423FF470AF00220B4B8E
:1054E000DDE9100101F0DCFF0022084BCDE91001DD
:1054F000DDE9040101F0D4FFCDE90401C4E700BFF8
:1055000028A3000000A300000000F03F000024409A
:1055100000001C40000014400000E03F31465646A9
:10552000284601F0BDFF1594CDE91001DDE9040125
:1055300002F066FA0546FEF713FC024630350B46CC
:10554000DDE90401FEF7BEFA06F8015B02460B46F0
:10555000A642CDE904234FF0000224D1AB4BDDE994
:105560001001FEF7B1FA02460B46DDE9040102F034
:1055700027FA002863D10020A449DDE91023FEF7B3
:10558000A1FA02460B46DDE9040102F0FBF900280E
:105590003FF414AF159E731E159316F8013C302B83
:1055A000F8D0069F3BE09A4B01F07AFFCDE9040169
:1055B000BCE7DDE90445564620462946DDE90023DF
:1055C00002F098F802F01CFA8046FEF7C9FBDDE90C
:1055D000002301F065FF0246204608F130040B4627
:1055E0002946FEF76FFA039D06F8014BA6EB0A0465
:1055F00002460B46A54234D1FEF766FA04460D4634
:10560000DDE9002302F0DCF9C0B920462946DDE9D6
:10561000002302F0ADF910B118F0010F0ED1494688
:10562000584600F0AFFB002301373370139B1F6017
:10563000239B002B00F03C821E6039E20697334624
:105640001E4613F8012D392A07D19A45F8D1069A3A
:105650000132069230228AF800201A7801321A703C
:105660009FE700226A4B01F01BFF00220023044643
:105670000D4602F07DF900289ED0D0E70B9A002A53
:1056800000F0E180099A012A00F3C480149A002AEC
:1056900000F0B78003F233430A9C4646089A012182
:1056A000584698441A44089200F022FC05465EB120
:1056B000089B002B08DDB342089AA8BF3346A8EB2D
:1056C0000308F61AD31A08930A9BF3B10B9B002B1D
:1056D00000F0BD808CB129462246584600F0C2FC3D
:1056E0004A4601460546584600F018FC49460690D1
:1056F000584600F047FB069B99460A9B1A1B04D0AC
:105700004946584600F0AEFC81460121584600F05B
:10571000EFFB0F9B0446002B00F0CE811A4601469A
:10572000584600F09FFC099B0446012B00F395802E
:10573000049B002B40F08D80059BC3F31303002BCB
:1057400040F08980059B23F000431B0D1B052BB106
:10575000089B08F101080133089301230A930F9B6A
:10576000002B00F0AF81236904EB8303186900F07C
:1057700073FBC0F12000089B184410F01F0077D085
:10578000C0F12003042B6BDDC0F11C00089B80449A
:10579000034406440893B8F1000F05DD494642462C
:1057A000584600F0B9FC8146089B002B05DD2146D8
:1057B0001A46584600F0B0FC0446129B002B59D004
:1057C0002146484600F014FD002853DA7B1E494666
:1057D0000A2258460693002300F0F6FA0B9B8146F6
:1057E000002B00F07181002329460A22584600F060
:1057F000EBFA009B0546002B67DC099B022B41DC82
:1058000063E0169BC3F1360346E700BF0000E03FAC
:1058100000002440039B5C1E0A9BA34209DB1C1B67
:10582000039B002BBFF639AF039BA8EB03060023B5
:1058300034E70A9B46460F9AE31A0A9400241A4456
:10584000039B0F922AE70A9C46460B9D2FE70A9A74
:1058500056E7002382E7049B80E700230A9382E750
:1058600099D01C33089A1A4498441E44089292E72F
:105870000346F6E7039B0697002B20DC0093099B69
:10588000022B1EDD009B002B7FF4C2AD21460522BA
:10589000584600F099FA01460446484600F0A8FC34
:1058A00000287FF7B5AD3123564606F8013B069B2D
:1058B00001330693B0E5039C06972546F3E7039B67
:1058C00000930B9B002B00F00381002E05DD294681
:1058D0003246584600F020FC05460A9B002B5AD061
:1058E0006968584600F00EFA064628B9834B02460E
:1058F00040F2EF21FFF75FBB2A6905F10C010C3084
:1059000002329200FFF79BFA01223146584600F01E
:1059100003FC0AF101032F4605460393009B534401
:105920000B93049B03F001030A93039B2146484613
:10593000013B0093FFF798FA3946049000F13008D4
:10594000484600F055FC2A4608902146584600F08B
:105950006BFCC268064602BB0146484600F048FCA4
:105960000246314658460E9200F00CFA099B0E9AF8
:10597000039E42EA03010A9B194310D1B8F1390F83
:1059800029D0089B002B02DD049B03F13108009B0A
:1059900083F8008041E52846BBE70122E1E7089B48
:1059A000002B04DB09990B430A990B4320D1002AF1
:1059B000EDDD49460122584600F0AEFB2146814606
:1059C00000F016FC002803DCE1D118F0010FDED056
:1059D000B8F1390FD8D13923009A137033461E46D7
:1059E000013B16F8012C392A51D001321A7014E506
:1059F000002A07DDB8F1390FEDD008F10103009A54
:105A000013700AE5039B0B9A03F8018C934228D08C
:105A1000494600230A22584600F0D6F9AF42814693
:105A20004FF000034FF00A023946584607D100F004
:105A3000CBF907460546039B0133039375E700F056
:105A4000C3F92946074600230A22584600F0BCF94C
:105A50000546F0E7009B0027002BCCBF1E46012621
:105A6000564449460122584600F056FB21468146DD
:105A700000F0BEFB0028B1DC02D118F0010FADD15F
:105A800033461E4613F8012D302AFAD0C5E49A4554
:105A9000A5D1069B0133069331238AF80030BCE47C
:105AA000239BDFF85CA01BB10AF10803239A136063
:105AB000504619B0BDE8F08F099B012B7FF738AE37
:105AC0000F9B0A93012056E6009B002B7FF7D7AE71
:105AD000564621464846FFF7C7F900F13008009BBB
:105AE00006F8018BA6EB0A029342B3DD4946002378
:105AF0000A22584600F068F98146EAE751A2000000
:105B0000D4A1000038B50546002941D051F8043C25
:105B10000C1F002BB8BFE41800F0E8F81D4A13680A
:105B200033B9636014602846BDE8384000F0E4B83B
:105B3000A34208D9206821188B4201BF19685B680D
:105B400009182160EDE71A465B680BB1A342FAD948
:105B500011685018A0420BD1206801445018116000
:105B60008342E0D118685B68084453601060DAE74C
:105B700002D90C232B60D6E7206821188B4202BF84
:105B800019685B680918636008BF21605460CAE740
:105B900038BD00BFF84A0120024B0146186800F0EA
:105BA00025B800BF1C00002070B50F4E0C460546FE
:105BB000316811B901F07EFB30602146284601F0C2
:105BC00079FB431C03D14FF0FF34204670BDC41C49
:105BD00024F00304A042F8D0211A284601F06AFB01
:105BE0000130F2D1EFE700BFF44A01202DE9F8437C
:105BF000CD1C064625F0030508350C2D38BF0C25B5
:105C0000002D01DBA94204D90C2333600020BDE83C
:105C1000F883DFF8D48000F069F8D8F800301C462B
:105C200044BB29463046FFF7BFFF431C044658D10A
:105C3000D8F800402746002F43D1002C4BD02368D2
:105C40003946304604EB030901F034FB814542D16B
:105C5000216830466D1A2946FFF7A6FF01303AD079
:105C600023682B442360D8F800305A6862BBC8F818
:105C700000700FE02268521B20D40B2A17D961193B
:105C8000A342256018BF5960636808BFC8F80010B8
:105C900062514B60304600F02FF804F10B00231DD9
:105CA00020F00700C21A1CBF1B1AA350AFE762689E
:105CB000A3420CBFC8F800205A60EBE72346646893
:105CC000AEE73C467F68B6E71A465B68A342FBD165
:105CD00000235360DEE70C233046336000F00CF8FD
:105CE00094E70560D6E700BFF84A01200148FFF7B6
:105CF00096B800BFF04A01200148FFF791B800BFF5
:105D0000F04A012070B5C66904460D4676B91020E8
:105D1000FFF742FF0246E06120B9184B6B2118489B
:105D2000FCF790FFC0E901660660C660E669F368AB
:105D300083B1E369DB6853F82500B8B90121204637
:105D400001FA05F6721D920001F0C4FA60B1C0E9D3
:105D500001560EE021220421204601F0BBFAE3693E
:105D6000F060DB68002BE4D1002070BD026843F8CE
:105D700025200023C0E90333F7E700BFE1A10000BD
:105D800062A2000070B5C66905460C4676B91020BF
:105D9000FFF702FF0246E86120B9094B8F2109484D
:105DA000FCF750FFC0E901660660C6603CB1EB69D4
:105DB0006268DB6853F82210216043F8224070BD0E
:105DC000E1A1000062A200002DE9F04101F1140CF4
:105DD00007460C461E460D690020DCF800300130F5
:105DE00099B2854202FB01614FEA13464FEA114323
:105DF00089B202FB063301EB03414FEA13464CF82C
:105E0000041BEADC0EB3A368AB4219DC61683846B8
:105E10000131FFF777FF804628B902460C4BBA21C3
:105E20000C48FCF70FFF226904F10C010C30023220
:105E30009200FFF704F8214644463846FFF7A2FFD8
:105E400004EB850301355E6125612046BDE8F081E4
:105E500051A2000062A20000B0F5803F034636BFA9
:105E6000030400201020B3F1807F3CBF1B020830E8
:105E7000B3F1805F3CBF1B010430B3F1804F3CBFE6
:105E80009B000230002B05DB13F0804F00F1010076
:105E900008BF202070470368024613F007000BD0AC
:105EA000D90721D4980747BF5B0801209B0802202F
:105EB0004CBF13601360704799B209B91B0C1020D6
:105EC000D9B209B908301B0A190704BF1B090430ED
:105ED000990704BF9B080230D90703D45B0800F17F
:105EE000010003D0136070470020704720207047E6
:105EF00010B50C460121FFF705FF024628B9054BF6
:105F000040F245110448FCF79DFE01234461036102
:105F100010BD00BF51A2000062A200002DE9F04FA9
:105F200017460A69894685B03B699A42A2BF3B463B
:105F30000F4699463D69BB68D9F810A0796805EB12
:105F40000A06B342B8BF0131FFF7DCFE30B90246A2
:105F5000424B4FF4B1714248FCF774FE00F1140457
:105F6000002204EB860E2346734520D307F1140864
:105F700009F1140108EB850501EB8A030293EB1B81
:105F80001537153B23F003030433BD4238BF042308
:105F90000193029B03918B420CD8002E03DD5EF827
:105FA000043D002B57D0066105B0BDE8F08F43F8E3
:105FB000042BD9E7B1F800A0BAF1000F21D0C446F4
:105FC000A14600275CF8042BD9F800301FFA82FBA9
:105FD00065459BB24FEA12420AFB0B333B44D9F8AA
:105FE00000704FEA17470AFB027202EB13429BB2A2
:105FF0004FEA124743EA024349F8043BE2D8019BC7
:10600000E750039B0431B3F80290B9F1000F20D0A0
:1060100023684746A4464FF0000AB7F800B09BB289
:10602000BCF8022009FB0B22524443EA02434CF81D
:10603000043B57F8043B4FEA134ABCF80030BD421A
:1060400009FB0A3303EB12434FEA134AE5D8019ADE
:10605000A35004349DE7013E9FE700BF51A200001A
:1060600062A200002DE9F843154612F0030207462C
:106070000E4607D0013A254C002354F82220FFF7A2
:10608000A3FE0646AD103DD0FC697CB91020FFF799
:1060900083FD0246F86128B91D4B40F2B3111D483B
:1060A000FCF7D0FDC0E901440460C460D7F81C804F
:1060B000D8F808404CB940F271213846FFF718FF74
:1060C00000230446C8F8080003604FF00009EB07FE
:1060D0000AD5314622463846FFF720FF8046314632
:1060E00038464646FFF74EFE6D100BD0206838B993
:1060F000224621463846FFF711FF2060C0F8009085
:106100000446E4E73046BDE8F88300BFF4A200008F
:10611000E1A1000062A200002DE9F0470C4607460D
:1061200091464FEA621A2369496803EB6218A36833
:1061300008F10106B3420BDB3846FFF7E3FD0546E5
:1061400048B90246284B4FF4EF712848FCF77AFD16
:1061500001315B00EEE7002300F1140100F11002B1
:106160001846534533DB2AEAEA7A04F1140320691E
:1061700019F01F0901EB8A0103EB800C2BD0C9F148
:10618000200E8A460022186800FA09F010434AF8E7
:10619000040B53F8042B9C4522FA0EF2F3D8ACEB17
:1061A000040304F11500153B23F003030433604599
:1061B00088BF0423CA500AB108F10206013E3846DE
:1061C00021462E61FFF7DEFD2846BDE8F08701334A
:1061D00042F8040FC5E7043953F8042B9C4541F8F5
:1061E000042FF9D8EAE700BF51A2000062A2000024
:1061F00003460A690069801A30B50ED11433143190
:1062000003EB820401EB820154F8045D51F8042D84
:10621000954203D005D24FF0FF3030BDA342F3D3F7
:10622000FBE70120F9E7FFFF2DE9F74F8946064616
:10623000114614464846FFF7DBFF051E12D12946DA
:106240003046FFF75FFD024628B9414B40F2372147
:106250004048FCF7F7FC0123C0E90435104603B0C1
:10626000BDE8F08FBCBF4B46A1463046B8BF012504
:10627000D9F80410B4BF1C460025FFF743FD0246C1
:1062800018B9334B40F24521E2E7D9F8107004F118
:10629000140E266900F1140BC56009F1140509F10B
:1062A00010030EEB860605EB8708D9464FF0000C6D
:1062B0000193019B5EF8040B53F804AF76450193FC
:1062C0001FFA8AF3194683B24FEA1040A1EB030389
:1062D000C0EB1A40634400EB23409BB24FEA204CD2
:1062E00043EA004349F8043BE3D8331B1534153B1C
:1062F00023F003030433A64238BF04231D445B4448
:106300002C461E4644450ED308F10301491B033DAC
:1063100021F00301A84538BF00210B4453F8041DA8
:1063200099B117619AE754F8041BE6461FFA81FCFD
:10633000080C7144F44489B200EB2C4041EA00415E
:106340004FEA204C46F8041BDCE7013FE6E700BFBC
:1063500051A2000062A200002DE9F7430F4601217F
:10636000164659EC108BFFF7CDFC044630B90246B7
:10637000234B40F20F312348FCF764FCC9F30A5564
:10638000C9F313030DB143F480130193B8F1000373
:1063900023D068460093FFF77EFDDDE90012D0B1FF
:1063A000C0F1200302FA03F3C2400B430192636180
:1063B000019B002BA3610CBF012202222261A5B127
:1063C000A5F233450544C0F135003D6030602046FC
:1063D00003B0BDE8F0836161EAE701A8FFF75BFD68
:1063E000019B203001226361E8E7A0F2324004EB18
:1063F000820338601869FFF72FFDC0EB4210E5E714
:1064000051A2000062A200002DE9F0471F468E68ED
:1064100082460C46BE4290460B682DD8B1F90C203E
:1064200012F4906F26D06569096905EB4505A3EB69
:1064300001097B1C05EBD5754B446D109D4238BF9F
:106440001D46530527D52946FFF7D0FB064660B306
:106450004A462169FEF7F3FCA38923F4906343F0D5
:106460008003A38126614E446561A5EB0905266082
:106470003E46A560BE4200D93E46324641462068AF
:10648000FEF744FCA36800209B1BA36023683344F1
:106490002360BDE8F0872A4600F042FF0646002848
:1064A000E0D121695046FFF72DFB0C234FF0FF3060
:1064B000CAF80030A38943F04003A381E9E7FFFF56
:1064C0002DE9F04F98468B899DB007461B060D4677
:1064D000144610D50B6973B94021FFF787FB28607C
:1064E000286130B90C233B604FF0FF301DB0BDE890
:1064F000F08F40236B610023CDF80C804FF0010931
:10650000DFF8A081099320238DF8293030238DF8FE
:106510002A3023469A4613F8012B0AB1252AF9D1CD
:10652000BAEB040B0BD05B46224629463846FFF7F0
:106530006BFF013000F0A780099A5A4409929AF83B
:106540000030002B00F09F8000234FF0FF320AF153
:10655000010A049307938DF853301A93CDE905236C
:10656000544605224F4814F8011BFEF75AFC049AC2
:10657000D8B9D00644BF20238DF85330110744BF4B
:106580002B238DF853309AF800302A2B15D0079A18
:10659000544600204FF00A0C214611F8013B303BD5
:1065A000092B4BD9B0B1079214E0A0EB0803A24627
:1065B00009FA03F313430493D2E7039B191D1B68E5
:1065C000002B0391BBBF5B4242F00202079307938B
:1065D000B8BF049223782E2B0AD163782A2B32D1AC
:1065E000039B02341A1D1B6843EAE373039205936D
:1065F000DFF8C0A0032221785046FEF712FC38B124
:10660000A0EB0A004022049B013482401343049310
:1066100014F8011B062224488DF82810FEF701FC0F
:10662000002836D0214B1BBB039B073323F0070305
:1066300008330393099B334409936AE70CFB023246
:106640000C460120A8E7002301344FF00A0C19463C
:106650000593204610F8012B303A092A03D9002B64
:10666000C6D00591C4E70CFB012104460123F0E7E5
:1066700003AB2A4604A9384600930D4BFDF7F2FC04
:10668000421C0646D6D1AB895B063FF52DAF099873
:106690002CE703AB2A4604A938460093044BFDF7C8
:1066A0007DFFEDE7BCA20000C6A20000654000002F
:1066B00009640000C2A2000038B54B1C144603D187
:1066C0004FF0FF35284638BD9389CDB223F0200323
:1066D0009381636B52688BB1A36B934208DD23688F
:1066E0005A1E226003F8015C636801336360E9E7C6
:1066F000214600F085FD0028F1D0E1E721692368FB
:1067000051B1994208D213F8011CA94204D1013BAE
:10671000013223606260D5E7C4E90F3204F144031B
:1067200063630323A363234603F8465F23600123C7
:10673000DCE710B50C46496B69B104F1440399429A
:1067400001D0FFF7DFF90020236C6063636013B1B1
:10675000E36B236010BD23694FF0FF3023600023FB
:106760006360A38943F02003A381F3E72DE9F04F91
:106770000C46ADF5237D002106460DF10408A64F19
:106780000093CDF81881CDE94411A449A091A44902
:10679000A19192F80090B9F1000F00F0588117F81C
:1067A0000930551C13F0080319D06368002B0FDD66
:1067B00023681A78BA5C120701D42A46E9E7459A99
:1067C00001330132236045926268013A6260ECE76E
:1067D000A19B2146304698470028E9D0EDE7B9F162
:1067E000250F40F086804193439353782A2B04BFB2
:1067F0001023951C4FF00A0208BF4193AA461AF8CD
:10680000011BA1F13003092B1ED9DFF818B20322B6
:106810005846FEF706FB38B1A0EB0B000123419A66
:10682000554683401343419315F8013B782B06D816
:10683000572B10D8252B5CD056D8002B74D00323AF
:1068400047930A23429387E0439B554602FB03117B
:1068500030394391D2E7A3F15802202AEFD801A1A1
:1068600051F822F0376900003F6800003F680000DF
:10687000916900003F6800003F6800003F68000029
:106880003F6800003F6800003F6800003F6800006C
:10689000A76900008D690000EF680000EF68000044
:1068A000EF6800003F680000496900003F68000091
:1068B0003F6800003F6800003F680000B7690000C3
:1068C000516900002F6900003F6800003F68000028
:1068D000B36900003F6800008D6900003F68000058
:1068E0003F68000037690000453B022BA7D805230D
:1068F00031E06368002B0DDD23681A784A4540F0CB
:10690000A680013362682360013A459B62600133CF
:10691000459352E7A19B2146304698470028EBD08B
:106920004498002840F08B804FF0FF308BE0419A74
:1069300042F020024192419A42F4007241921022A8
:106940006E2B429202D905E000234293032302E01A
:1069500008234293042347936368002B3ADD419B4D
:10696000590604D423681A78BA5C120739D4479BB5
:10697000022B48DC6B46224641A9304600F0AEF9B6
:10698000012864D002287FF418AFC9E70A22D7E7AC
:106990002946404600F0FBFB419B054643F040037F
:1069A00041930123D7E7419B43F0400341930023E8
:1069B000D1E70223CFE74198C3063FF5FEAE009B27
:1069C000C007459A03F1040100911B684CBF1A806F
:1069D0001A60F2E6A19B2146304698470028BED0B7
:1069E0009EE7459A013245926268013A002A626048
:1069F00002DD01332360B5E7A19B2146304698476D
:106A00000028AFD08CE7042B0EDC6B46224641A950
:106A1000304600F0BDF9B3E7A2A00000B96600005F
:106A200033670000C2A200000A4B002B3FF4C5AE42
:106A30006B46224641A93046AFF30080A0E7A38908
:106A40005B063FF571AF0DF5237DBDE8F08F4498EF
:106A5000F9E700BF000000009368013B002B936042
:106A600010B408DA9469A34201DB0A2903D15DF866
:106A7000044BFEF7A6B81368581C1060084619703E
:106A80005DF8044B7047F8B506460F461446D51816
:106A9000AC4201D1002007E03A4614F8011B304611
:106AA000FFF7DAFF431CF3D1F8BDFFFF2DE9F04FEC
:106AB0000D469DB014469846064618B1036A0BB9B8
:106AC000FDF716FF6B6ED90705D4AB899A0502D482
:106AD000A86DFEF7A4F9AB891B0701D52B699BB9FB
:106AE00029463046FEF7ACF870B16B6EDC0704D572
:106AF0004FF0FF301DB0BDE8F08FAB899805F7D49B
:106B0000A86DFEF78DF9F3E70023CDF80C804FF068
:106B10000109DFF8B481099320238DF8293030234F
:106B20008DF82A3023469A4613F8012B0AB1252AFC
:106B3000F9D1BAEB040B0BD05B462246294630460E
:106B4000FFF7A1FF013000F0A780099A5A4409928B
:106B50009AF80030002B00F09F8000234FF0FF32A6
:106B60000AF1010A049307938DF853301A93CDE983
:106B7000052354460522544814F8011BFEF751F929
:106B8000049AD8B9D10644BF20238DF85330130797
:106B900044BF2B238DF853309AF800302A2B15D0A0
:106BA000079A544600204FF00A0C214611F8013B89
:106BB000303B092B4BD9B0B1079214E0A0EB08038E
:106BC000A24609FA03F313430493D2E7039B191D6A
:106BD0001B68002B0391BBBF5B4242F0020207938C
:106BE0000793B8BF049223782E2B0AD163782A2BFF
:106BF00032D1039B02341A1D1B6843EAE3730392EC
:106C00000593DFF8D4A0032221785046FEF709F956
:106C100038B1A0EB0A004022049B013482401343A8
:106C2000049314F8011B062228488DF82810FEF75B
:106C3000F8F800283FD0264B1BBB039B073323F0FB
:106C4000070308330393099B3B4409936AE70CFB52
:106C500002320C460120A8E7002301344FF00A0C51
:106C600019460593204610F8012B303A092A03D91A
:106C7000002BC6D00591C4E70CFB0121044601237B
:106C8000F0E703AB2A4604A930460093114BFDF709
:106C9000E9F90746781CD6D16B6ED90705D4AB89C4
:106CA0009A0502D4A86DFEF7BBF8AB895B063FF5E9
:106CB0001FAF09981EE703AB2A4604A9304600938C
:106CC000044BFDF76BFCE4E7BCA20000C6A2000089
:106CD00065400000876A0000C2A200002DE9F84369
:106CE00015468A6880460C4632B98A69002A14BF64
:106CF0004FF0FF3201228A6022680027DFF88C9073
:106D0000D1065FBF1A68111D19601668A06988B1A5
:106D1000012807D12B681A7863699B5C53B9002F4F
:106D200031D022E0022820D12B681B7819F80330DB
:106D30001B071AD423680137DA065EBF2B681B785D
:106D400006F8013B2A686B680132013B2A60A268A1
:106D50006B60013AA26042B1002BD7DCD4F88031DD
:106D60002946404698470028D0D0236813F01003E6
:106D700005D1E2680132E260A26902B13370236991
:106D800000203B442361BDE8F88300BFA2A00000BF
:106D90002DE9F04F984687B0724B0C468246164656
:106DA00027464FF0000B93E8070003AB83E807008A
:106DB0006D4BA1696D4A032908BF1A46A368019269
:106DC0005A1EB2F5AE7F89BF6FF4AE754FF0000961
:106DD00003EB050940F25D1388BFA36057F81C3B25
:106DE00043F450633D462360316803AB02220978C7
:106DF00053F82B00FEF715F828B3BBF1010F59D15A
:106E000062682AB92268082142F400726160226037
:106E1000226822F4A0622260A268511EA16092B191
:106E20003268511C3160127805F8012B7268013A02
:106E3000002A726007DCD4F8802131465046904722
:106E4000002840F085800BF1010BBBF1030FCBD183
:106E500063680BB90A23636063684FF0000B444911
:106E60006069C91A00F093F9A3682268002B3DD02D
:106E70003168606991F800C010F80C00002835D026
:106E8000BCF1300F24D1100522D50BF1010BB9F163
:106E9000000F03D0013309F1FF39A3607368013B90
:106EA000002B73601BDD336801333360A368013B43
:106EB000A360D9E7BBF1020FAED1226802F4C06132
:106EC000B1F5007FBFD1102142F480726160A2E76A
:106ED00022F4106222600B7805F8013BDEE7D4F85B
:106EE00080313146504698470028DFD02368D905C5
:106EF0000DD5BD4209D905F1FF3915F8011CD4F8AB
:106F00007C3132464D4650469847BD4228D02268D3
:106F100012F0100213D12A70394663685046019E60
:106F2000B047D8F8003021681A1D11F0200FC8F8BA
:106F300000201B680FD01860E3680133E360ED1B8D
:106F4000236900205D442B44236107B0BDE8F08F26
:106F50004FF0000BCAE7CA074CBF18801860EBE778
:106F60000120F2E7F0A3000071740000113F00005F
:106F7000DDA20000B1F90C202DE9F041160705460D
:106F80000C4654D44B68002B02DC0B6C002B48DD04
:106F9000E66A002E45D0002312F480522F68216A41
:106FA0002B6030D0626DA389590705D56368D21A6A
:106FB000636B0BB1236CD21A0023E66A216A284660
:106FC000B047431CA38906D129681D292BD82A4A1A
:106FD000CA40D60727D50022D90462602269226000
:106FE00004D5421C01D12B6803B96065616B2F6029
:106FF000B9B104F14403994202D02846FEF782FD5C
:10700000002363630DE001232846B0470246501C6D
:10701000C9D12B68002BC6D01D2B01D0162B1DD13A
:107020002F60002021E043F040031BB21AE00F69FB
:10703000002FF6D093070E680F600CBF4B6900233A
:10704000A6EB07088B60B8F1000FEADD43463A462D
:10705000216A2846A66AB047002808DCB4F90C303B
:1070600043F040034FF0FF30A381BDE8F0810744B7
:10707000A8EB0008E7E700BF0100402038B50B6926
:1070800005460C4613B90025284638BD18B1036AD9
:107090000BB9FDF72DFCB4F90C30002BF3D0626E68
:1070A000D00704D4990502D4A06DFDF7B8FE284698
:1070B0002146FFF75FFF636E0546DA07E4D4A38934
:1070C0009B05E1D4A06DFDF7ABFEDDE770B50C4686
:1070D000B1F90E1096B0154600291E460CDAA389A8
:1070E000002113F0800F14BF40234FF48063002071
:1070F00031602B6016B070BD6A4600F0B9F8002808
:10710000EDDB019901F47041A1F500535942594159
:107110004FF48063EBE78B89F7B59D0706460C4675
:1071200007D504F14703236023610123636103B0A2
:10713000F0BD01AB6A46FFF7C9FF009F0546304628
:107140003946FEF753FD48B9B4F90C309A05EED430
:1071500023F0030343F00203A381E2E7A389206045
:1071600043F08003A381019BC4E904075BB1B4F938
:107170000E10304600F08EF828B1A38923F00303E7
:1071800043F00103A381A3891D43A581CFE770B517
:107190000B78044601385E2B04F1FF0513BF4A1C2F
:1071A0008A1C4B78002108BF012100F8011FA8426A
:1071B000FBD10BB9501E70BD81F001011046E154A6
:1071C000024612F8015B2D2D05D05D2D16D0002D45
:1071D000F1D02B46F2E746785D2EFAD0B342F8DCC8
:1071E00002301A4601329642A154FBDCF21A5D1CB1
:1071F000013AB342A8BF0022AB18E1E71046DAE734
:107200002DE9F0410C46496B04F1440399421AD12F
:107210004FF48061FEF7EAFC18B94FF0FF30BDE88B
:10722000F0814FF48063606300F2FD30A36394F853
:107230004630837094F84530437094F844300370BE
:1072400020600020EBE7A66B77003A4600F068F874
:1072500005460028E1D000EB0608014632464046CC
:10726000FDF7EDFDC4F80080C4E90D57E9E7FFFF25
:1072700038B50023064D0446084611462B6000F041
:10728000EFFB431C02D12B6803B1236038BD00BF64
:10729000EC4A012038B50023054D044608462B6012
:1072A00000F0E6FB431C02D12B6803B1236038BD1C
:1072B000EC4A012038B50023054D044608462B60F2
:1072C000FBF7B8FD431C02D12B6803B1236038BD26
:1072D000EC4A012070B5A1FB025434B92946FEF7EF
:1072E00085FC064628B9304670BD0C220026026097
:1072F000F9E72A462146FDF723FDF4E782B001B9FC
:1073000001A942B14BB113780B601278101E18BF5F
:10731000012002B070471046FBE76FF00100F8E76C
:107320002DE9F041074614460D4621B91146BDE846
:10733000F041FEF75BBC2AB92546FEF7E3FB284681
:10734000BDE8F08100F0A3F88442064602D8B4EB11
:10735000500FF4D821463846FEF748FC804608B95D
:107360004546ECE7B4422246294628BF3246FDF79F
:1073700066FD29463846FEF7C5FBF1E7242B2DE9CB
:10738000F0478646904601D8012B06D1FDF740FD17
:10739000162303600020BDE8F0870D4633482A46D7
:1073A00015F8014B065D16F00806F8D12D2C10D10A
:1073B0002C780126951C33F0100215D1302C0DD1FC
:1073C0002A7802F0DF02582A08D16C78023510239F
:1073D0000AE02B2C04BF2C78951CECE7002BF6D18F
:1073E000302C14BF0A23082306F1004C00220CF1B4
:1073F000FF3C1046BCFBF3F903FB19CAA4F13007AC
:10740000092F0FD83C46A3421BDD571C07D08145EE
:1074100014D301D1A24511DB00FB0340012215F872
:10742000014BEBE7A4F14107192F01D8373CEAE7FC
:10743000A4F16107192F04D8573CE4E74FF0FF325D
:10744000EDE7531C08D122236046CEF80030B8F196
:10745000000FA0D0691E06E006B14042B8F1000F4F
:1074600099D0002AF6D1C8F8001094E7A2A0000035
:10747000FFF784BF0346084641B1FF2A04D98A2298
:107480004FF0FF301A60704701200A70704751F8C2
:10749000043C181F002BBCBF0B58C0187047FFFFDF
:1074A00070B54FF0FF0C4CF4E06C1CEA11541DBF9A
:1074B0001CEA135594EA0C0F95EA0C0F00F0DEF865
:1074C0002C4481EA030621EA4C5123EA4C5350EA4A
:1074D000013518BF52EA033541F4801143F480139B
:1074E00038D0A0FB02CE4FF00005E1FB02E506F02C
:1074F0000042E0FB03E54FF00006E1FB03569CF081
:10750000000F18BF4EF0010EA4F1FF04B6F5007F86
:1075100064F5407404D25FEA4E0E6D4146EB0606F8
:1075200042EAC62141EA55514FEAC52040EA5E5081
:107530004FEACE2EB4F1FD0C88BFBCF5E06F1ED82B
:10754000BEF1004F08BF5FEA500E50F1000041EB62
:10755000045170BD06F0004646EA010140EA02000F
:1075600081EA0301B4EB5C04C2BFD4EB0C0541EA31
:10757000045170BD41F480114FF0000E013C00F346
:10758000AB8014F1360FDEBF002001F0004170BD6A
:10759000C4F10004203C35DA0C341BDC04F1140483
:1075A000C4F1200500FA05F320FA04F001FA05F20F
:1075B00040EA020001F0004221F0004110EBD370DC
:1075C00021FA04F642EB06015EEA430E08BF20EA08
:1075D000D37070BDC4F10C04C4F1200500FA04F3AB
:1075E00020FA05F001FA04F240EA020001F000413D
:1075F00010EBD37041F100015EEA430E08BF20EAB0
:10760000D37070BDC4F1200500FA05F24EEA020EF7
:1076100020FA04F301FA05F243EA020321FA04F026
:1076200001F0004121FA04F220EA020000EBD370DD
:107630005EEA430E08BF20EAD37070BD94F0000FDD
:107640000FD101F00046400041EB010111F4801F11
:1076500008BF013CF7D041EA060195F0000F18BFC2
:10766000704703F00046520043EB030313F4801FFE
:1076700008BF013DF7D043EA0603704794EA0C0FB8
:107680000CEA135518BF95EA0C0F0CD050EA4106CE
:1076900018BF52EA4306D1D181EA030101F000414B
:1076A0004FF0000070BD50EA410606BF1046194673
:1076B00052EA430619D094EA0C0F02D150EA01367F
:1076C00013D195EA0C0F05D152EA03361CBF1046C0
:1076D00019460AD181EA030101F0004141F0FE415F
:1076E00041F470014FF0000070BD41F0FE4141F4E3
:1076F000780170BD70B54FF0FF0C4CF4E06C1CEAE3
:1077000011541DBF1CEA135594EA0C0F95EA0C0F97
:1077100000F0A7F8A4EB050481EA030E52EA033552
:107720004FEA013100F088804FEA03334FF0805573
:1077300045EA131343EA12634FEA022245EA1115A0
:1077400045EA10654FEA00260EF000419D4208BF51
:10775000964244F1FD0404F5407402D25B084FEAFE
:107760003202B61A65EB03055B084FEA32024FF4AA
:1077700080104FF4002CB6EB020E75EB030E22BF07
:10778000B61A754640EA0C005B084FEA3202B6EBC7
:10779000020E75EB030E22BFB61A754640EA5C0076
:1077A0005B084FEA3202B6EB020E75EB030E22BF06
:1077B000B61A754640EA9C005B084FEA3202B6EB07
:1077C000020E75EB030E22BFB61A754640EADC00C6
:1077D00055EA060E18D04FEA051545EA16754FEA28
:1077E00006164FEAC30343EA52734FEAC2025FEA46
:1077F0001C1CC0D111F4801F0BD141EA00014FF0D5
:1078000000004FF0004CB6E711F4801F04BF0143A5
:107810000020B4F1FD0C88BFBCF5E06F3FF6AFAEC1
:10782000B5EB030C04BFB6EB020C5FEA500C50F151
:10783000000041EB045170BD0EF0004E4EEA1131D4
:1078400014EB5C04C2BFD4EB0C0541EA045170BDDB
:1078500041F480114FF0000E013C90E645EA060E1F
:107860008DE60CEA135594EA0C0F08BF95EA0C0F4D
:107870003FF43BAF94EA0C0F0AD150EA01347FF495
:1078800034AF95EA0C0F7FF425AF104619462CE76C
:1078900095EA0C0F06D152EA03353FF4FDAE1046CF
:1078A000194622E750EA410618BF52EA43067FF420
:1078B000C5AE50EA41047FF40DAF52EA43057FF4B0
:1078C000EBAE12E74FF0FF3C06E000BF4FF0010CBB
:1078D00002E000BF4FF0010C4DF804CD4FEA410C1F
:1078E0007FEA6C5C4FEA430C18BF7FEA6C5C1BD0EC
:1078F00001B050EA410C0CBF52EA430C91EA030F6D
:1079000002BF90EA020F0020704710F1000F91EAC9
:10791000030F58BF994208BF90422CBFD8176FEA97
:10792000E37040F0010070474FEA410C7FEA6C5C65
:1079300002D150EA013C07D14FEA430C7FEA6C5C6C
:10794000D6D152EA033CD3D05DF8040B704700BF98
:107950008446104662468C461946634600E000BFE6
:1079600001B5FFF7B7FF002848BF10F1000F01BDB8
:107970004DF808EDFFF7F4FF0CBF012000205DF883
:1079800008FB00BF4DF808EDFFF7EAFF34BF012008
:1079900000205DF808FB00BF4DF808EDFFF7E0FFA1
:1079A00094BF012000205DF808FB00BF4DF808EDF2
:1079B000FFF7CEFF94BF012000205DF808FB00BF59
:1079C0004DF808EDFFF7C4FF34BF012000205DF83B
:1079D00008FB00BF4FEA410C7FEA6C5C02D150EA21
:1079E000013C0AD14FEA430C7FEA6C5C02D152EAB7
:1079F000033C02D14FF0000070474FF00100704788
:107A00004FEA410212F5001215D211D56FF47873C6
:107A1000B3EB625212D94FEAC12343F0004343EA69
:107A2000505311F0004F23FA02F018BF4042704744
:107A30004FF00000704750EA013005D111F00040CE
:107A400008BF6FF0004070474FF00000704700BF64
:107A5000024B58224FF0FF301A607047EC4A012069
:107A6000024B58224FF0FF301A607047EC4A012059
:107A7000024B582200201A60704700BFEC4A0120D8
:107A8000024B58224FF0FF301A607047EC4A012039
:107A9000024B58224FF0FF301A607047EC4A012029
:107AA0004275696C7420776974682052656E6573DD
:107AB000617320416476616E63656420466C65780D
:107AC00069626C6520536F667477617265205061DE
:107AD000636B6167652076657273696F6E20352E02
:107AE000392E3000352E392E3000000000000905F7
:107AF000F8B500BFF8BC08BC9E467047F8B500BF9B
:107B0000F8BC08BC9E4670470D0A417564696F2039
:107B100075706C6F61642073746172742E2E2E0DFB
:107B2000000000003139322E3136382E34332E31F8
:107B3000323400005365727665723A2025733A2517
:107B4000750D0A0044433D25752C2073616D706CE2
:107B500065733D256C752C2062797465733D256CC9
:107B6000750D0A0054435020636F6E6E6563742078
:107B70006661696C65642E0D00000000524134415D
:107B80002C312C25752C31362C312C256C752C255F
:107B90006C750A0053656E6420617564696F2068B6
:107BA0006561646572206661696C65642E0D000014
:107BB00053656E64207061636B657420256C75205D
:107BC0006661696C65642E0D0A00000055706C6F6B
:107BD000616420256C752F256C752062797465733E
:107BE0002C207061636B65743D256C750D0A000077
:107BF000417564696F2075706C6F616420636F6D8F
:107C0000706C6574652C207061636B6574733D25C1
:107C10006C752E0D0A0000004653505F53554343C8
:107C2000455353203D3D2065727200002E2E2F7368
:107C300072632F68616C5F656E7472792E630000E9
:107C40005241344D325F4D494E495F494F54000017
:107C500054656D703A00000048756D693A00000087
:107C600068656C6C6F20776F726C64210000000097
:107C700045535038323636205769466920696E6957
:107C80007469616C697A6174696F6E206661696C90
:107C900065642E0D00000000313131313131313158
:107CA000310000005374617274207265636F7264F6
:107CB000696E6720357320617564696F2E2E2E0DF5
:107CC000000000005265636F7264696E6720636F25
:107CD0006D706C6574653A20256C752073616D70EC
:107CE0006C65732E0D0A0000417564696F20757014
:107CF0006C6F616420737563636573732E0D000090
:107D000057616974696E6720666F72207265706C66
:107D10007920617564696F2E2E2E0D00417564699E
:107D20006F2075706C6F6164206661696C65642E8C
:107D30000D000000507265737320746865206B65D8
:107D40007920746F207265636F7264206167616966
:107D50006E2E0D0057616974696E6720666F722020
:107D60007265706C79206865616465722E2E2E0DC7
:107D70000000000052656365697665207265706C6D
:107D80007920686561646572206661696C65642E3E
:107D90000D0000005265706C792068656164657241
:107DA0003A2025730D0A0000524134522C312C2503
:107DB0006C752C256C752C256C752C256C752C25FB
:107DC0006C750000496E76616C6964207265706C38
:107DD000792068656164657220666F726D61742ECA
:107DE0000D000000496E76616C6964207265706CEC
:107DF0007920617564696F20706172616D65746569
:107E000072732E0D0000000052656365697665206F
:107E10007265706C792050434D206661696C6564B1
:107E20002E0D00005265706C792050434D206C651A
:107E30006E677468206973207A65726F2E0D00007A
:107E400053746F7265207265706C792050434D20B9
:107E50006661696C65642E0D000000005265706CEF
:107E6000792072656365697665643A20256C752FA3
:107E7000256C752062797465730D0A005265706C0B
:107E8000792050434D2068617320696E636F6D7077
:107E90006C6574652073616D706C652E0D0000005B
:107EA0005265706C792073616D706C6520636F75BD
:107EB0006E74206D69736D617463683A20256C750A
:107EC0002F256C750D0A00005265706C7920617564
:107ED00064696F2072656164793A20256C7520733E
:107EE000616D706C65732E0D0A0000005374617231
:107EF00074207265706C7920706C61796261636B5B
:107F00002E2E2E0D000000005265636569766520F7
:107F10007265706C7920617564696F206661696C47
:107F200065642E0D000000005265706C7920706C45
:107F300061796261636B20636F6D706C6574652E2F
:107F40000D0000002E2E2F7372632F6F6C65642E50
:107F500063000000554152543420777269746520E3
:107F60006661696C65642C206572723D25640D0A3A
:107F70000000000055415254342054582074696D5B
:107F8000656F75742E0D00004F4B00004552524F27
:107F9000520000004641494C000000006C696E6BC5
:107FA000206973206E6F742076616C696400000034
:107FB0005175657279205443502072656365697606
:107FC00065206C656E677468206661696C65642EF7
:107FD0000D00000062757379207000004553503821
:107FE000323636206572726F7220726573706F6EF2
:107FF00073653A20252E2A730D0A00004553503828
:1080000032363620726573706F6E73652074696DD9
:10801000656F75743A20252E2A730D0A0000000042
:10802000415420636F6D6D616E64206661696C659B
:10803000643A2025730000006C656E3D25640A00DB
:10804000554152543420636F6D6D616E64207365C9
:108050006E64206661696C65643A2025730A0000CD
:10806000436F6D6D616E64206578656375746564DA
:10807000207375636365737366756C6C79000000BB
:10808000436F6D6D616E6420657865637574696FAB
:108090006E206661696C65640000000054696D655E
:1080A0006F75742077616974696E6720666F7220DE
:1080B0004553503832363620726573706F6E736573
:1080C0003A2025730A00000041542B43574D4F447A
:1080D000453D310D0A00000053657420576946691B
:1080E000204D6F64652053746174696F6E2E2E2E5F
:1080F000000000004D43552D3E6573703832363612
:108100003A2D2D2D2D2D2D2D2D2D2D2D2D2D2D259A
:108110007300000031313131313131310000000064
:108120007868310041542B43574A41503D22257312
:10813000222C222573220D0A00000000436F6E6E70
:1081400065637420746F20576946693A2053534918
:10815000443D2573202E2E2E0A00000057616974BD
:108160002054435020646174612074696D656F759B
:10817000742E0D002B4950442C000000434C4F53EB
:108180004544000054435020636F6E6E656374690C
:108190006F6E20636C6F736564207768696C65200F
:1081A00077616974696E6720646174612E0D0000E7
:1081B00041542B43495052454356444154413D2577
:1081C000750D0A0041542B434950524543564441D2
:1081D00054412074696D656F75742C2072783D254B
:1081E000752E0D0A00000000496E76616C696420EE
:1081F0005443502072656365697665206C656E67CF
:1082000074682E0D00000000496E76616C69642070
:10821000434950524543564441544120726573705E
:108220006F6E73652E0D000041542B43495052452B
:108230004356444154412072657475726E656420E2
:108240004552524F522E0D005443502072656365C3
:10825000697665206C656E6774682065786365650E
:10826000647320726571756573742E0D00000000D3
:108270005443502070656E64696E6720627566664F
:108280006572206F766572666C6F772E0D00000048
:10829000544350206C696E65206275666665722075
:1082A000697320746F6F20736D616C6C2E0D00000C
:1082B000544350206C696E6520686173206E6F2096
:1082C0006E65776C696E652E0D00000041542B437E
:1082D0004950434C4F53450D0A00000041542B4375
:1082E00049504D55583D300D0A00000041542B4374
:1082F00049504D4F44453D300D0A000041542B4339
:10830000495044494E464F3D300D0A0041542B43DD
:108310004950524543564D4F44453D310D0A0000EA
:1083200041542B43495053544152543D22544350DD
:10833000222C222573222C25750D0A00414C524512
:1083400041445920434F4E4E45435445440000009C
:10835000544350207061636B657420746F6F206CA0
:10836000617267653A2025750D0A000041542B4360
:10837000495053454E443D25750D0A003E0000000E
:1083800053454E44204F4B00496E697469616C69D6
:108390007A65204553503832363620576946692071
:1083A0006F6E6C792E2E2E0D000000004553503854
:1083B0003236365F536574576946694D6F64652080
:1083C0006661696C65642E0D0000000045535038ED
:1083D0003236365F436F6E6E656374576946692047
:1083E0006661696C65642E0D0000000045535038CD
:1083F000323636205769466920636F6E6E65637446
:1084000065642E0D00FFFFFF68616C5F656E74721E
:108410007900FFFF677074365F63616C6C62616343
:108420006B00FFFF4F4C45445F5265667265736891
:1084300000FFFFFF4F4C45445F57525F4279746520
:1084400000FFFFFF0000000000000000000000002F
:10845000000000000000000000000000000000001C
:1084600000000000000000000000000000F0F0F03C
:10847000000000000000000000017F01000000007B
:1084800000000000001C1C1C0000000000008060B8
:10849000301C8C60301C0C0000000000000000004C
:1084A00000000000000000000000000000000000CC
:1084B000000000E00000000000E000000086E69FF1
:1084C00086868686E69F860000011F010101010164
:1084D0001F010100000080C06020F820E0C0000003
:1084E000000003070C18FF70E18100000000070F77
:1084F00010107F100F0700008060206080000000D7
:10850000E02000000F3020309F70DC371030C000BA
:108510000000100E03000718101807000000C0200C
:1085200020E0C0000000000080E01F38E88703C49E
:108530003C040000070F1810100B070D1010080066
:1085400000808C4C3800000000000000000000009B
:10855000000000000000000000000000000000001B
:108560000000000000000000000080E0300804006F
:108570000000000000FEFF010000000000000000FD
:108580000000030F1820400000040830E0800000C5
:10859000000000000000000001FFFE0000000000DD
:1085A000004020180F030000000000000000000041
:1085B0000000C00000000000004266663C18FF1882
:1085C0003C6666420000000000000300000000005E
:1085D00000000000000080000000000000101010EB
:1085E0001010FF1010101010000000000000030019
:1085F000000000000000000000000000000000007B
:1086000000000000000000000000000000808C4C12
:108610003800000000000000000000000000000022
:1086200000000000001010101010101010101000AA
:10863000000000000000000000000000000000003A
:10864000000000000000000000000000000000002A
:108650000000000000001C1C1C00000000000000C6
:108660000000000000000000E0380C0000000000E6
:1086700080701C03000000000060380E0100000044
:1086800000000000000080C060202060C08000006A
:1086900000FEFF010000000001FFFE000001070EC8
:1086A000181010180E0701000000808080C0E00044
:1086B000000000000000000000FFFF0000000000BC
:1086C00000001010101F1F1010100000008040202C
:1086D00020202060C080000000030300804020387C
:1086E0001F070000001C1A1918181818181F00007E
:1086F0000080C020202060C0800000000003030034
:108700001010182FE780000000070F10101010182D
:108710000F070000000000000000C0E0F0000000B3
:1087200000C0B088868180FFFF80800000000000CC
:108730000010101F1F1010000000E06060606060FB
:108740006060000000003F1008080818F0E000001A
:1087500000070B101010101C0F030000000080C059
:1087600040202020E0C0000000FCFF211008080885
:1087700018F0E0000001070C18101010080F03009B
:108780000000C0E06060606060E060000000030026
:108790000000E0180700000000000000001F1F009C
:1087A000000000000080C0602020202060C0800009
:1087B0000087EF2C1818303068CF830000070F08AF
:1087C00010101010180F07000000C0C0202020203B
:1087D000C0800000001F3F604040402010FFFE00AE
:1087E00000000C1C101010080F0300000000000017
:1087F000000000000000000000000000000E0E0E4F
:108800000000000000000000001C1C1C0000000014
:108810000000000000000000000000000000000058
:10882000000C0C00000000000000000000583800A0
:108830000000000000000000000000804020100048
:108840000000102844820100000000000000000029
:1088500000000102040810000000000000000000F9
:1088600000000000008484848484848484848400E0
:1088700000000000000000000000000000001020C8
:1088800040800000000000000000000000000182A5
:10889000442810000000100804020100000000003D
:1088A00000C020201010101030E0C00000030300B2
:1088B00000F010080C070300000000001C1C1C0046
:1088C00000000000000000C0406020202040C000E8
:1088D00000FCFF01F00E03C1FE03807F0001070EC4
:1088E00008111110110904020000000080E0E000EE
:1088F000000000000000807C4340477FF8800000BB
:1089000010181F1000000000131F1C1020E0E020B2
:1089100020202060C080000000FFFF101010101801
:108920002FE78000101F1F1010101010180F0700E5
:10893000000080C0402020202060E00000FCFF01FB
:1089400000000000000001000001070E18101010C8
:108950000804030020E0E02020202040C080000028
:1089600000FFFF000000000001FFFE00101F1F10AD
:10897000101018080E07010020E0E0202020202021
:108980002060800000FFFF101010107C000000002D
:10899000101F1F10101010101018060020E0E0200B
:1089A000202020206060800000FFFF101010107C4D
:1089B00000000100101F1F10000000000000000058
:1089C000000080C06020202040E0000000FCFF018B
:1089D00000004040C0C140400001070E18101010B8
:1089E0000F0F000020E0E0200000000020E0E02069
:1089F00000FFFF101010101010FFFF00101F1F10BD
:108A000000000000101F1F100000202020E0E020C8
:108A1000202000000000000000FFFF000000000018
:108A200000001010101F1F101010000000000000A8
:108A3000202020E0E020202000000000000000FFB7
:108A4000FF0000000060E0808080C07F3F000000E9
:108A500020E0E020000020A06020200000FFFF3088
:108A6000187CE3C000000000101F1F10000001135D
:108A70001F1C181020E0E020000000000000000093
:108A800000FFFF000000000000000000101F1F108A
:108A9000101010101018060020E0E0E000000000A8
:108AA000E0E0E02000FF013FFEC0E01E01FFFF000C
:108AB000101F1000031F0300101F1F1020E0E0C054
:108AC000000000000020E02000FF0003071C78E009
:108AD0008000FF00101F100000000000030F1F00A7
:108AE000000080C060202060C080000000FEFF0108
:108AF0000000000000FFFE000001070E1810101813
:108B00000C07010020E0E0202020202060C0800031
:108B100000FFFF2020202020301F0F00101F1F10FB
:108B20000000000000000000000080C06020206005
:108B3000C080000000FEFF010000000000FFFE00FA
:108B40000001070E1111133C7C67210020E0E0209A
:108B50002020202060C0800000FFFF101030F0D0E7
:108B6000080F0700101F1F10000000030F1C10103B
:108B70000080C060202020204040E00000070F0C53
:108B80001818303060E08100001F0C081010101021
:108B9000180F07008060202020E0E0202020608067
:108BA0000100000000FFFF000000000100000000C5
:108BB000101F1F100000000020E0E0200000000057
:108BC0000020E02000FFFF00000000000000FF0088
:108BD00000070F1810101010100807002060E0E0C8
:108BE0002000000020E060200000077FF880008067
:108BF0007C03000000000000071F1C0700000000AD
:108C000020E0E02000E0E0200020E0200007FFF866
:108C1000E01FFFFCE01F00000000031F0300011F16
:108C200003000000002060E0A0000020E0602000C1
:108C3000000000038F7CF8C6010000000010181E21
:108C4000130001171F1810002060E0E02000000052
:108C500020E06020000001073EF8E0180700000057
:108C600000000010101F1F10100000000080602086
:108C7000202020A0E0E0200000000000C0F03E0F17
:108C80000300000000101C1F171010101018060021
:108C90000000000000FC04040404040000000000C4
:108CA00000FF00000000000000000000007F4040C6
:108CB00040404000000010E0000000000000000004
:108CC00000000000031C60800000000000000000A5
:108CD000000000030C70800000000404040404FC85
:108CE0000000000000000000000000FF0000000085
:108CF000000040404040407F0000000000000010A5
:108D0000080C040C08100000000000000000000027
:108D10000000000000000000000000000000000053
:108D20000000000000000000000000000000000043
:108D30000000000000000000808080808080808033
:108D4000808080800000000404080800000000000B
:108D50000000000000000000000000000000000013
:108D60000000000000000000000000000000000003
:108D700000000000000098D844642424FCF800009F
:108D8000000F1F18101010081F1F10180020E0F00F
:108D900000000000000000000000FFFF18080404AD
:108DA0000CF8F00000001F0F18101010180F03002F
:108DB00000000000000000000000000000E0F818C3
:108DC0000404043C3800000000030F0C10101010C5
:108DD000080600000000000000000020E0F0000095
:108DE00000E0F81C04040408FFFF000000030F1853
:108DF000101010081F0F0800000000000000000005
:108E0000000000000000E0F8484444444C78700042
:108E10000000030F0C1810101008040000000000E0
:108E200080C0602020E0C00000040404FFFF0404B0
:108E300004040000000010101F1F1010100000009C
:108E4000000000000000000000000000000070F8BA
:108E50008C04048CF874040C007076CF8D8D8D8991
:108E6000C87870000020E0F0000000000000000062
:108E70000000FFFF08040404FCF8000000101F1F9E
:108E8000100000101F1F10000000000000606000B4
:108E9000000000000000040404FCFC0000000000CE
:108EA00000001010101F1F10101000000000000024
:108EB000000000606000000000000000040404FCEA
:108EC000FC0000000000C0C08080C07F3F000000A8
:108ED0000020E0F000000000000000000000FFFFA4
:108EE00080C0F41C0404000000101F1F1100031FA9
:108EF0001C1010000000202020E0F0000000000006
:108F00000000000000FFFF00000000000000101043
:108F1000101F1F10101000000000000000000000D3
:108F20000000000004FCFC0804FCFC0804FCFC003D
:108F3000101F1F10001F1F10001F1F100000000037
:108F400000000000000000000004FCFC080804040D
:108F5000FCF8000000101F1F100000101F1F100061
:108F600000000000000000000000000000E0F01819
:108F70000C04040C18F0E00000030F0C101010108B
:108F80000C0F0300000000000000000000000000C3
:108F90000004FCFC080404040CF8F0000080FFFF4F
:108FA000889010101C0F030000000000000000005B
:108FB0000000000000E0F81C04040408F8FC0000B5
:108FC00000030F1810109088FFFF800000000000C1
:108FD0000000000000000000040404FCFC10080471
:108FE000040C0C001010101F1F10101000000000C7
:108FF00000000000000000000000000000003078C9
:10900000CCC48484840C1C0000001E1810101011A5
:10901000190F06000000000000C000000000000062
:1090200000040404FFFF040404000000000000002A
:109030000F1F1010100C00000000000000000000C6
:10904000000000000004FCFE00000004FCFE000024
:1090500000000F1F181010081F0F0800000000006C
:10906000000000000000000000040C3CFCC40000F4
:10907000C43C0C0400000000010F1E0E01000000A3
:10908000000000000000000000000000043CFCC4E0
:1090900000E47CFC84807C040000071F07000007BC
:1090A0001F0700000000000000000000000000009A
:1090B0000004041C7CE4C0341C0404000010101CD8
:1090C0001601131F1C181000000000000000000013
:1090D0000000000000040C3CFCC400C43C0404007C
:1090E0000000C080C1370E01000000000000000039
:1090F000000000000000000000001C0404C4F47C18
:109100001C0400000000101C1F17111010180E0086
:1091100000000000000000F80C0400000000000047
:10912000001028EF00000000000000000000003FD9
:1091300060400000000000000000FF000000000090
:10914000000000000000FF00000000000000000020
:109150000000FF00000000000000040CF800000008
:109160000000000000000000EF28100000000000D8
:10917000000040603F0000000000000000180602F0
:109180000204081020203008000000000000000049
:1091900000000000000000000000000000000000CF
:1091A00000000000000000000000000000000000BF
:1091B000000000F800000000000000333000000054
:1091C00000100C06100C060000000000000000005B
:1091D00040C07840C0784000043F04043F040400CD
:1091E000007088FC08300000001820FF211E0000DD
:1091F000F008F000E018000000211C031E211E00F2
:1092000000F00888700000001E2123241927211077
:1092100010160E000000000000000000000000001A
:10922000000000E0180402000000000718204000C1
:1092300000020418E00000000040201807000000B1
:10924000404080F0804040000202010F0102020015
:10925000000000F0000000000101011F01010100F9
:10926000000000000000000080B07000000000005E
:1092700000000000000000000001010101010101E7
:10928000000000000000000000303000000000007E
:109290000000000080601804006018060100000053
:1092A00000E010080810E000000F102020100F0050
:1092B000001010F8000000000020203F20200000D7
:1092C000007008080888700000302824222130002F
:1092D00000300888884830000018202020110E0037
:1092E0000000C02010F8000000070424243F2400E0
:1092F00000F80888880808000019212020110E00B5
:1093000000E0108888180000000F112020110E00C6
:1093100000380808C83808000000003F00000000BE
:109320000070880808887000001C222121221C007F
:1093300000E010080810E0000000312222110F00A8
:10934000000000C0C000000000000030300000003D
:1093500000000080000000000000806000000000AD
:1093600000008040201008000001020408102000C6
:109370004040404040404000040404040404040011
:1093800000081020408000000020100804020100A6
:10939000007048080808F0000000003036010000A6
:1093A000C030C828E810E0000718272423140B0059
:1093B0000000C038E0000000203C230202273820D3
:1093C00008F8888888700000203F202020110E00B7
:1093D000C0300808080838000718202020100800AE
:1093E00008F808080810E000203F202020100F0097
:1093F00008F88888E8081000203F20202320180063
:1094000008F88888E8081000203F200003000000CA
:10941000C03008080838000007182020221E02006B
:1094200008F808000008F808203F210101213F202A
:10943000000808F8080800000020203F2020000055
:1094400000000808F8080800C08080807F00000045
:1094500008F888C028180800203F2001263820007E
:1094600008F8080000000000203F202020203000E5
:1094700008F8F800F8F80800203F003F003F2000FF
:1094800008F830C00008F808203F200007183F0007
:10949000E01008080810E0000F10202020100F0036
:1094A00008F808080808F000203F21010101000029
:1094B000E01008080810E0000F18242438504F006E
:1094C00008F8888888887000203F2000030C30202E
:1094D00000708808080838000038202121221C006C
:1094E000180808F8080818000000203F20000000B5
:1094F00008F808000008F808001F202020201F009E
:109500000878880000C83808000007380E010000FD
:10951000F80800F80008F800033C0700073C0300C7
:10952000081868808068180820302C03032C30202D
:109530000838C800C83808000000203F200000009C
:1095400010080808C83808002038262120201800F4
:10955000000000FE020202000000007F40404000C8
:10956000000C30C000000000000000010638C00000
:1095700000020202FE000000004040407F000000A8
:1095800000000402020204000000000000000000CD
:1095900000000000000000008080808080808080CB
:1095A00000020204000000000000000000000000B3
:1095B00000008080808000000019242222223F20A9
:1095C00008F8008080000000003F112020110E00EC
:1095D0000000008080800000000E1120202011007B
:1095E000000000808088F800000E112020103F202D
:1095F0000000808080800000001F222222221300B1
:10960000008080F0888888180020203F20200000FB
:109610000000808080808000006B949494936000B0
:1096200008F8008080800000203F210000203F20BB
:1096300000809898000000000020203F20200000BB
:10964000000000809898000000C08080807F0000AB
:1096500008F8000080808000203F24022D30200088
:10966000000808F8000000000020203F2020000033
:109670008080808080808000203F20003F20003F4D
:109680008080008080800000203F210000203F205B
:109690000000808080800000001F202020201F000C
:1096A000808000808000000080FFA12020110E003B
:1096B0000000008080808000000E112020A0FF802C
:1096C000808080008080800020203F2120000100D9
:1096D000000080808080800000332424242419002E
:1096E000008080E0808000000000001F202000003B
:1096F0008080000000808000001F202020103F207C
:10970000808080000080808000010E30080601000B
:1097100080800080008080800F300C030C300F00B0
:1097200000808000808080000020312E0E312000DB
:10973000808080000080808080818E70180601000B
:1097400000808080808080000021302C2221300029
:1097500000000000807C020200000000003F40404A
:1097600000000000FF00000000000000FF000000FB
:109770000002027C800000000040403F000000002A
:1097800000060101020204040000000000000000C5
:109790000000000000000000000000000000FC00CD
:1097A0000000000002000000000C020C020000009B
:1097B0000000000090D0BCD0BC900003000300006B
:1097C0001824FE448C000302070201001824D8B0BC
:1097D0004C80000300010201C038E438E0000102BF
:1097E0000201020208060000000000000000000064
:1097F000000000F80402000000010204000204F866
:1098000000000004020100009060F8609000000079
:10981000010000002020FC202000000001000000CA
:1098200000000000000008060000000020202020AA
:109830002000000000000000000000000000000206
:10984000000000000080601C020004030000000013
:10985000F8040404F8000102020201000008FC0000
:1098600000000002030200001884442418000302D0
:109870000202020008042424D800010202020100AE
:1098800040B088FC80000000000302003C24242437
:10989000C400010202020100F824242CC0000102CD
:1098A000020201000C04E41C04000000030000009C
:1098B000D8242424D8000102020201003844444480
:1098C000F800000302020100000010000000000088
:1098D0000200000000002000000000000600000060
:1098E0000020508804020000000001029090909037
:1098F00090000000000000000002048850200002D8
:10990000010000001804C424180000000200000038
:10991000F804E494F80001020202020000E09CF066
:10992000800002030000030204FC2424D800020388
:1099300002020100F80404040C000102020201000A
:1099400004FC0404F80002030202010004FC247475
:109950000C0002030202030004FC24740C00020346
:1099600002000000F0080444CC40000102020100A3
:1099700004FC2020FC040203000003020404FC0495
:109980000400020203020200000404FC04040604B2
:109990000403000004FC24D00C04020302000302B0
:1099A00004FC04000000020302020203FC3CC03C71
:1099B000FC0003000300030004FC30C4FC040203A9
:1099C00002000300F8040404F8000102020201008E
:1099D00004FC24241800020302000000F88484041C
:1099E000F80001020207050004FC24649800020349
:1099F00002000302182424448C0003020202010026
:109A00000C04FC040C0000020302000004FC000033
:109A1000FC04000102020100047C80E01C04000040
:109A2000030000001CE03CE01C00000300030000F9
:109A3000049C609C0400020300030200041CE01C60
:109A400004000002030200000C84641C04000203F2
:109A5000020203000000FE020200000007040400EE
:109A6000000E30C00000000000010200000202FEF3
:109A700000000004040700000004020400000000CD
:109A800000000000000000000000080808080808A6
:109A90000000020000000000000000000040A0A044
:109AA000C00000010202030204FC2020C0000003E9
:109AB0000202010000C0202060000001020202003A
:109AC00000C02024FC0000010202030200C0A0A08C
:109AD000C0000001020202000020F8242404000259
:109AE000030202000040A0A0602000070A0A0A0446
:109AF00004FC2020C0000203020003020020E40056
:109B00000000000203020000000020E4000008083A
:109B10000807000004FC80E020200203020003028A
:109B20000404FC000000020203020200E020E02026
:109B3000C00003000300030020E02020C000020357
:109B40000200030200C02020C00000010202010048
:109B500020E02020C000080F0A02010000C02020E1
:109B6000E0000001020A0F0820E04020200002036C
:109B7000020000000060A0A020000002020203001A
:109B80000020F820000000000102020020E0002078
:109B9000E00000010202030220E0208060200000BB
:109BA000030100006080E08060000003000300000B
:109BB00020608060200002030003020020E020807B
:109BC00060200808070100000020A06020000002BB
:109BD00003020200000020DE020000000007040073
:109BE000000000FF00000000000F00000002DE2067
:109BF000000000040700000002010204040200004B
:109C0000000000000000000000000000002F000025
:109C100000000700070000147F147F1400242A7F2F
:109C20002A120062640813230036495522500000AE
:109C30000503000000001C224100000041221C001E
:109C40000014083E08140008083E0808000000A0A0
:109C5000600000080808080800006060000000209C
:109C600010080402003E5149453E0000427F40007A
:109C7000004261514946002141454B310018141200
:109C80007F10002745454539003C4A4949300001CD
:109C90007109050300364949493600064949291E1C
:109CA000000036360000000056360000000814227E
:109CB000410000141414141400004122140800027E
:109CC0000151090600324959513E007C1211127CA3
:109CD000007F49494936003E41414122007F4141D0
:109CE000221C007F49494941007F09090901003EC2
:109CF0004149497A007F0808087F0000417F410000
:109D0000002040413F01007F08142241007F404075
:109D10004040007F020C027F007F0408107F003E5D
:109D20004141413E007F09090906003E4151215E43
:109D3000007F091929460046494949310001017F40
:109D40000101003F4040403F001F2040201F003FD6
:109D50004038403F00631408146300070870080788
:109D600000615149454300007F41410000552A559B
:109D70002A55000041417F00000402010204004016
:109D80004040404000000102040000205454547838
:109D9000007F484444380038444444200038444458
:109DA000487F00385454541800087E0901020018F6
:109DB000A4A4A47C007F080404780000447D400033
:109DC000004080847D00007F102844000000417F17
:109DD0004000007C04180478007C080404780038F3
:109DE0004444443800FC242424180018242418FC7B
:109DF000007C0804040800485454542000043F44E4
:109E00004020003C4040207C001C2040201C003CA6
:109E10004030403C004428102844001CA0A0A07CF6
:109E2000004464544C441414141414140902000023
:109E30000C000C010C020C030000000000000000EC
:109E40009D020000000000004C9E00000001000088
:109E5000080000200F00FFFF00000000FFFF0000CF
:109E600000000000405489000000000020AA4400C7
:109E7000000204005D03000000000000809E00005E
:109E800000000000000000000000000000000000D2
:109E900000000000000000000000000000000000C2
:109EA0000000FFFFDFDF00000000000000000000F6
:109EB000000000000000000000000000040200009C
:109EC0000C050C060C070C08000000000000000048
:109ED0000503000000000000DC9E000000010000FF
:109EE0000C0000200F00FFFF00000000FFFF00003B
:109EF00000000000801A06003C000000010C090A66
:109F00000B0C0000000000000000000081030000B6
:109F100000000000189F000001010116170000005A
:109F200000000000F22B000000000000F915000006
:109F300006020D009503000000000000409F000095
:109F40000000000000000000000000000000000011
:109F50000000000000000000000000000000000001
:109F60000000FFFFDFDF0000000000000000000035
:109F700000000000000000000000000000080000D9
:109F800000000000000000000000000000000018B9
:109F900000000000000F0EDF0002FF00510400006F
:109FA00000000000A89F000000013F3F000000DF0C
:109FB000DFFFFFFF00000000BC9F0000000000006A
:109FC00000FFFFFF0C000000D09F00000000000019
:109FD0000000000000000000008000000D000000F4
:109FE000008000000E0000000000010008010000D9
:109FF0000000010509010000000001050A01000040
:10A00000040000000C010000100001040602000022
:10A01000100001040702000000000100000300001E
:10A020000004010707040000000401070804000001
:10A03000B601B701B801B901C600980199019A01AA
:10A040009B017300740075007600FC006001FFFF47
:10A05000020403040404FFFF0100020008001000D2
:10A060000D0A4F4B0D0A00FF4552524F5200FFFFA1
:10A070002B43495052454356444154413A00FFFF57
:10A080002B434950524543564C454E3A00FFFFFF83
:10A0900041542B434950524543564C454E3F0D0ABF
:10A0A00000002020202020202020202828282828C8
:10A0B00020202020202020202020202020202020A0
:10A0C00020208810101010101010101010101010F8
:10A0D00010100404040404040404040410101010F8
:10A0E00010101041414141414101010101010101B3
:10A0F0000101010101010101010101010110101023
:10A100001010104242424242420202020202020285
:10A1100002020202020202020202020202101010F5
:10A1200010200000000000000000000000000000FF
:10A13000000000000000000000000000000000001F
:10A14000000000000000000000000000000000000F
:10A1500000000000000000000000000000000000FF
:10A1600000000000000000000000000000000000EF
:10A1700000000000000000000000000000000000DF
:10A1800000000000000000000000000000000000CF
:10A1900000000000000000000000000000000000BF
:10A1A0000000494E4600696E66004E414E006E61E9
:10A1B0006E0030313233343536373839414243441A
:10A1C00045460030313233343536373839616263D1
:10A1D00064656600496E66696E697479004E614E09
:10A1E000005245454E54206D616C6C6F6320737551
:10A1F00063636565646564002F646174612F6A65DB
:10A200006E6B696E732F776F726B73706163652FFE
:10A21000474E552D746F6F6C636861696E2F617264
:10A220006D2D31332F7372632F6E65776C69622DDC
:10A2300063796777696E2F6E65776C69622F6C69D9
:10A2400062632F7374646C69622F64746F612E6330
:10A250000042616C6C6F6320737563636565646550
:10A2600064002F646174612F6A656E6B696E732F71
:10A27000776F726B73706163652F474E552D746FE6
:10A280006F6C636861696E2F61726D2D31332F734E
:10A2900072632F6E65776C69622D63796777696E7B
:10A2A0002F6E65776C69622F6C6962632F737464BB
:10A2B0006C69622F6D707265632E6300232D302BE5
:10A2C0002000686C4C0065666745464700412D4696
:10A2D000612D66383930313233343536375D002BF5
:10A2E0002D003030007858004300504F534958003B
:10A2F0002E00FFFF05000000190000007D00000097
:10A300000080E03779C34143176E05B5B5B8934671
:10A31000F5F93FE9034F384D321D30F94877825A3D
:10A320003CBF737FDD4F1575000000000000F03F5B
:10A330000000000000002440000000000000594020
:10A340000000000000408F40000000000088C34073
:10A3500000000000006AF8400000000080842E41E8
:10A3600000000000D01263410000000084D7974134
:10A370000000000065CDCD41000000205FA002423A
:10A38000000000E876483742000000A2941A6D42AF
:10A39000000040E59C30A2420000901EC4BCD642A2
:10A3A00000003426F56B0C430080E03779C341434D
:10A3B00000A0D8855734764300C84E676DC1AB43C3
:10A3C000003D9160E458E143408CB5781DAF1544E1
:10A3D00050EFE2D6E41A4B4492D54D06CFF08044BC
:10A3E000F64AE1C7022DB544B49DD9794378EA44D1
:10A3F000DFA20000E2A20000E5A2000010000000C1
:10A4000000000000017A5200027C0E011B0C0D00BE
:10A41000100000001800000040AAFFFF100000001C
:08A42000000000000000000034
:10A4280040420F0001000000440020AD440020AD70
:10A438000000000003000000B049012020000020B7
:10A4480000000000B0490120184A0120804A01207C
:10A4580000000000000000000000000000000000F4
:10A4680000000000000000000000000000000000E4
:10A4780000000000000000000000000000000000D4
:10A488000000000000000000000000004300000081
:10A4980000000000000000000000000000000000B4
:10A4A8000000000000000000000000004300000061
:10A4B8000000000000000000000000000000000094
:10A4C8000000000000000000000000004300000041
:10A4D8000000000000000000000000000000000074
:10A4E8000000000000000000000000004300000021
:10A4F8000000000000000000000000000000000054
:10A508000000000000000000000000004300000000
:10A518000000000000000000000000000000000033
:10A5280000000000000000000000000043000000E0
:10A538000000000000000000000000000000000013
:10A5480000000000000000000000000043000000C0
:10A5580000000000000000000000000000000000F3
:10A5680000000000000000000000000075740000FA
:10A57800FD72000000000000A1A00000F0A2000091
:10A58800C1A20000C1A20000C1A20000C1A2000037
:10A59800C1A20000C1A20000C1A20000C1A2000027
:10A5A800C1A20000FFFFFFFFFFFFFFFFFFFFFFFF4C
:10A5B800FFFF00000100415343494900000000002B
:10A5C8000000000000000000000000000000000083
:10A5D800000000000000415343494900000000000A
:10A5E8000000000000000000000000000000000063
:10A5F8000000000000000000E9000000C1000000A9
:020000040100F9
:10A10000FFFFFFFFFFFFFFFFFFFFFFFFFFFFFFFF5F
:04A13400FFFFFFFF2B
:10A20000FFFDFFFFFFFFFFFFFFFFFFFFFFFFFFFF60
:10A21000FFFFFFFFFFFFFFFFFFFFFFFFFFFFFFFF4E
:10A22000FFFFFFFFFFFFFFFFFFFFFFFFFFFFFFFF3E
:10A23000FFFFFFFFFFFFFFFFFFFFFFFFFFFFFFFF2E
:10A24000FFFFFFFFFFFFFFFFFFFFFFFFFFFFFFFF1E
:10A25000FFFFFFFFFFFFFFFFFFFFFFFFFFFFFFFF0E
:10A26000FFFFFFFFFFFFFFFFFFFFFFFFFFFFFFFFFE
:10A27000FFFFFFFFFFFFFFFFFFFFFFFFFFFFFFFFEE
:10A28000F8F8FFFFFFFFFFFFFFFFFFFFFFFFFFFFEC
:10A29000FFFFFFFFFFFFFFFFFFFFFFFFFFFFFFFFCE
:10A2A000FFFFFFFFFFFFFFFFFFFFFFFFFFFFFFFFBE
:10A2B000FFFFFFFFFFFFFFFFFFFFFFFFFFFFFFFFAE
:10A2C000FFFFFFFFFFFFFFFFFFFFFFFFFFFFFFFF9E
:0400000300002E7952
:00000001FF
