S02200005241344D325F4D494E495F494F545F50726F6A656374315F31332E73726563BB
S31500000000306C0120B5280000E9260000B128000068
S31500000010B1280000B1280000B1280000B128000076
S31500000020000000000000000000000000B1280000F1
S31500000030B128000000000000B1280000B12800002F
S315000000407D0F0000F10E00000D100000551000009D
S31500000050BD1D00007D0F0000F10E00000D10000018
S315000000605510000081160000151800003519000013
S31500000070151A0000BD1D0000692400000348044B4A
S31500000080834202D0034B03B118477047E0010020BA
S31500000090E001002000000000064B0749C91A89103C
S315000000A048BF0131491003D0044B0BB10148184732
S315000000B0704700BFE0010020E001002000000000C2
S315000000C010B5064C237843B9FFF7D8FF044B13B19C
S315000000D00448AFF300800123237010BD0002002006
S315000000E0000000006489000008B5054B1BB10549F6
S315000000F00548AFF30080BDE80840FFF7CDBF00BF5D
S315000001000000000004020020648900000379022B2D
S3150000011002D10122014B1A70704700BFB43E012084
S315000001202DE9F047B2F1000982B019DD8A460025B3
S31500000130DFF83C800C4C0D4F01EB09061AF9013B28
S315000001400122384601A9019300F0AEFCC8F8000070
S3150000015000B100BE2378002BFCD056452570EDD1AA
S31500000160484602B0BDE8F087B43E01204443012072
S31500000170B83E01200379042B06D0022B00D070472D
S3150000018001220A4B1A7070478368002BF7D040F2A1
S31500000190FE3007490A88824205D8064802F1010C5A
S315000001A0A1F800C08354044801F0DABCAD3A01203E
S315000001B0B03A0120B43A01207443012003793BB9D7
S315000001C00123044A044912880B700AB1034A1370CA
S315000001D0704700BFB03A0120AC3A0120AE3A012088
S315000001E00122034B1A7008B102791A70704700BFDA
S315000001F0040000200179D9B938B51F4C2378012BAA
S31500000200DAB216D0022A12D149F63F431B4D2A68AC
S315000002109A4217D81A4B2A681A4833F8121001F076
S3150000022079FE194B1860D0B92B6801332B6038BDA5
S31500000230704749F63F431548006898420AD8144B60
S315000002401A7038BD0F4801F065FE0F4B186060B993
S31500000250207038BD0222094B2270196038BDA421D6
S315000002600C4B0D4A0D4802F00BFAAB21094B0A4A1A
S315000002700A4802F005FA00BF2802002020020020EA
S315000002802C02002048440120B83E01202402002010
S315000002901E020020B8630000E0690000CC63000085
S315000002A00122014B1A7070471D0200202DE980487B
S315000002B09649974885B001F0A9F9964D286028B16E
S315000002C0CB21954B954A964802F0DAF90446012669
S315000002D000F05AFB00F054FA204600F0BDF9204623
S315000002E000F0C6F900F04CFA1023214620468D4A4C
S315000002F0009600F023FB1023204619468A4A0096F2
S3150000030000F01CFB102320212046884A009600F0AE
S3150000031015FB00F0C7F932464FF48671844800F0A9
S31500000320E7FE4FF47A71084602F0B2F98149824835
S3150000033000F004FC286028B1DD21774B774A784825
S3150000034002F09EF97D4803F043FC7D497D4801F0AB
S3150000035085FC286070B97B4801F0FCFB7A49794836
S3150000036001F020FC286058B1EA216B4B6B4A6C48BF
S3150000037002F086F9E421684B684A694802F080F980
S315000003804FF47A71304602F083F97049704800F0F4
S31500000390D5FB286070B96F4C2378EBB16E496F4876
S315000003A001F05AFD286058B1FE215B4B5B4A5C4860
S315000003B002F066F9EF21584B584A594802F060F9A5
S315000003C0664801F0AFFD286050B140F20311524B70
S315000003D0524A534802F054F902F034FC2670DDE725
S315000003E05F49604801F03AFC286030B140F20D11D7
S315000003F0494B4A4A4A4802F043F95A4801F0AAFBD7
S31500000400584801F0B3FB4FF47A71142002F040F91A
S315000004105549564801F08EFF286030B14FF48B7174
S315000004203D4B3E4A3E4802F02BF951494F4801F0F8
S3150000043053FE286030B140F21911374B374A38481D
S3150000044002F01EF9494801F0E1FD4A4803F0C0FBFD
S31500000450494F4A4E4A4CDFF8D880DFF83091DFF832
S3150000046030A1002140460DF10D0200F02FFE9DF84F
S315000004700D3023B999F8003003F0FF0B23B333781E
S31500000480002BEED0002349F63F4233703968914283
S31500000490E7D83648ADF80E30237001F0B7FD237863
S315000004A0002BFCD00B2131480DF10E0201F0B4FDFA
S315000004B0286020BB3A683B68BDF80E1001333B60EC
S315000004C0304B23F81210CCE74FF47A71142002F067
S315000004D0DFF8594640460DF10D0200F0F7FD9DF894
S315000004E00D100029CBD101235246264889F8003049
S315000004F0396003F087FC244803F06AFBBFE740F24B
S315000005004B11054B054A064802F0BAF8BC840000B8
S31500000510C4430120B83E0120B8630000D46900003E
S31500000520CC630000E0630000F0630000F8630000A5
S315000005303C430120F883000044430120006400008E
S315000005402C840000744301204054890088840000F4
S31500000550944301201C0200208085000048440120AD
S31500000560EC840000044401205C8500002444012042
S315000005704885000010640000240200201E020020AE
S315000005801D0200202C0200201C640000280200200E
S3150000059080380100022800D070470249024800F066
S315000005A081BE00BF908500003C43012070B5224EFD
S315000005B004460D4601223C21204882B000F07CFE14
S315000005C0336863BBADF804302DBB012302221B4800
S315000005D001A98DF8054000F01DFF306028BB184DBD
S315000005E0184C2A78032A10D0236809E001216420D8
S315000005F002F04EF823682A78013B032A236004D0D0
S31500000600002BF3DC012A00D100BE01230E4A2B7019
S31500000610226002B070BD40238DF80430D5E7662114
S315000006200A4B0B4A0B4802F02BF86F21074B084A7E
S31500000630084802F025F800BFB83E0120C443012057
S315000006400400002000000020A0860100B86300001E
S31500000650006A00003864000030B1012800D07047FD
S315000006600021A720FFF7A2BF0146A620FFF79EBFE5
S3150000067010B5044660B1012800D010BD0021C0208D
S31500000680FFF794FFBDE810400021A120FFF78EBFC1
S315000006900146C820FFF78AFF2146BDE81040A0208A
S315000006A0FFF784BF2DE9F0472D4E402334464FF027
S315000006B00108A2B02B4D08368DF80430C4F1B007FE
S315000006C038190021C0B2FFF771FF00210846FFF775
S315000006D06DFF00211020FFF769FF002301AA14F81F
S315000006E033100133802B02F8011FF8D101223C217F
S315000006F0284600F0E1FD01238122284601A900F0E9
S3150000070089FE38BBDFF87090DFF870A099F80020FA
S31500000710032A14D0DAF800300CE00121642001F03D
S31500000720B7FFDAF8003099F80020013B032ACAF82F
S31500000730003004D0002BF0DC012A00D100BE0A4BA9
S315000007400134B44289F80080CAF80030B8D122B02A
S31500000750BDE8F087BE21054B054A064801F090FF2B
S31500000760BC3E0120C4430120A0860100B8630000FE
S31500000770F06900003864000004000020000000203A
S3150000078000200A4BA3F1080203F5806143F8080C28
S3150000079008338B42FAD10021054B02F20C4243F892
S315000007A0081C08339A42FAD1FFF77CBFC43E0120E9
S315000007B0C83E0120012310B50C4C01F0070E04EBD6
S315000007C0C00C03FA0EF3C9081CF801C0C000DBB266
S315000007D02AB143EA0C0C044404F801C010BD2CEA0B
S315000007E0030C044404F801C010BD00BFBC3E012048
S315000007F02DE9F04F203A89B0082B9DF84880D4B2F5
S315000008004FEA530C00F08A8013F0070218BF01224A
S3150000081002EBD30212FB0CF212F0FF0A4AD0434A53
S31500000820434F02EB041909EB0A02DFF80CE10392CD
S31500000830404A04EB440504EBC40402EB850A07EBCB
S31500000840450B0EEB840EA3F10802059376464B4644
S31500000850D146DA468346CDE906C00492049A102AA8
S3150000086028D8DFE802F05E2727274F2727274A27C1
S315000008702727272727272A00059A0BF10100082A90
S31500000880DDE900312C465FFA80FB03F101030AF132
S31500000890010A06F1010609F1010939D0079A0698FD
S315000008A0ABEB0205854208BF9346039A08BF214673
S315000008B09342D3D109B0BDE8F08F01F10802357833
S315000008C002922C46CDE900310D469DF808700AE0EB
S315000008D0424629465846FFF76DFF691CCDB2BD4218
S315000008E04FEA5404C8D0E307F2D4B8FA88F229468E
S315000008F058465209FFF75EFFEFE701F108021D783F
S315000009000292DEE701F1080299F800500292D8E758
S31500000910039A9342CED09AF80050D2E74FF0060AD7
S315000009207DE701F108020292F5E700BF6C7700004F
S31500000930D08100005C7D0000106A00002DE9F043C4
S31500000940154612789946A2F1200383B05E2B9DF8D6
S31500000950287015D804460E464FEA590820464B46DD
S3150000096031460097FFF744FF15F8012FB9F1080F3C
S31500000970A2F120000CBF063444445E28E4B2EDD94F
S3150000098003B0BDE8F08300BF08B50021AE20FFF735
S315000009900DFE00210846FFF709FE00211020FFF793
S315000009A005FE0021B020FFF701FE00218120FFF7A0
S315000009B0FDFD00215F20FFF7F9FD00212020FFF754
S315000009C0F5FD00210220FFF7F1FD0021A120FFF730
S315000009D0EDFD0021C020FFF7E9FD0021A420FFF76F
S315000009E0E5FD0021A620FFF7E1FD0021A820FFF785
S315000009F0DDFD00213F20FFF7D9FD0021D320FFF7C1
S31500000A00D5FD00210846FFF7D1FD0021D520FFF7CF
S31500000A10CDFD00218020FFF7C9FD0021D920FFF779
S31500000A20C5FD00212220FFF7C1FD0021DA20FFF7D6
S31500000A30BDFD00211020FFF7B9FD0021DB20FFF7E7
S31500000A40B5FD00213020FFF7B1FD00218D20FFF715
S31500000A50ADFD00217220FFF7A9FD00200D4BA3F18B
S31500000A60080203F5806143F8080C08338B42FAD17B
S31500000A700021094B02F20C4243F8081C08339A4243
S31500000A80FAD1FFF70FFEBDE808400021AF20FFF7BF
S31500000A908DBD00BFC43E0120C83E012008B5FFF74A
S31500000AA005FC002008BD00BF10B4046AA37803F05B
S31500000AB07B03A3708378046A03F00303D21A0B4402
S31500000AC0C0E90332A37843F08003A370837803F070
S31500000AD00303022B06D0036A0A780020DA705DF859
S31500000AE0044B70470B88026A43F47E43D38100208F
S31500000AF05DF8044B704700BFF0B5846A85B00546C3
S31500000B000F4694466E46B4B194E80F0086E80F008F
S31500000B10EB6920461B78A760236084F804C0EB6A63
S31500000B20E3606B6A9847AC6A1CB196E80F0084E8EC
S31500000B300F0005B0F0BD3446EAE700BF01220346C8
S31500000B400878824012F0060F05D0CA6952681278FA
S31500000B50120700F1CB8100224FF0010C00F5800056
S31500000B602DE9F04100F58C500002C3E907101A7018
S31500000B704D6998785D628D696CF30100C3E90A25B9
S31500000B8098704878D44C904214BF654602259878F0
S31500000B9065F30100987091F90B5091F80AE0680925
S31500000BA005F01F0620300CFA06F644F82060BFF365
S31500000BB04F8FBFF36F8FC94805F1C00650F82670F6
S31500000BC062F3104740F8267050F82660C44E4FEA8C
S31500000BD00E1E67195FFA8EFE87F800E346F8253089
S31500000BE091F9055091F804E06F0905F01F082037C8
S31500000BF00CFA08F844F82780BFF34F8FBFF36F8FC6
S31500000C0005F1C00750F8278062F3104840F82780A6
S31500000C1050F827704FEA0E1E67195FFA8EFE87F8A6
S31500000C2000E346F8253091F9075091F806E06F0980
S31500000C3005F01F0820370CFA08F844F82780BFF3A0
S31500000C404F8FBFF36F8F05F1C00750F8278062F30F
S31500000C50104840F8278050F827704FEA0E1E671993
S31500000C605FFA8EFE87F800E346F8253091F90950C1
S31500000C7091F808E06F0905F01F0820370CFA08F80C
S31500000C8044F82780BFF34F8FBFF36F8F05F1C0077E
S31500000C9050F8278062F3104840F8278050F8270064
S31500000CA04FEA0E10C0B22C4484F8000346F82530F3
S31500000CB0EFF310868CF310884FF000450C788948C6
S31500000CC0E540446824EA05044460406886F31088D9
S31500000CD0186A8270186A0271186A4272186A8272F9
S31500000CE0186AC272186A428340F2192208780CFA0E
S31500000CF000FC1CEA020F02D040201A6AD0740625B6
S31500000D00012240F219201C6A25770C78A240024283
S31500000D1040F0CA80CA7848788C78D200032842EA24
S31500000D20041200F0D58000280CBFE220F2201C6AD5
S31500000D30D2B222701A6A9071CC69227B082A00F01E
S31500000D40C380186A520002F00202427300256278DC
S31500000D50A078D201400100F02000D2B20243186A06
S31500000D600572207802380128186A40F2A280D2B2B1
S31500000D70C27160681A6A847854704578147865F38D
S31500000D8001041470C4789474D479007804F0A30430
S31500000D9000F05C002043D0710020C3E90300C3E9E2
S31500000DA00500DC694D4A94F90540CD6904F1C0019E
S31500000DB052F8216095F800C060F3104642F82160B1
S31500000DC00CF0030C52F82110BFF35F8F4FF0010EA9
S31500000DD06109890004F01F0401F1604101F56141D8
S31500000DE00EFA04F4C1F880410C60D96991F90B4000
S31500000DF004F1C00152F8216060F3104642F8216008
S31500000E0052F82110BFF35F8F6109890004F01F04B7
S31500000E1001F160410EFA04F401F56141C1F8804127
S31500000E200C60D96991F9074004F1C00152F82160BC
S31500000E3060F3104642F8216052F82110BFF35F8F2D
S31500000E406109890004F01F0401F160410EFA04F4FF
S31500000E5001F56141C1F880410C60D96991F9091029
S31500000E6001F1C00452F8246060F3104642F8246091
S31500000E7052F82420BFF35F8F4A09920001F01F0148
S31500000E8002F160420EFA01F102F56142C2F88011E8
S31500000E9011601A6A4CF0700C82F802C06989124A15
S31500000EA019815A60BDE8F0814FF478401A6A908241
S31500000EB030E7FF2545702078022808BF42F010026F
S31500000EC0186AD2B2C27167E70A201A6A50733DE700
S31500000ED0F22042F040022AE700E100E00060004014
S31500000EE0944401200040084055494353032070476D
S31500000EF0EFF30383103B1F4A5BB203F1C00152F8C4
S31500000F00210020F4803042F8210052F821201A4AAC
S31500000F1052F82300C3691B6983B1036903B17047A3
S31500000F20026A0021937803F07F0343F00403937071
S31500000F30436AC160C3B18022FFF7DEBD0369026A5E
S31500000F40002BEED08378C16803F00303022B0CD08C
S31500000F500B78D3708278D0E9031302F003029B1A50
S31500000F601144C0E90313D9E770470B8843F47E4365
S31500000F70D381EFE7006000409444012010B582B0B1
S31500000F80EFF30383103B1F4A5BB203F1C00152F833
S31500000F90210020F4803042F8210052F821201A4A1C
S31500000FA052F82340A27802F00303022B236A0CBFF7
S31500000FB0198A5979A3690CBFC1F30801C9B2019115
S31500000FC043B9636AB3B10422204602B0BDE81040BB
S31500000FD0FFF792BD02F0030201A9606902F091FFDA
S31500000FE0D4E90521A37803F003031A44C91AC4E916
S31500000FF0052109B102B010BD636A002BFAD00122A7
S31500001000E2E700BF006000409444012010B5EFF312
S3150000101003830E4A103B5CB252F82400026A9378AE
S3150000102003F07B039370436A1BB102220021FFF792
S3150000103063FD074A04F1C00352F8231021F48031FE
S3150000104042F8231052F8233010BD00BF944401200B
S315000010500060004010B5EFF303831A4A103B5CB200
S3150000106052F82400837803F00303022B036A0CBFB3
S31500001070198A597993F804C00CBFC1F30801C9B2A3
S315000010801CF0100F0CF0380206D093F81CC01CF0B0
S31500001090010F08BF42F0400293F804C00CF0C70CE1
S315000010A083F804C0436A0BB1FFF726FD064A04F134
S315000010B0C00352F8231021F4803142F8231052F86D
S315000010C0233010BD944401200060004010B40B0A88
S315000010D0064C1B0153FA81F154F821300020C3F36A
S315000010E040035DF8044B1370704700BF00080840CA
S315000010F00120CBB2984080B202B900040B0A5B0112
S3150000110003F1804303F5002398600020704700BF79
S315000011102DE9F84F0388DBB182464FF0000B4FF004
S315000011200109DFF8D0800024304D4FEACB07DAF80A
S31500001130043035F8022BD919898891420AD0013436
S31500001140032CF4D1BAF800300BF1010B5B45EAD859
S31500001150BDE8F88FDB5909FA04F603F0B853B3F18A
S31500001160807FF6B298F8BB3413D0334231D1204A8F
S3150000117004F1200612F81630DB09E0D012F816301A
S31500001180012123F08003C82002F8163001F080FA0E
S31500001190D5E7334211D0164A04F1200112F8113076
S315000011A0DB09CCD112F81130C82043F0800302F8D5
S315000011B01130012101F06CFAC1E7012001F02EFB8C
S315000011C098F8BB340120334388F8BB3401F0F6FAB3
S315000011D0E1E7012001F022FB98F8BB34012023EA65
S315000011E0060388F8BB3401F0E9FAC0E71C86000064
S315000011F00030084000E00140F8B50646FFF788FFDA
S31500001200EFF31082012383F31088234F3B681BB949
S315000012102249CB704023CB703B6801333B6082F39D
S315000012201088338823B300211D4D08E01B011344A9
S3150000123045F82340328801318BB29A4218D9736837
S3150000124053F8314003EBC1029288E0034FEA1223C0
S31500001250D2B2EBD502EB031055F820E024F4803C23
S315000012602EF4803E45F820E01B0145F820C0DEE75D
S31500001270EFF31082012383F310883B6813B13B68B8
S31500001280013B3B603B681BB980200449CB70C870AA
S3150000129082F31088F8BD00BF90440120000D08407D
S315000012A00008084008B5034B03600846FFF7A4FF93
S315000012B0002008BD54524F500346002059601A7250
S315000012C0704700BF30B5836B83B004460A466D464F
S315000012D0A3B193E8030085E80300E16B1A71196076
S315000012E01846636B9847A36B1BB195E8030083E828
S315000012F00300002384F82B3003B030BD2B46ECE707
S3150000130030B5424B83B01B6A01690193019B03F020
S315000013100F230193019A019D0B7C90F82C4094B900
S31500001320C2F30322DBB2A2EB156293409B0804D101
S31500001330082003B030BD013BFAD04A78D209FAD171
S31500001340B323CB710169002390F82620846980F8C5
S315000013502720026880F82B30C46180F82D3080F891
S31500001360283080F82E30036280F82F3080F8303035
S31500001370546A227894F801E0012A14BF4FF0040C55
S315000013804FF0050C6279120142EA4E0294F806E02B
S3150000139042EACE124CEA0202D2B2CA7001690A7956
S315000013A042F010020A7101690A7963F3C3020A71F5
S315000013B001690A7963F304120A710269E179137902
S315000013C061F3C71313710269537943F00103537133
S315000013D0036893F90F30002B07DB012203F01F048B
S315000013E00B495B09A24041F82320BF220369DA7149
S315000013F090F82C302BB1002380F82C30002003B05D
S3150000140030BD022203695A70F8E700BF00E00140D0
S3150000141000E100E090F808C0C0E90512BCF1010F38
S3150000142080F82A3008D10022436880F826C05B0085
S3150000143080F8243080F82520002380F82930FFF733
S315000014405FBF00BF2DE9F0434FF01F085F27DF267F
S315000014500569DFF8B49185F8008005694FF0000C46
S315000014602F7005694FF0B30E2E700568634A6E6AD9
S3150000147005693679624C46F0E0062E740568614BC4
S315000014806E6A0569F67846F0E0066E7405686E6A5F
S315000014900569B678360106F0700646F00806AE70A5
S315000014A005686E6A05693778012F777814BF0426B8
S315000014B0052646EA4706F6B2EE7005686E680569C7
S315000014C04E4514BF7726F7266E71056985F806C066
S315000014D0056985F807E04E7B91F9115036015719D9
S315000014E0F6B287F8006344F8250005F1C00653F804
S315000014F026706CF3104743F8267053F82660BFF346
S315000015005F8F4FF0010E6E09B60005EA080506F179
S31500001510604606F561460EFA05F5C6F88051356057
S315000015204E7B91F90F5036015719F6B287F80063D2
S3150000153044F8250005F1C00653F826706CF31047F1
S3150000154043F8267053F82660BFF35F8F6E09B60026
S3150000155005EA080506F160460EFA05F506F5614648
S31500001560C6F8805135604E7B91F9105036015719F7
S31500001570F6B287F8006344F8250005F1C00653F873
S3150000158026706CF3104743F8267053F82660BFF3B5
S315000015905F8F6E09B60005EA080506F160460EFA89
S315000015A005F506F56146C6F8805135604D7B91F923
S315000015B00E102D010A44EDB282F8005344F82100C2
S315000015C001F1C00253F822406CF3104443F8224064
S315000015D053F82230BFF35F8F4B099B0001EA0801E5
S315000015E003F160430EFA01F103F56143C3F880117C
S315000015F019609F2203691A70BDE8F08300E100E0DC
S31500001600944401200060004040420F0070B5002560
S315000016100A78016002F5800202F51F621202026179
S315000016208A6842600A7B0272CA6942630A6AC0E932
S315000016300E52EFF3108C012282F310880B78C3F15F
S3150000164009039A400C4B5E6826EA02025A605B6800
S315000016508CF31088FFF7F6FEC0E90755074B80F8B4
S315000016602950456180F82A50856180F82B50C36067
S3150000167080F82C50284670BD004008404349495226
S3150000168010B582B0EFF30383103B5F4A5BB2C03301
S3150000169052F8231021F4803142F8231052F82330F7
S315000016A0EFF30383594A103B5BB252F8234094F898
S315000016B02D305BBBA369022B22D9E369012B0ED126
S315000016C02269137943F0100313712269137943F0E9
S315000016D0080313712269137923F010031371236829
S315000016E05B6ADB79002B3ED101222369DB7CDBB20E
S315000016F08DF807309DF8073084F82D2002B010BD14
S315000017002269137943F040031371D6E7E369002B8E
S31500001710F4D02268526AD279FAB9032B17D0022B79
S3150000172026D0012B34D02269236AD17C6269D15438
S31500001730D4E907320132013BC4E90732002BDDD17F
S3150000174021690A7963F386120A7102B010BD226913
S31500001750137943F040031371E5E705212046FFF7AF
S31500001760B1FDE369D9E705212046FFF7ABFDBBE7ED
S315000017702269137943F0100313712269137943F038
S31500001780080313712269137923F010031371CAE752
S3150000179094F82A2072B322681D4892F90F20510945
S315000017A002F01F0203FA02F2203140F82120BFF3B3
S315000017B04F8FBFF36F8F04202169CA7942F08002F0
S315000017C0CA7121690A7942F010020A7121690A79FF
S315000017D022F008020A7121690A7922F010020A71C0
S315000017E02269507021694A7922F001024A7184F80F
S315000017F02C3098E708212269537A03F0F7035372D5
S31500001800236959708FE700BF0060004094440120AF
S3150000181000E100E010B5EFF30383103B424A5BB2F0
S31500001820C03352F8231021F4803142F8231052F8C5
S315000018302330EFF303833D4A103B5BB252F823405B
S3150000184094F82730002B3FD194F82930002B3AD159
S3150000185023685B6ADB792BB194F82B3013B9236AC2
S31500001860002B5BD1E3692169002B40D1CB79C022E3
S3150000187023F08003CB71216901E0013A02D0CB79D4
S31500001880DB09FAD12368284A93F91030C03352F89D
S31500001890231021F4803142F8231052F823302368B4
S315000018A093F91030002B09DB01215A09204803F077
S315000018B01F03603201FA03F340F822302269D3791C
S315000018C043F04003D37110BD94F82630032B1CD08F
S315000018D094F8242023699A7494F8282094F82730E1
S315000018E00132013B84F8282084F8273010BD236A92
S315000018F06269D35C8B74D4E907320132013BC4E9D7
S315000019000732002BDFD12169B0E794F82830022B8B
S31500001910DED194F83030002BDAD110BD05212046F7
S31500001920FFF7D0FC9EE700BF006000409444012012
S3150000193000E100E038B5EFF30383334A103B5BB2B6
S3150000194052F8234023685B6ADB79002B48D194F870
S3150000195029301BB194F82730012B4FD0E369DBB156
S315000019602169C023CA7922F04002CA71216901E0C7
S31500001970013B02D0CA795206FAD4EFF30383103B37
S31500001980224A5BB2C03352F8231021F4803142F868
S31500001990231052F8233038BD94F82A202AB30120A8
S315000019A022681B4D92F90F20510902F01F022031C7
S315000019B000FA02F245F82120BFF34F8FBFF36F8F75
S315000019C02169CA7942F08002CA71042122695170E4
S315000019D021694A7963F300024A7184F82C00BFE753
S315000019E005212046FFF76EFCB1E708212269537AEC
S315000019F003F0F703537223695970B1E794F8303056
S31500001A00002BADD0AAE700BF94440120006000403F
S31500001A1000E100E038B5EFF303834C4A103B5BB2BC
S31500001A2052F823000269537A517ADC0601F0E0018C
S31500001A3051725FFA83FC03F003022BD503695978D0
S31500001A40490647D40024012580F82B50DC71016833
S31500001A50FFF7F8FCB32290F8263080F82C4080F887
S31500001A602830C46180F82A400369846929460462E3
S31500001A70DA71FFF727FCEFF30383103B344A5BB2BE
S31500001A80C03352F8231021F4803142F8231052F863
S31500001A90233038BD002A56D11CF0080F0ED090F81E
S31500001AA02B30002B3ED1B32290F829100369C1F1E7
S31500001AB00301C9B2DA71FFF705FCDCE790F82C20C8
S31500001AC00CF004032AB3002BD5D090F82B30002B52
S31500001AD037D1E8E7002AB5D15A78C2F38011520609
S31500001AE0DAD5082280F82B105A70036801695A6A01
S31500001AF094791378527943EAC41343EA021343F004
S31500001B000203DBB2CB700269537943F001035371D0
S31500001B10B1E7002BAFD003685B6ADB79002BAAD054
S31500001B200421C8E70023B32190F82650846902698E
S31500001B3080F82C3080F828500462C36180F82A307F
S31500001B40D1710121B7E703697CE700BF9444012006
S31500001B500060004003460020D3E90223536070472B
S31500001B6003460020D3E90223D3607047034670B4CE
S31500001B705A689E68D2690020D2E9011444F00045F3
S31500001B80D46875619D6844F00044AC619C6841F07E
S31500001B9000412161146999684C629B6852699A6296
S31500001BA070BC70478368013999668368DA6AD20720
S31500001BB003D45966D0E90232DA600020704700BFCC
S31500001BC070B5836984B004468C46164601AD9BB158
S31500001BD093E8070085E8070083F804C09E60E26981
S31500001BE018461A6063699847A3691BB195E8070010
S31500001BF083E8070004B070BD2B46EDE7002800DA45
S31500001C00704710B400F160430901124CC9B203F5E4
S31500001C10614383F80013104B44F8202000F1C00202
S31500001C2053F8221021F4803143F8221053F8223061
S31500001C30BFF35F8F012243099B0000F01F0003F1F1
S31500001C40604303F561438240C3F880211A605DF862
S31500001C50044B704794440120006000404FF0010C93
S31500001C60F8B500260B46097C43600CFA01F111F029
S31500001C700F0FC1600CBF614631460174197C4C4A96
S31500001C8004460A44120282605A6942619A69C0E9AE
S31500001C900662DD69EFF310878CF310884FF0004081
S31500001CA0197C444AC840116921EA00011161126990
S31500001CB087F310884FF42541A2681160A268D662A6
S31500001CC0A268D663A26896641878002603284FF0A7
S31500001CD00040197AA7684FEAC15108BF41F4803124
S31500001CE05A68F962A168013A0861A1684861A16869
S31500001CF08861A1684E62A1688E62A168A869C86100
S31500001D00A168E8690862A1688A66A1684A6662688D
S31500001D10A86BD26992F83010CE0705D5916AA668ED
S31500001D200139F16492F83010890703D5D26AA168A7
S31500001D30013A0A650022A1688A63A168C1F8882071
S31500001D40AA6B3AB995F8212095F82010520742EA75
S31500001D504132104395F830200326002A14BF4FF471
S31500001D60A0074FF4AA070121A2681764A26850636E
S31500001D70A2681663A2681163D4E90221D160597C76
S31500001D8093F912002246FFF739FF224695F82210F2
S31500001D9095F92400FFF732FF95F92500224695F8BC
S31500001DA02310FFF72BFF044B00202360F8BD00BF74
S31500001DB0901640000040084054504700F0B5EFF33D
S31500001DC00382103A214C51B201F1C00C54F82C3068
S31500001DD023F4803344F82C308B0003F1804303F561
S31500001DE0C043D3F800031A4850F82100456895F817
S31500001DF000E0BEF1010F08D043692BB1BDE8F04009
S31500001E0000221146FFF7DCBEF0BD0025D0E90267CF
S31500001E10B760866802F0FF02B5648668F564866876
S31500001E20356554F82C6065F3104644F82C60D3F8F9
S31500001E300033BFF35F8F074C4B0902F01F020EFA07
S31500001E4002F2603344F82320D6E700BF006000406A
S31500001E509444012000E100E030B42B4A0346C260FE
S31500001E600A7802F0010242700A785208EFF3108CE9
S31500001E70012080F31088254CC2F11402E56800FAAF
S31500001E8002F225EA0202E260E2688CF31088EFF3C0
S31500001E90108480F31088587800282FD1DD682A79BD
S31500001EA060F386122A7184F310884868DC68C27869
S31500001EB0D201D2B26271DA689279B2B94A78A2B125
S31500001EC0EFF3108C012585F31088104AD46824F4AA
S31500001ED08034D460D2688CF310888024DA6802F5E6
S31500001EE0805282F8C050DA6894714078084A1872B5
S31500001EF009785A601970002030BC7047D86802799A
S31500001F0022F080020271CEE7001017400040084020
S31500001F10004341440346DA685B78002022F8131038
S31500001F20704700BF38B5037A0446002B3ED0002127
S31500001F30C368427833F8125023F81210ADB2EFF3AB
S31500001F401080012383F310886278002A43D0E26868
S31500001F50137961F3C7131371E268137F43F08003AB
S31500001F601377E268137A43F080031372E2681379F9
S31500001F7043F08003137180F310880121042000F0E0
S31500001F8087FBEFF31081012383F310886278002A20
S31500001F9036D1E068037F62F38613037781F31088F6
S31500001FA0E3686278002023F8125038BDEFF31083FF
S31500001FB0012282F310884278C1683AB10A7942F068
S31500001FC080020A7183F31088002038BD0A7942F036
S31500001FD040020A71F6E7E1680B7962F386130B712A
S31500001FE0E268137F43F040031377E268137A43F005
S31500001FF040031372E268137943F040031371BAE7A2
S31500002000E268137F23F080031377C7E703461A6855
S315000020109B8A00201380704703461B68103133F8F3
S315000020201130002013807047F0B5C769054689B0A6
S3150000203017B3BE466C468C46BEE80F003E460FC43C
S315000020409EE80F0084E80F00BCE80F000FC69CE86E
S315000020500F008EE80F00AB6938469847EB694BB125
S315000020609C46EE46BEE80F00ACE80F009EE80F0067
S315000020708CE80F0009B0F0BD0F46ECE710B502463C
S3150000208088B0EFF303831249103B5BB251F823008B
S31500002090EFF30383103B0F495BB2C03351F8234083
S315000020A024F4803441F8234051F82330002143685A
S315000020B08DF802201C88026A8369ADF800400192FF
S315000020C08DF8081013B16946FFF7AEFF08B010BDD2
S315000020D094440120006000402DE9F047D1E9018ECB
S315000020E0764B41F2360C1A68034608685F681C682E
S315000020F01FFA80F97F69A4F804901C681FFA88F912
S31500002100A4F814901C681FFA8EF9A4F808901C68AD
S3150000211020F0C0404FEA1049A4F806901C6828F049
S31500002120C0484FEA1848A4F816801C682EF0C04E26
S315000021304FEA1E4E624EA4F80AE0366A614DC6F3B7
S31500002140026802FA08F2C6F3021E22FA0EF2A5FB94
S31500002150025292090CFB02F2DFF878A1AAFB0242B6
S31500002160D1E90045920C0132072A45EA040538BF39
S31500002170072215F0005420D0EFF3108C012484F3CD
S315000021801088514CE66826F48006E660E4688CF315
S31500002190108890264D4C26701C68D6B284F8DE60F6
S315000021A00C688E6814F0005F0CBF4FF480644FF427
S315000021B08074B60048BF44F001046E000FD51D6858
S315000021C0D2B285F8DF200A6855008A684CBF44F40D
S315000021D0007444F40064520048BF44F002041A68D4
S315000021E0A4B25482CA68002A66D0148926052ED461
S315000021F02546AD050DD5D67C957C35431E6886F8FB
S31500002200A6501D68D689A5F8A860158A1A68A2F88E
S31500002210AA501A68A2F890401A680C8AA2F8804060
S315000022203A796AB1B0FA80F01C68228892B222F03C
S315000022301F021F32121A92B22280988A02439A8291
S31500002240234A0020DA600A681A61BDE8F0871D6833
S31500002250A5F890401D685689A5F89C601D6896896A
S31500002260A5F89E6015681E681FFA85FCA6F894C03E
S315000022704FEA154C1E682CF4C04C1FFA8CFCA6F8CD
S3150000228096C01E68C5F3417586F8925055681E685B
S315000022901FFA85FCA6F898C04FEA154C1E682CF468
S315000022A0C04C1FFA8CFCA6F89AC01E68C5F341758F
S315000022B086F8935015899CE71446AAE7DC4401206A
S315000022C000E00140D34D62100040084000300F404E
S315000022D04344415283DE1B4310B400F1604C134C5F
S315000022E00901134BC9B20CF5614C8CF8001300F1CF
S315000022F0C00144F8202053F8212022F4803243F80C
S31500002300212053F82130BFF35F8F012243099B0040
S3150000231000F01F0003F1604303F561438240C3F8F8
S3150000232080211A605DF8044B704700BF9444012079
S315000023300060004000222DE9F8434E694160CB68F9
S31500002340044683610B690D46C0E907230B885B02CF
S3150000235003F1804303F5B813036048698B788278EC
S315000023605B03002A6BD143F450710379002B6CD1C7
S3150000237089B2A1828278C77812022B7907F03F07CB
S3150000238002F47C523A43EF78DB0343EA470347788B
S3150000239090F800E043EA4713EFF310894FF0010C81
S315000023A08CF31088B5F800802D4FC8F110080CFA90
S315000023B008FCD7F80C8028EA0C0CC7F80CC0FF689C
S315000023C089F3108847F6FF573940276892B239805B
S315000023D021689BB20A822268D381236883F80CE0C5
S315000023E083792268A3F10103B3FA83F35B0982F8C8
S315000023F0D03095F90600002803DB2246697AFFF7FC
S315000024006BFF95F90700002803DB2246A97AFFF740
S3150000241063FF96F90700002803DB2246717AFFF76F
S315000024205BFF96F90800002803DB2246B17AFFF726
S3150000243053FF00200B4B2061A360BDE8F8833F2AC1
S31500002440077943F4107108D117B141F080018FE785
S3150000245043F4024141F040018AE7002F88D0F4E7B7
S3150000246000400840434441520020FFF707BE00BF2A
S31500002470064B074993F826001A6A51F82030C2F332
S3150000248002620449D3400B60704700BF00E0014080
S31500002490E0010020DC440120704700BFF8B54AF295
S315000024A0035001233F49404AA1F8FE03A2F8043134
S315000024B0B2F804319BB2002BFAD14FF0010C4FF465
S315000024C0004120250920394C394F3A4E67603A4F72
S315000024D0344BE760A2F800C1384A2660A16021614A
S315000024E0626193F82620196A54F82220344EC1F30B
S315000024F00261CA40326083F8135483F8A20093F84D
S3150000250080241AB993F88134990746D0254D95F859
S315000025108034002B36D00022224B83F8812483F8A6
S31500002520802400231F4981F8323091F83C301A0785
S31500002530FBD543F6013000231A4A088581F82A3074
S3150000254092F83C309B06FBD5012005231649F12560
S3150000255081F81C011B49116282F8263092F8263058
S31500002560106A54F82310C0F30260C14031600024A1
S31500002570F0204FF42541144B1D731C721873A2F8FA
S31500002580FE13F8BD0121C82085F8801400F080F8FC
S3150000259095F88034012BFBD1BDE74FF47A70FFF735
S315000025A07BFFBEE700E0014000C00140E0010020E3
S315000025B000127A00002D3101001BB7000095BA0AFF
S315000025C0DC440120211202210020004038B50025FC
S315000025D0284C0121C82084F8285000F059F884F8C6
S315000025E0245094F82430002BFBD194F82430214950
S315000025F043F0020384F8243091F82430C3F34000FA
S315000026009B07F9D41B4A81F8220092F8223003F086
S31500002610FF00002BF9D192F84030164960F3C7133A
S3150000262082F8403091F84030DB09FBD191F8420046
S31500002630104A63F3C71081F8420092F84230DB0972
S31500002640FBD192F844000B4963F3C71082F84400AB
S3150000265091F84430C3F3C014DB09F9D1012000F02E
S31500002660DDF8054B012083F8BB44BDE8384000F097
S31500002670A5B800BF0030084000E00140704700BF29
S3150000268000BEFEE7A0F101000028FBD1704700BFA5
S315000026904FF47A7310B400FB01F1114C114A24680F
S315000026A0B2FBF4F2A1FB03043CB9B0FBF2F08008E4
S315000026B060B15DF8044BFFF7E5BF9200B1FBF2F1A4
S315000026C0A1FB03132BB908460028F2D15DF8044B91
S315000026D070474FF0FF3C5DF8044B6046FFF7D2BFF2
S315000026E0DC44012000CA9A3B70B500240B4B0C4E0B
S315000026F0B3F82021B3F84051ADB2154025FA04F3E2
S31500002700DB0704D556F82430E0B203B1984701340C
S315000027100E2CF3D1014BA3F8305170BD0060004080
S315000027205844012070B5032084B000F077F80026E5
S315000027306FF0FF014FF0FF301C4C1D4B2246996491
S315000027404FF0010E3346CDE9010004F11E0503905A
S3150000275032F8021F0EFA03FC013311B1012620EAFA
S315000027600C00AA42F4D1F6B10190124B104A106740
S31500002770C3F88002029903205167C3F884120399B3
S315000027809167C3F8881200F019F800230A4834F854
S31500002790022F03F1C00101330AB140F82120A542FE
S315000027A0F5D104B070BD4FF0FF30DEE7FA850000CA
S315000027B00080004000E100E000600040EFF310817F
S315000027C0012383F31088124B33F8102092B22AB1FA
S315000027D033F81020013A92B223F8102033F8103063
S315000027E09BB293B910B40B4A0B4CB2F8FE3334F8D3
S315000027F010009BB243F4254323EA0003A2F8FE33FC
S3150000280081F310885DF8044B704781F31088704798
S31500002810D044012000E001402486000030B4EFF3EC
S315000028201081012383F310880E4A32F810309BB2D0
S315000028306BB90D4C0D4DB4F8FE3335F810C09BB294
S3150000284043EA0C0343F425439BB2A4F8FE3332F863
S31500002850103001339BB222F8103081F3108830BC5F
S31500002860704700BFD044012000E0014024860000EC
S3150000287008B50C4A0346106840B103330A4923F0F1
S31500002880030303448B4205D8136008BD0749084675
S315000028901160F2E701F01EFB0C2203461A604FF0AE
S315000028A0FF3008BDD844012030680120304801209F
S315000028B000BE704708B500F003F8FEF7EFF8FEE734
S315000028C04FF4700270B52B4B2B4CC3F888200020B8
S315000028D09C60FDF75FFEFFF7E1FD0120FDF75AFE64
S315000028E02368A3F5806383F30A882448244A0021D9
S315000028F0121A01F087FA2348234A2449121A01F0D2
S3150000290000FB234D234B5B1B002B07DD00249E1091
S3150000291055F8043B01349847A642F9DCFFF7A8FDB9
S31500002920FFF754FE0320FFF779FF4FF6FF720024EE
S31500002930194B03201A825A829A82DA821A835A83A0
S315000029409A83DA83FFF73AFF0320FFF767FF134BFB
S3150000295003205C609C60DC601C61FFF72FFF022097
S31500002960FDF718FEFFF7DEFE2046BDE87040FFF7D4
S3150000297085BE00BF00ED00E0000000000002002060
S315000029802C48012000000020E00100209089000072
S31500002990D8010020DC010020000D084000000E4098
S315000029A000232DE9F04180462F4C82B04FF480621F
S315000029B00D462E4819462380019301F023FA40461E
S315000029C001F0ACFA414602462948FEF76DF8044686
S315000029D0404601F0A3FA0146264801F091F8002C82
S315000029E03CD1019B244AAB4214702BD2234E1F4C80
S315000029F0234F14E03946204601F00CFA2149F0B97C
S31500002A00204601F007FAD0B94FF47A710120FFF79A
S31500002A103FFE019B01330193019BAB4212D231462B
S31500002A20204601F0F7F90028E4D0174801F0D0F865
S31500002A30019B0120AB4209D202B0BDE8F0811348E8
S31500002A4001F0C6F8019B0020AB42F5D34146104881
S31500002A5001F056F8002002B0BDE8F08141460D486D
S31500002A6001F04EF8F6E700BFB03A0120B43A012073
S31500002A709443012048640000AE3A012070640000CF
S31500002A8094640000B8640000746400009C64000054
S31500002A90C06400005064000038B50F4C0F4D104B59
S31500002AA02A4620460F4901F09BF821460E4801F0C0
S31500002AB027F829460D4801F023F843F698212046C9
S31500002AC0FFF76EFF034620461C464FF400720021B6
S31500002AD001F098F9204638BDE04401204465000025
S31500002AE03865000048650000186500006065000054
S31500002AF010B50E4C0E4B0F4A20460F4901F070F8E8
S31500002B0021460E4800F0FCFF0D4801F061F842F244
S31500002B1010712046FFF744FF034620461C464FF43B
S31500002B200072002101F06EF9204610BDE04401203C
S31500002B3080650000C4650000E865000018650000B7
S31500002B401866000010B50E4C0E4A20460E4901F0DC
S31500002B5047F821460D4800F0D3FF0D4801F038F83C
S31500002B6042F210712046FFF71BFF034620461C4623
S31500002B704FF40072002101F045F9204610BD00BF58
S31500002B80E04401203C6600009C66000018650000D9
S31500002B90B866000070B5104C104E114D33462A46EB
S31500002BA02046104901F01CF821460F4800F0A8FF06
S31500002BB0324629460D4800F0A3FF42F21071204626
S31500002BC0FFF7EEFE034620461C464FF40072002136
S31500002BD001F018F9204670BDE0440120D4660000DB
S31500002BE0DC66000010670000186500002C67000016
S31500002BF038B50F4C0F4D20462A460F4900F0F0FF1E
S31500002C0021460E4800F07CFF29460D4800F078FF6B
S31500002C1042F210712046FFF7C3FE034620461C46CB
S31500002C204FF40072002101F0EDF8204638BD00BFD8
S31500002C30E044012058670000846700001865000022
S31500002C409C67000010B5314800F0C2FF304800F024
S31500002C50BFFF304C304B0FCB07C43048238000F009
S31500002C60B7FFA4F10C012E4800F04AFF42F21071A2
S31500002C70A4F10C00FFF794FE0346A4F10C001C46D9
S31500002C804FF40072002101F0BDF83CB3254800F076
S31500002C909FFFFFF701FFE0B1234800F099FFFFF720
S31500002CA027FF28B3214800F093FFFFF74BFFD0B171
S31500002CB01F4800F08DFFFFF76DFFF0B11D4800F0D3
S31500002CC087FFFFF795FFE8B1BDE810401A4800F00E
S31500002CD07FBF1A48BDE8104000F07ABF1848BDE82B
S31500002CE0104000F075BF1748BDE8104000F070BFF7
S31500002CF01548BDE8104000F06BBF1448BDE8104011
S31500002D0000F066BF124800F063FFDDE7C067000011
S31500002D10E0670000E0440120EC640000FC64000071
S31500002D20186500002868000070680000C068000090
S31500002D301869000060690000986900003C6800009E
S31500002D40F4670000DC680000886800002C69000059
S31500002D507869000081F0004102E000BF83F0004383
S31500002D6030B54FEA41044FEA430594EA050F08BF20
S31500002D7090EA020F1FBF54EA000C55EA020C7FEAE4
S31500002D80645C7FEA655C00F0E2804FEA5454D4EB61
S31500002D905555B8BF6D420CDD2C4480EA020281EA2B
S31500002DA0030382EA000083EA010180EA020281EA63
S31500002DB00303362D88BF30BD11F0004F4FEA0131B5
S31500002DC04FF4801C4CEA113102D0404261EB4101C4
S31500002DD013F0004F4FEA03334CEA133302D052424A
S31500002DE063EB430394EA050F00F0A780A4F1010406
S31500002DF0D5F1200E0DDB02FA0EFC22FA05F2801840
S31500002E0041F1000103FA0EF2801843FA05F3594125
S31500002E100EE0A5F120050EF1200E012A03FA0EFCA4
S31500002E2028BF4CF0020C43FA05F3C01851EBE371CE
S31500002E3001F0004507D54FF0000EDCF1000C7EEBEB
S31500002E4000006EEB0101B1F5801F1BD3B1F5001F29
S31500002E500CD349085FEA30004FEA3C0C04F1010448
S31500002E604FEA445212F5800F80F09A80BCF1004F71
S31500002E7008BF5FEA500C50F1000041EB045141EAF3
S31500002E80050130BD5FEA4C0C404141EB0101013CBC
S31500002E9028BFB1F5801FE9D291F0000F04BF0146AB
S31500002EA00020B1FA81F308BF2033A3F10B03B3F17D
S31500002EB020020CDA0C3208DD02F1140CC2F10C020D
S31500002EC001FA0CF021FA02F10CE002F11402D8BF6B
S31500002ED0C2F1200C01FA02F120FA0CFCDCBF41EA37
S31500002EE00C019040E41AA2BF01EB0451294330BD06
S31500002EF06FEA04041F3C1CDA0C340EDC04F11404E3
S31500002F00C4F1200220FA04F001FA02F340EA0300B9
S31500002F1021FA04F345EA030130BDC4F10C04C4F1FF
S31500002F20200220FA02F001FA04F340EA03002946DF
S31500002F3030BD21FA04F0294630BD94F0000F83F429
S31500002F40801306BF81F480110134013D4EE77FEA0C
S31500002F50645C18BF7FEA655C29D094EA050F08BF58
S31500002F6090EA020F05D054EA000C04BF1946104639
S31500002F7030BD91EA030F1EBF0021002030BD5FEA7D
S31500002F80545C05D14000494128BF41F0004130BDA5
S31500002F9014F580043CBF01F5801130BD01F00045F9
S31500002FA045F0FE4141F470014FF0000030BD7FEA6C
S31500002FB0645C1ABF194610467FEA655C1CBF0B4667
S31500002FC0024650EA013406BF52EA033591EA030F7E
S31500002FD041F4002130BD00BF90F0000F04BF002176
S31500002FE0704730B54FF4806404F132044FF00005A9
S31500002FF04FF0000150E700BF90F0000F04BF002122
S31500003000704730B54FF4806404F1320410F0004587
S3150000301048BF40424FF000013EE700BF42004FEA82
S31500003020E2014FEA31014FEA02701FBF12F07F43FF
S3150000303093F07F4F81F06051704732F07F4208BFB6
S31500003040704793F07F4F04BF41F40021704730B5BD
S315000030504FF4607401F0004521F000411CE700BF09
S3150000306050EA010208BF704730B54FF000050AE08C
S3150000307050EA010208BF704730B511F0004502D58D
S31500003080404261EB41014FF4806404F132045FEA8F
S31500003090915C3FF4D8AE4FF003025FEADC0C18BF38
S315000030A003325FEADC0C18BF033202EBDC02C2F12A
S315000030B0200300FA03FC20FA02F001FA03FE40EABC
S315000030C00E0021FA02F11444BDE600BF2DE9FF47C8
S315000030D057EC106B002F0C4619463B46B4BF07F160
S315000030E0004300239146BFBF32461F462D23164696
S315000030F0DDF830A00B700D9B23F02008B8F1460FC9
S3150000310005D0B8F1450F00D10134022100E00321BA
S3150000311003AB2246019302AB47EC106B0093534678
S3150000312000F092FFB8F1470F054619D119F0010FCB
S315000031300ED000EB0409002200233046394603F086
S315000031406FF808B1CDF80C903022039B4B451ED387
S31500003150039B28460E9A5B1B136004B0BDE8F087FC
S31500003160B8F1460F00EB0409E5D10378302B0AD1FC
S31500003170002200233046394603F052F818B9C4F14C
S315000031800104CAF80040DAF800309944D3E7591C24
S3150000319003911A70D9E7F7B500290270BABF494200
S315000031A02D232B230929437028DD0DF107030A2758
S315000031B01D461A46013BB1FBF7F607FB16143034E1
S315000031C002F8014C0C463146632CF2DC3031941E79
S315000031D003F8011C411C2346AB420AD30DF1090337
S315000031E09B1AAC4288BF002302330344181A03B06B
S315000031F0F0BD13F8016B01F8016FEDE730233031B4
S315000032008370031DC170F1E72DE9F04F8DB00C46B8
S3150000321016461F46DDF85880054600F011FE036885
S315000032201846049300F07AFE002305900A93D8F816
S31500003230003094F818A00733D4F800B023F0070341
S3150000324003F10802C8F800204FF0FF32D3E90089E5
S3150000325029F00043CDF8188007939D4BDDE9060160
S31500003260C4E9128903F00EF870BB4FF0FF32984B99
S31500003270DDE9060102F0E8FF30BB002200234046EC
S31500003280494602F0D7FF10B12D2384F84330914A06
S31500003290914BBAF1470F8CBF9046984603234FF0E7
S315000032A0000923612BF00403236033460BAA214651
S315000032B02846009700F0D2F9013040F08D804FF09B
S315000032C0FF300DB0BDE8F08F42464B4640464946BA
S315000032D002F0D8FF40B14B46804A002BBCBF2D23DD
S315000032E084F843307E4BD4E70AF0DF026368069227
S315000032F05A1C3BD1062363604BF4806200232846A8
S31500003300226003930AABCDE901A309AB49EC108B0C
S3150000331000930DF123036168FFF7D8FE069B8046F4
S315000033200999472B29D1C81C02DB6368994241DD04
S31500003330AAF1020A5FFA8AFA0139524604F15000EC
S315000033400991FFF728FF0A9A81461318012A23617B
S3150000335002DC2268D20701D5013323619DF82330B0
S31500003360002BA2D02D2384F843309EE7069A472AE5
S31500003370C2D1002BC0D10123BDE7BAF1650FDBD95D
S31500003380BAF1660F18D1002963680BDD216113B904
S315000033902268D00702D501330B4423614FF00009A0
S315000033A0A165DBE713B92268D20701D50233F4E73A
S315000033B00123F2E74FF0670A0A9B994205DB23686F
S315000033C02161D807EAD54B1CE7E70029D4BFC1F134
S315000033D0020201221344E0E723685A0507D4236951
S315000033E0424631462846B84701302BD167E7BAF145
S315000033F0650F40F2DD8000220023D4E9120102F0BD
S315000034000FFF002833D00123364A31462846B847F5
S3150000341001303FF454AFDDE90938434502DB236848
S31500003420D8070FD531462846DDE90423B8470130D1
S315000034303FF445AF4FF0000908F1FF3804F11A0ACE
S31500003440C84509DC23689B0700F10381E0680B9BF4
S315000034509842B8BF184634E70123524631462846FB
S31500003460B84701303FF42BAF09F10109E8E7099BA2
S31500003470002B39DC01231B4A31462846B847013068
S315000034803FF41DAFDDE9093959EA030302D1236888
S31500003490D907D7D531462846DDE90423B847013098
S315000034A03FF40DAF4FF0000A04F11A0B099B5B4283
S315000034B0534501DC4B4693E701235A4631462846DD
S315000034C0B84701303FF4FBAE0AF1010AEEE700BF50
S315000034D0FFFFEF7F308600002C8600003886000054
S315000034E0348600003C860000A36DDDF828A0534515
S315000034F0A8BF5346002B994636DC4FF0000B29EA4D
S31500003500E97904F11A02A36D0693A3EB09035B455F
S3150000351031DC099B9A453ADC2368DA0737D4099BE4
S31500003520AAEB0309069BAAEB03039945A8BF994694
S31500003530B9F1000F33DC4FF0000829EAE97904F10C
S315000035401A0B099BAAEB0303A3EB090343457FF779
S3150000355079AF01235A4631462846B84701303FF431
S31500003560AEAE08F10108ECE7424631462846B847B8
S315000035700130C2D1A3E60123314628460692B84758
S3150000358001303FF49CAE0BF1010B069ABBE7DDE977
S31500003590042331462846B8470130C0D18FE6069A43
S315000035A04B46314628464244B8470130C3D186E6E9
S315000035B0DDF828A0BAF1010F01DCDB0736D50123BF
S315000035C0424631462846B84701303FF478AE314688
S315000035D02846DDE90423B84701303FF470AE0022E7
S315000035E000230AF1FF3AD4E9120102F019FEC0B92C
S315000035F0534608F1010231462846B84701300CD13E
S315000036005DE601235A4631462846B84701303FF465
S3150000361056AE08F10108D045F3DB4B4604F15002E3
S31500003620DFE64FF0000804F11A0BF4E701234246E7
S31500003630E1E701234A4631462846B84701303FF4C0
S315000036403EAE08F10108E3680B995B1A4345F0DCCE
S31500003650FCE64FF0000804F11909F4E72DE9F047FC
S31500003660164698468A6807460B690C46DDF8209090
S315000036709342B8BF1346336091F843200AB1013331
S3150000368033602368990642BF336802333360256886
S3150000369015F0060506D104F1190AE36832689B1A8B
S315000036A0AB422BDC94F843302268003B18BF012361
S315000036B0920630D404F1430241463846C8470130E9
S315000036C023D023681A3454F80A2C03F00603042B7B
S315000036D00ABF54F80E5C002533684FF0000608BF99
S315000036E0ED1A54F8123C08BF25EAE5759342C4BFAB
S315000036F09B1AED18B5421AD1002008E00123524664
S3150000370041463846C847013003D14FF0FF30BDE887
S31500003710F0870135C1E7E1185A1C302002332244F4
S3150000372081F8430094F8451082F84310C2E701235C
S31500003730224641463846C8470130E6D00136D9E729
S315000037402DE9FF470F7E914680460C46782F9A4614
S315000037500C9E01F1430207D8622F0AD8002F00F011
S31500003760D180582F00F0B88004F1420684F84270E8
S315000037703AE0A7F16303152BF6D801A151F823F01F
S31500003780D9370000ED3700006937000069370000BF
S315000037906937000069370000ED370000693700001F
S315000037A0693700006937000069370000EB38000010
S315000037B017380000A5380000693700006937000097
S315000037C00D3900006937000017380000693700001E
S315000037D069370000AD38000033681A1D1B68326077
S315000037E004F1420684F8423001239CE033682068E5
S315000037F0191D3160060601D51D6803E04506FBD597
S31500003800B3F90050002D03DA2D236D4284F84330BE
S3150000381058480A2311E021683368080653F8045B08
S3150000382002D4490648BFADB26F2F3360514814BF6A
S315000038300A230823002184F843106668002EA66038
S3150000384005DB21682E4321F0040121604BD016468A
S31500003850B5FBF3F103FB1157C75D06F8017D2F4653
S315000038600D46BB42F4D9082B0BD12368DF0708D5D8
S31500003870236961689942DEBF302306F8013C06F1F0
S31500003880FF36921B22614B4603AA21464046CDF8DD
S3150000389000A0FFF7E3FE01304AD14FF0FF3004B03D
S315000038A0BDE8F087236843F0200323607827324879
S315000038B0236884F845701F06316851F8045B02D40A
S315000038C05F0648BFADB23160D90744BF43F020035D
S315000038D023601DB11023ADE72648E9E7236823F0EE
S315000038E020032360F6E71646BDE733682568181DF2
S315000038F0616930602E061B6801D5196002E0680612
S31500003900FBD51980002316462361BCE733680021E6
S315000039101A1D32601E686268304600F0E4FA08B18B
S31500003920801B606063682361002384F84330AAE744
S315000039302369324649464046D0470130ADD0236818
S315000039409B0713D4E068039B9842B8BF1846A6E7C6
S315000039500123324649464046D04701309DD00135C5
S31500003960E36803995B1AAB42F2DCEBE7002504F14E
S315000039701906F5E73E8600004F860000002310B5C5
S3150000398004468360818119464366C28108228361A9
S31500003990C0E90033C0E904335C3000F033FA0D4B64
S315000039A0246263620C4BA3620C4BE3620C4B2363F1
S315000039B00C4B9C4206D003F16802944202D0D033ED
S315000039C09C4205D104F15800BDE8104000F088BAC9
S315000039D010BD00BF213C0000433C00007B3C0000C2
S315000039E09F3C0000E0460120024A0349034800F0DC
S315000039F069B800BF10000020055B00002000002011
S31500003A0041680C4B994210B5044601D002F07AF891
S31500003A10A168094B994202D0204602F073F8E1688A
S31500003A20064B994204D02046BDE8104002F06AB821
S31500003A3010BD00BFE046012048470120B0470120E5
S31500003A4010B50B4B04210B4C0B4A20461A60002282
S31500003A50FFF794FF04F1680001220921FFF78EFFAA
S31500003A6004F1D00002221221BDE81040FFF786BF04
S31500003A7018480120E0460120E9390000014800F01D
S31500003A8030BA00BF21480120014800F02BBA00BF20
S31500003A902148012010B50446FFF7F0FF236A1BB149
S31500003AA0BDE81040FFF7F0BF044B2362044B1B68D0
S31500003AB0002BF5D1FFF7C4FFF2E700BF013A000083
S31500003AC0184801202DE9F843074688461446002683
S31500003AD0D4E90195B9F1010905D52468002CF7D17F
S31500003AE03046BDE8F883AB89012B07D9B5F90E300E
S31500003AF0013303D029463846C04706436835E9E70F
S31500003B000FB407B5064904AB086853F8042B81685F
S31500003B10019301F05BFE03B05DF804EB04B070475F
S31500003B201C000020036A70B505460E4684680BB972
S31500003B30FFF7B0FF636EDB0705D4A389980502D4AF
S31500003B40A06D00F0CEF9A389190702D52369002BD1
S31500003B5035D12146284600F0E5F880B34FF0FF3511
S31500003B60636EDA0705D4A3899B0502D4A06D00F025
S31500003B70B9F9284670BD002B04DAA2699A4217DC0F
S31500003B800A2915D023685A1C22601970A36816F8F2
S31500003B90011F013BA3600029EDD1002B11DA22465B
S31500003BA00A21284600F07FF80130D7D00A25D7E74A
S31500003BB02246284600F077F80130E7D1CEE7013EED
S31500003BC0E4E723685A1C22600A221A70EEE7FFFF18
S31500003BD0024B01461868FFF7A5BF00BF1C00002076
S31500003BE00EB400B59CB06FF000411DAB029006907C
S31500003BF0079104910848094953F8042B059102A935
S31500003C000068019301F0BCFC029B00221A701CB0F4
S31500003C105DF804EB03B070471C0000200802FFFFAC
S31500003C2010B50C46B1F90E1000F030F90028ABBF04
S31500003C30636DA3891B1823F48053ACBF6365A3810E
S31500003C4010BD2DE9F0411F468B8905460C46DB0564
S31500003C50164605D502230022B1F90E1000F004F92C
S31500003C60A3893246B4F90E10284623F48053A38163
S31500003C703B46BDE8F04100F01BB910B50C46B1F962
S31500003C800E1000F0F1F8431CA38915BF606523F4FC
S31500003C90805343F48053A38118BFA38110BDB1F9AB
S31500003CA00E1000F0D1B8F8B50E461446054618B108
S31500003CB0036A0BB9FFF7EEFEA369A360A3891A078F
S31500003CC001D5236943B92146284600F02BF818B1DF
S31500003CD04FF0FF373846F8BD2368F6B222693746FB
S31500003CE0981A6369834205DC2146284601F00AFFDB
S31500003CF00028EDD1A368013BA36023685A1C22600B
S31500003D001E70431C62699A4204D0A389DB07E1D581
S31500003D100A2EDFD12146284601F0F4FE0028D9D02C
S31500003D20D6E7FFFF38B5294B05460C46186818B18B
S31500003D30036A0BB9FFF7AEFEB4F90C30190722D4AB
S31500003D40DA0607D409222A6043F040034FF0FF3019
S31500003D50A38133E0580712D5616B41B104F14403E6
S31500003D60994202D0284600F02DFF00236363A38901
S31500003D7023F02403A3810023636023692360A389BE
S31500003D8043F00803A38123694BB9A38903F4207385
S31500003D90B3F5007F03D02146284601F000FFB4F9B1
S31500003DA00C3013F001020AD00022A260626952426E
S31500003DB0A261226942B913F08000C5D138BD9907C6
S31500003DC058BF6269A260F4E70020F7E71C000020F4
S31500003DD0884210B501EB020402D98442234607D873
S31500003DE0431EA14208D011F8012B03F8012FF8E772
S31500003DF0024401468A4200D110BD13F8014D02F873
S31500003E00014DF7E702440346934200D1704703F899
S31500003E10011BF9E70A7870B56AB970BD9A4209D1F3
S31500003E200C46054614F8013F002BF6D015F8016F35
S31500003E309E42F7D001300378002BEFD11846ECE70D
S31500003E40004870475C01002038B50023054D044644
S31500003E5008462B6002F054FA431C02D12B6803B1CA
S31500003E60236038BD1C48012038B50446064D084677
S31500003E70114600222A601A4602F05AFA431C02D161
S31500003E802B6803B1236038BD1C48012038B50446B1
S31500003E90064D0846114600222A601A4602F050FADC
S31500003EA0431C02D12B6803B1236038BD1C48012096
S31500003EB038B50446064D0846114600222A601A46C1
S31500003EC0FCF72EF9431C02D12B6803B1236038BDE1
S31500003ED01C480120014B1868704700BF1C000020D9
S31500003EE0704770477047C9B20346024410B5934203
S31500003EF0184601D1002003E0047801338C42F6D144
S31500003F0010BD0A44431E914200D1704710B511F806
S31500003F10014B914203F8014FF9D110BD034613F846
S31500003F20012B002AFBD1181A013870472DE9F74FEB
S31500003F30036907460C69A342C0F28380013C00F185
S31500003F40140501F11408A30055F8242008EB840990
S31500003F50009305EB8403019358F8243001339A4209
S31500003F60B2FBF3F631D34FF0000AC446AE46D34651
S31500003F705CF8043B98B2E1454FEA134306FB00A008
S31500003F804FEA104280B206FB0323DEF8002092B20D
S31500003F904FEA134AA2EB00029BB2DEF800005A4435
S31500003FA0C3EB224392B203EB104342EA03424FEAC9
S31500003FB0234B4EF8042BDBD2009BEB582BB9019B0D
S31500003FC0043B9D421A4630D33C61384601F070F9F5
S31500003FD0002826DB2946002058F8042BD1F800C01B
S31500003FE01FFA82FEC1451FFA8CF34FEA1242A3EB79
S31500003FF00E030344C2EB23429BB202EB1C4243EA8C
S3150000400002434FEA224041F8043BE5D255F824200A
S3150000401005EB840322B9043B9D421A460BD33C614F
S315000040200136304603B0BDE8F08F1268043B002A23
S31500004030CAD1013CC5E71268043B002AEFD1013C16
S31500004040EAE70020EEE7FFFF2DE9F04FC76999B0D8
S315000040508346229E09910E92139355EC104B8DEDDB
S31500004060040B7FB9102000F0F7FD0246CBF81C00C8
S3150000407020B9A74BEF21A748FEF702FBC0E901775D
S315000040800760C760DBF81C30196859B15A6801230C
S31500004090584693404A608B6000F0D4FEDBF81C3033
S315000040A000221A602B1EB7BF23F000430023012213
S315000040B00593A8BF3360059F974BB8BF3260BB43DB
S315000040C012D142F20F73139A1360C7F313032343FB
S315000040D000F04685239BDFF854A2002B00F04885AC
S315000040E00AF1030300F042BD9DED047B002200238C
S315000040F051EC170B8DED0C7B02F092F8804658B10F
S315000041000123139A1360239B13B1844B239A1360E4
S31500004110DFF81CA200F02CBDC7F30A5616AA17A991
S3150000412058469DED0C0B01F077F98146002E75D0AF
S315000041300D9BA6F2FF36CDF85080C3F3130343F070
S315000041407F53DDE90C0143F4401319460022744BFA
S31500004150FEF704FE68A3D3E9002301F0F9FD68A386
S31500004160D3E90023FEF7FCFD04460D463046FEF774
S3150000417043FF65A3D3E9002301F0EAFD02460B469F
S3150000418020462946FEF7ECFD04460D4602F090F85F
S315000041900022074600232046294602F04BF840B18C
S315000041A03846FEF729FF22462B4602F039F800B9B9
S315000041B0013F162F51D85B4B03EBC703DDE90C011A
S315000041C0D3E9002302F036F8002848D0013F002347
S315000041D01293169B9B1B5A1E46BFC3F10108002370
S315000041E04FF00008089248BF0893002F39DB089B60
S315000041F00F973B44089300230A93099B092B61D828
S31500004200052BC5BF043B002401240993099B023BEF
S31500004210032B63D8DFE803F05254372CDDE916632D
S315000042201E4406F23243202BC9BFC3F14003C3F13B
S3150000423020039F4006F21243D8BF04FA03F006F1AA
S31500004240FF36C4BF24FA03F347EA0300FEF7C4FEB1
S315000042500122A1F1F873149277E70123B8E71290CF
S31500004260B7E77B42A8EB07080A9300230F93C4E73E
S3150000427001230B930E9BFB1800930133012B039331
S31500004280B8BF012306E001230B930E9B002B28DD0C
S3150000429000930393DBF81C000021042202F11405AD
S315000042A09D4223D94160584600F08CFD8246002885
S315000042B040D11D4B024640F2AF11DCE60023E3E796
S315000042C00023D6E7012400230B9409934FF0FF3314
S315000042D000220093039312230E92DBE701230B9334
S315000042E0F4E701231A4600930393F5E701315200E0
S315000042F0D4E700BFAFF3008061436F63A787D23F67
S31500004300B3C8608B288AC63FFB799F501344D33FBE
S315000043106D860000848600000000F07F3D86000068
S315000043200000F83F98870000DD86000069860000DF
S315000043303C860000DBF81C301860039B0E2B00F255
S31500004340A180002C00F09E80002F33DD07F00F02C5
S315000043509B4BF8054FEA271403EBC20393ED007B52
S315000043608DED067B16D5974B04F00F040326D3E993
S315000043700823DDE90C0101F015FECDE90401914D9C
S3150000438054B9DDE90623DDE9040101F00BFECDE9B0
S31500004390040128E00226F2E7E10708D50136DDE947
S315000043A00601D5E9002301F0D3FCCDE9060164102E
S315000043B00835E5E700F0AF807C42814B814D02264F
S315000043C004F00F02241103EBC203DDE90C01D3E96B
S315000043D0002301F0BDFC0023CDE90401002C40F0D0
S315000043E08F80002BD3D1129BDDE90445002B00F012
S315000043F094800022744B2046294601F01BFF0028BA
S3150000440000F08B80039B002B00F08780009B002B25
S3150000441034DD7B1E204600222946069301366B4B6F
S3150000442001F096FC009CCDE904013046FEF7E4FD60
S31500004430DDE9042301F08CFC0022654BFEF790FCBD
S315000044400546A1F15076002C6AD10022614BDDE9C8
S315000044500401FEF783FC02460B46CDE904232A46F7
S31500004460334601F005FF002840F087822A4606F110
S315000044700043DDE9040101F0DDFE38BBDDE90C3463
S31500004480CDE90434179B002BC0F258810E2F00F3A0
S3150000449055814B4B03EBC70393ED007B0E9B002B23
S315000044A08DED007B80F2E580039B002B00F3E1801D
S315000044B00CD10022474B51EC170B01F049FCDDE90A
S315000044C0042301F0CBFE002800F055820024254687
S315000044D00E9B5646DB43069300272146584600F0BE
S315000044E0B1FC002D00F0BD802FB1AF4203D039469C
S315000044F0584600F0A7FC2946584600F0A3FCB0E059
S31500004500E20705D50136D5E9002301F021FC012398
S315000045106410083562E7022665E7039C069784E780
S31500004520274B0B9903EBC403544453E90223002998
S3150000453054D00020284901F035FD334656462A4618
S31500004540FEF70CFCCDE91001DDE9040101F0B0FE37
S315000045500546FEF751FD02460B463035DDE90401FE
S31500004560FEF7FCFB02460B4606F8015BCDE9042389
S31500004570DDE9102301F05EFE002872D10020124909
S31500004580DDE90423FEF7EAFBDDE9102301F052FE24
S31500004590002840F0B480A6423FF470AF00220B4BD7
S315000045A0DDE9100101F0D4FB0022084BCDE9100132
S315000045B0DDE9040101F0CCFBCDE90401C4E700BF4D
S315000045C098870000708700000000F03F000024403C
S315000045D000001C40000014400000E03F31465646F3
S315000045E0284601F0B5FB1594CDE91001DDE904017B
S315000045F001F05EFE0546FEF7FFFC024630350B462F
S31500004600DDE90401FEF7AAFB06F8015B02460B464C
S31500004610A642CDE904234FF0000224D1AB4BDDE9DD
S315000046201001FEF79DFB02460B46DDE9040101F091
S315000046301FFE002863D10020A449DDE91023FEF700
S315000046408DFB02460B46DDE9040101F0F3FD00286F
S315000046503FF414AF159E731E159316F8013C302BCC
S31500004660F8D0069F3BE09A4B01F072FBCDE90401BE
S31500004670BCE7DDE90445564620462946DDE9002328
S3150000468001F090FC01F014FE8046FEF7B5FCDDE972
S31500004690002301F05DFB0246204608F130040B467C
S315000046A02946FEF75BFB039D06F8014BA6EB0A04C1
S315000046B002460B46A54234D1FEF752FB04460D4690
S315000046C0DDE9002301F0D4FDC0B920462946DDE925
S315000046D0002301F0A5FD10B118F0010F0ED14946D7
S315000046E0584600F0AFFB002301373370139B1F6061
S315000046F0239B002B00F03C821E6039E2069733466E
S315000047001E4613F8012D392A07D19A45F8D1069A83
S315000047100132069230228AF800201A7801321A7085
S315000047209FE700226A4B01F013FB00220023044698
S315000047300D4601F075FD00289ED0D0E70B9A002AA1
S3150000474000F0E180099A012A00F3C480149A002A35
S3150000475000F0B78003F233430A9C4646089A0121CB
S31500004760584698441A44089200F022FC05465EB169
S31500004770089B002B08DDB342089AA8BF3346A8EB76
S315000047800308F61AD31A08930A9BF3B10B9B002B66
S3150000479000F0BD808CB129462246584600F0C2FC86
S315000047A04A4601460546584600F018FC494606901A
S315000047B0584600F047FB069B99460A9B1A1B04D0F5
S315000047C04946584600F0AEFC81460121584600F0A5
S315000047D0EFFB0F9B0446002B00F0CE811A460146E4
S315000047E0584600F09FFC099B0446012B00F3958078
S315000047F0049B002B40F08D80059BC3F31303002B15
S3150000480040F08980059B23F000431B0D1B052BB14F
S31500004810089B08F101080133089301230A930F9BB3
S31500004820002B00F0AF81236904EB8303186900F0C5
S3150000483073FBC0F12000089B184410F01F0077D0CE
S31500004840C0F12003042B6BDDC0F11C00089B8044E3
S31500004850034406440893B8F1000F05DD4946424675
S31500004860584600F0B9FC8146089B002B05DD214621
S315000048701A46584600F0B0FC0446129B002B59D04D
S315000048802146484600F014FD002853DA7B1E4946AF
S315000048900A2258460693002300F0F6FA0B9B81463F
S315000048A0002B00F07181002329460A22584600F0A9
S315000048B0EBFA009B0546002B67DC099B022B41DCCB
S315000048C063E0169BC3F1360346E700BF0000E03FF6
S315000048D000002440039B5C1E0A9BA34209DB1C1BB1
S315000048E0039B002BBFF639AF039BA8EB03060023FF
S315000048F034E70A9B46460F9AE31A0A9400241A44A0
S31500004900039B0F922AE70A9C46460B9D2FE70A9ABD
S3150000491056E7002382E7049B80E700230A9382E799
S3150000492099D01C33089A1A4498441E44089292E778
S315000049300346F6E7039B0697002B20DC0093099BB2
S31500004940022B1EDD009B002B7FF4C2AD2146052203
S31500004950584600F099FA01460446484600F0A8FC7D
S3150000496000287FF7B5AD3123564606F8013B069B76
S3150000497001330693B0E5039C06972546F3E7039BB0
S3150000498000930B9B002B00F00381002E05DD2946CA
S315000049903246584600F020FC05460A9B002B5AD0AA
S315000049A06968584600F00EFA064628B9834B024657
S315000049B040F2EF21FFF75FBB2A6905F10C010C30CD
S315000049C002329200FFF79DFA01223146584600F066
S315000049D003FC0AF101032F4605460393009B53444B
S315000049E00B93049B03F001030A93039B214648465D
S315000049F0013B0093FFF79AFA3946049000F130081C
S31500004A00484600F055FC2A4608902146584600F0D4
S31500004A106BFCC268064602BB0146484600F048FCED
S31500004A200246314658460E9200F00CFA099B0E9A41
S31500004A30039E42EA03010A9B194310D1B8F1390FCC
S31500004A4029D0089B002B02DD049B03F13108009B53
S31500004A5083F8008041E52846BBE70122E1E7089B91
S31500004A60002B04DB09990B430A990B4320D1002A3A
S31500004A70EDDD49460122584600F0AEFB214681464F
S31500004A8000F016FC002803DCE1D118F0010FDED09F
S31500004A90B8F1390FD8D13923009A137033461E4620
S31500004AA0013B16F8012C392A51D001321A7014E54F
S31500004AB0002A07DDB8F1390FEDD008F10103009A9D
S31500004AC013700AE5039B0B9A03F8018C934228D0D6
S31500004AD0494600230A22584600F0D6F9AF428146DD
S31500004AE04FF000034FF00A023946584607D100F04E
S31500004AF0CBF907460546039B0133039375E700F0A0
S31500004B00C3F92946074600230A22584600F0BCF995
S31500004B100546F0E7009B0027002BCCBF1E4601266A
S31500004B20564449460122584600F056FB2146814626
S31500004B3000F0BEFB0028B1DC02D118F0010FADD1A8
S31500004B4033461E4613F8012D302AFAD0C5E49A459D
S31500004B50A5D1069B0133069331238AF80030BCE4C5
S31500004B60239BDFF85CA01BB10AF10803239A1360AC
S31500004B70504619B0BDE8F08F099B012B7FF738AE80
S31500004B800F9B0A93012056E6009B002B7FF7D7AEBA
S31500004B90564621464846FFF7C9F900F13008009B02
S31500004BA006F8018BA6EB0A029342B3DD49460023C1
S31500004BB00A22584600F068F98146EAE7DD860000D9
S31500004BC06086000038B50546002941D051F8043CFE
S31500004BD00C1F002BB8BFE41800F0E8F81D4A136854
S31500004BE033B9636014602846BDE8384000F0E4B885
S31500004BF0A34208D9206821188B4201BF19685B6857
S31500004C0009182160EDE71A465B680BB1A342FAD991
S31500004C1011685018A0420BD1206801445018116049
S31500004C208342E0D118685B68084453601060DAE795
S31500004C3002D90C232B60D6E7206821188B4202BFCD
S31500004C4019685B680918636008BF21605460CAE789
S31500004C5038BD00BF28480120024B0146186800F005
S31500004C6025B800BF1C00002070B50F4E0C46054647
S31500004C70316811B900F0F2FF30602146284600F095
S31500004C80EDFF431C03D14FF0FF34204670BDC41C1A
S31500004C9024F00304A042F8D0211A284600F0DEFFD3
S31500004CA00130F2D1EFE700BF244801202DE9F84397
S31500004CB0CD1C064625F0030508350C2D38BF0C25FE
S31500004CC0002D01DBA94204D90C2333600020BDE886
S31500004CD0F883DFF8D48000F069F8D8F800301C4675
S31500004CE044BB29463046FFF7BFFF431C044658D154
S31500004CF0D8F800402746002F43D1002C4BD023681C
S31500004D003946304604EB030900F0A8FF814542D13D
S31500004D10216830466D1A2946FFF7A6FF01303AD0C2
S31500004D2023682B442360D8F800305A6862BBC8F861
S31500004D3000700FE02268521B20D40B2A17D9611984
S31500004D40A342256018BF5960636808BFC8F8001001
S31500004D5062514B60304600F02FF804F10B00231D22
S31500004D6020F00700C21A1CBF1B1AA350AFE76268E7
S31500004D70A3420CBFC8F800205A60EBE723466468DC
S31500004D80AEE73C467F68B6E71A465B68A342FBD1AE
S31500004D9000235360DEE70C233046336000F00CF846
S31500004DA094E70560D6E700BF284801200148FFF7D1
S31500004DB098B800BF204801200148FFF793B800BF0C
S31500004DC02048012070B5C66904460D4676B9102004
S31500004DD0FFF742FF0246E06120B9184B6B211848E5
S31500004DE0FDF74EFCC0E901660660C660E669F36839
S31500004DF083B1E369DB6853F82500B8B90121204681
S31500004E0001FA05F6721D920000F038FF60B1C0E9A4
S31500004E1001560EE021220421204600F02FFFE3690F
S31500004E20F060DB68002BE4D1002070BD026843F817
S31500004E3025200023C0E90333F7E700BF6D86000095
S31500004E40EE86000070B5C66905460C4676B9102098
S31500004E50FFF702FF0246E86120B9094B8F21094896
S31500004E60FDF70EFCC0E901660660C6603CB1EB6961
S31500004E706268DB6853F82210216043F8224070BD57
S31500004E806D860000EE8600002DE9F04101F1140C5C
S31500004E9007460C461E460D690020DCF8003001303E
S31500004EA099B2854202FB01614FEA13464FEA11436C
S31500004EB089B202FB063301EB03414FEA13464CF875
S31500004EC0041BEADC0EB3A368AB4219DC6168384602
S31500004ED00131FFF777FF804628B902460C4BBA210D
S31500004EE00C48FDF7CDFB226904F10C010C300232AF
S31500004EF09200FFF706F8214644463846FFF7A2FF20
S31500004F0004EB850301355E6125612046BDE8F0812D
S31500004F10DD860000EE860000B0F5803F034636BF12
S31500004F20030400201020B3F1807F3CBF1B02083031
S31500004F30B3F1805F3CBF1B010430B3F1804F3CBF2F
S31500004F409B000230002B05DB13F0804F00F10100BF
S31500004F5008BF202070470368024613F007000BD0F5
S31500004F60D90721D4980747BF5B0801209B08022078
S31500004F704CBF13601360704799B209B91B0C10201F
S31500004F80D9B209B908301B0A190704BF1B09043036
S31500004F90990704BF9B080230D90703D45B0800F1C8
S31500004FA0010003D01360704700207047202070472F
S31500004FB010B50C460121FFF705FF024628B9054B3F
S31500004FC040F245110448FDF75BFB01234461036190
S31500004FD010BD00BFDD860000EE8600002DE9F04F13
S31500004FE017460A69894685B03B699A42A2BF3B4685
S31500004FF00F4699463D69BB68D9F810A0796805EB5C
S315000050000A06B342B8BF0131FFF7DCFE30B90246EB
S31500005010424B4FF4B1714248FDF732FB00F11404E4
S31500005020002204EB860E2346734520D307F11408AD
S3150000503009F1140108EB850501EB8A030293EB1BCA
S315000050401537153B23F003030433BD4238BF042351
S315000050500193029B03918B420CD8002E03DD5EF870
S31500005060043D002B57D0066105B0BDE8F08F43F82C
S31500005070042BD9E7B1F800A0BAF1000F21D0C4463D
S31500005080A14600275CF8042BD9F800301FFA82FBF2
S3150000509065459BB24FEA12420AFB0B333B44D9F8F3
S315000050A000704FEA17470AFB027202EB13429BB2EB
S315000050B04FEA124743EA024349F8043BE2D8019B10
S315000050C0E750039B0431B3F80290B9F1000F20D0EA
S315000050D023684746A4464FF0000AB7F800B09BB2D3
S315000050E0BCF8022009FB0B22524443EA02434CF867
S315000050F0043B57F8043B4FEA134ABCF80030BD4264
S3150000510009FB0A3303EB12434FEA134AE5D8019A27
S31500005110A35004349DE7013E9FE700BFDD860000F3
S31500005120EE8600002DE9F843154612F00302074605
S315000051300E4607D0013A254C002354F82220FFF7EB
S31500005140A3FE0646AD103DD0FC697CB91020FFF7E2
S3150000515083FD0246F86128B91D4B40F2B3111D4884
S31500005160FDF78EFAC0E901440460C460D7F81C80DC
S31500005170D8F808404CB940F271213846FFF718FFBD
S3150000518000230446C8F8080003604FF00009EB0747
S315000051900AD5314622463846FFF720FF804631467B
S315000051A038464646FFF74EFE6D100BD0206838B9DC
S315000051B0224621463846FFF711FF2060C0F80090CE
S315000051C00446E4E73046BDE8F88300BF6487000084
S315000051D06D860000EE8600002DE9F0470C46074676
S315000051E091464FEA621A2369496803EB6218A3687D
S315000051F008F10106B3420BDB3846FFF7E3FD05462F
S3150000520048B90246284B4FF4EF712848FDF738FAA3
S3150000521001315B00EEE7002300F1140100F11002FA
S315000052201846534533DB2AEAEA7A04F11403206967
S3150000523019F01F0901EB8A0103EB800C2BD0C9F191
S31500005240200E8A460022186800FA09F010434AF830
S31500005250040B53F8042B9C4522FA0EF2F3D8ACEB60
S31500005260040304F11500153B23F0030304336045E2
S3150000527088BF0423CA500AB108F10206013E384627
S3150000528021462E61FFF7DEFD2846BDE8F087013393
S3150000529042F8040FC5E7043953F8042B9C4541F83E
S315000052A0042FF9D8EAE700BFDD860000EE8600008D
S315000052B003460A690069801A30B50ED114331431D9
S315000052C003EB820401EB820154F8045D51F8042DCE
S315000052D0954203D005D24FF0FF3030BDA342F3D341
S315000052E0FBE70120F9E7FFFF2DE9F74F8946064660
S315000052F0114614464846FFF7DBFF051E12D1294624
S315000053003046FFF75FFD024628B9414B40F2372190
S315000053104048FDF7B5F90123C0E90435104603B04E
S31500005320BDE8F08FBCBF4B46A1463046B8BF01254D
S31500005330D9F80410B4BF1C460025FFF743FD02460A
S3150000534018B9334B40F24521E2E7D9F8107004F161
S31500005350140E266900F1140BC56009F1140509F154
S3150000536010030EEB860605EB8708D9464FF0000CB6
S315000053700193019B5EF8040B53F804AF7645019345
S315000053801FFA8AF3194683B24FEA1040A1EB0303D2
S31500005390C0EB1A40634400EB23409BB24FEA204C1B
S315000053A043EA004349F8043BE3D8331B1534153B65
S315000053B023F003030433A64238BF04231D445B4491
S315000053C02C461E4644450ED308F10301491B033DF6
S315000053D021F00301A84538BF00210B4453F8041DF2
S315000053E099B117619AE754F8041BE6461FFA81FC47
S315000053F0080C7144F44489B200EB2C4041EA0041A8
S315000054004FEA204C46F8041BDCE7013FE6E700BF05
S31500005410DD860000EE8600002DE9F7430F460121E8
S31500005420164659EC108BFFF7CDFC044630B9024600
S31500005430234B40F20F312348FDF722F9C9F30A55F1
S31500005440C9F313030DB143F480130193B8F10003BC
S3150000545023D068460093FFF77EFDDDE90012D0B148
S31500005460C0F1200302FA03F3C2400B4301926361C9
S31500005470019B002BA3610CBF012202222261A5B170
S31500005480A5F233450544C0F135003D603060204645
S3150000549003B0BDE8F0836161EAE701A8FFF75BFDB1
S315000054A0019B203001226361E8E7A0F2324004EB61
S315000054B0820338601869FFF72FFDC0EB4210E5E75D
S315000054C0DD860000EE8600002DE9F0471F468E6857
S315000054D082460C46BE4290460B682DD8B1F90C2088
S315000054E012F4906F26D06569096905EB4505A3EBB3
S315000054F001097B1C05EBD5754B446D109D4238BFE9
S315000055001D46530527D52946FFF7D0FB064660B34F
S315000055104A462169FEF7F5FCA38923F4906343F01C
S315000055208003A38126614E446561A5EB09052660CB
S315000055303E46A560BE4200D93E46324641462068F8
S31500005540FEF746FCA36800209B1BA3602368334438
S315000055502360BDE8F0872A4600F0B6FB0646002821
S31500005560E0D121695046FFF72DFB0C234FF0FF30A9
S31500005570CAF80030A38943F04003A381E9E7FFFF9F
S315000055802DE9F04F98468B899DB007461B060D46C0
S31500005590144610D50B6973B94021FFF787FB2860C5
S315000055A0286130B90C233B604FF0FF301DB0BDE8D9
S315000055B0F08F40236B610023CDF80C804FF001097A
S315000055C0DFF8A081099320238DF8293030238DF848
S315000055D02A3023469A4613F8012B0AB1252AF9D117
S315000055E0BAEB040B0BD05B46224629463846FFF73A
S315000055F06BFF013000F0A780099A5A4409929AF885
S315000056000030002B00F09F8000234FF0FF320AF19C
S31500005610010A049307938DF853301A93CDE90523B5
S31500005620544605224F4814F8011BFEF75CFC049A09
S31500005630D8B9D00644BF20238DF85330110744BF94
S315000056402B238DF853309AF800302A2B15D0079A61
S31500005650544600204FF00A0C214611F8013B303B1E
S31500005660092B4BD9B0B1079214E0A0EB0803A24670
S3150000567009FA03F313430493D2E7039B191D1B682E
S31500005680002B0391BBBF5B4242F0020207930793D4
S31500005690B8BF049223782E2B0AD163782A2B32D1F5
S315000056A0039B02341A1D1B6843EAE37303920593B6
S315000056B0DFF8C0A0032221785046FEF714FC38B16B
S315000056C0A0EB0A004022049B01348240134304935A
S315000056D014F8011B062224488DF82810FEF703FC57
S315000056E0002836D0214B1BBB039B073323F007034F
S315000056F008330393099B334409936AE70CFB023290
S315000057000C460120A8E7002301344FF00A0C194685
S315000057100593204610F8012B303A092A03D9002BAD
S31500005720C6D00591C4E70CFB012104460123F0E72E
S3150000573003AB2A4604A9384600930D4BFDF764FDDA
S31500005740421C0646D6D1AB895B063FF52DAF0998BC
S315000057502CE703AB2A4604A938460093044BFDF711
S31500005760EFFFEDE74887000052870000093200008E
S31500005770C95400004E8700009368013B002B9360DC
S3150000578010B408DA9469A34201DB0A2903D15DF853
S31500005790044BFEF788BA1368581C10600846197047
S315000057A05DF8044B7047F8B506460F461446D51803
S315000057B0AC4201D1002007E03A4614F8011B3046FE
S315000057C0FFF7DAFF431CF3D1F8BDFFFF2DE9F04FD9
S315000057D00D469DB014469846064618B1036A0BB9A5
S315000057E0FEF758F96B6ED90705D4AB899A0502D432
S315000057F0A86DFEF776FBAB891B0701D52B699BB914
S3150000580029463046FEF78EFA70B16B6EDC0704D57A
S315000058104FF0FF301DB0BDE8F08FAB899805F7D487
S31500005820A86DFEF75FFBF3E70023CDF80C804FF081
S315000058300109DFF8B481099320238DF8293030233C
S315000058408DF82A3023469A4613F8012B0AB1252AE9
S31500005850F9D1BAEB040B0BD05B46224629463046FB
S31500005860FFF7A1FF013000F0A780099A5A44099278
S315000058709AF80030002B00F09F8000234FF0FF3293
S315000058800AF1010A049307938DF853301A93CDE970
S31500005890052354460522544814F8011BFEF723FB42
S315000058A0049AD8B9D10644BF20238DF85330130784
S315000058B044BF2B238DF853309AF800302A2B15D08D
S315000058C0079A544600204FF00A0C214611F8013B76
S315000058D0303B092B4BD9B0B1079214E0A0EB08037B
S315000058E0A24609FA03F313430493D2E7039B191D57
S315000058F01B68002B0391BBBF5B4242F00202079379
S315000059000793B8BF049223782E2B0AD163782A2BEB
S3150000591032D1039B02341A1D1B6843EAE3730392D8
S315000059200593DFF8D4A0032221785046FEF7DBFA70
S3150000593038B1A0EB0A004022049B01348240134395
S31500005940049314F8011B062228488DF82810FEF748
S31500005950CAFA00283FD0264B1BBB039B073323F014
S31500005960070308330393099B3B4409936AE70CFB3F
S3150000597002320C460120A8E7002301344FF00A0C3E
S3150000598019460593204610F8012B303A092A03D907
S31500005990002BC6D00591C4E70CFB01210446012368
S315000059A0F0E703AB2A4604A930460093114BFDF7F6
S315000059B02BFC0746781CD6D16B6ED90705D4AB896C
S315000059C09A0502D4A86DFEF78DFAAB895B063FF502
S315000059D01FAF09981EE703AB2A4604A93046009379
S315000059E0044BFDF7ADFEE4E7488700005287000050
S315000059F009320000A75700004E870000B1F90C20BD
S31500005A002DE9F041160705460C4654D44B68002B89
S31500005A1002DC0B6C002B48DDE66A002E45D0002325
S31500005A2012F480522F68216A2B6030D0626DA389F0
S31500005A30590705D56368D21A636B0BB1236CD21A6A
S31500005A400023E66A216A2846B047431CA38906D18B
S31500005A5029681D292BD82A4ACA40D60727D50022ED
S31500005A60D90462602269226004D5421C01D12B68E8
S31500005A7003B96065616B2F60B9B104F144039942C3
S31500005A8002D02846FFF79EF8002363630DE001234A
S31500005A902846B0470246501CC9D12B68002BC6D0F9
S31500005AA01D2B01D0162B1DD12F60002021E043F0C5
S31500005AB040031BB21AE00F69002FF6D093070E6859
S31500005AC00F600CBF4B690023A6EB07088B60B8F18B
S31500005AD0000FEADD43463A46216A2846A66AB047E1
S31500005AE0002808DCB4F90C3043F040034FF0FF30D7
S31500005AF0A381BDE8F0810744A8EB0008E7E700BFF3
S31500005B000100402038B50B6905460C4613B900253F
S31500005B10284638BD18B1036A0BB9FDF7BBFFB4F9C7
S31500005B200C30002BF3D0626ED00704D4990502D452
S31500005B30A06DFEF7D6F928462146FFF75FFF636E94
S31500005B400546DA07E4D4A3899B05E1D4A06DFEF7E8
S31500005B50C9F9DDE770B50C46B1F90E1096B01546D9
S31500005B6000291E460CDAA389002113F0800F14BF0A
S31500005B7040234FF48063002031602B6016B070BD67
S31500005B806A4600F049F80028EDDB019901F47041FE
S31500005B90A1F50053594259414FF48063EBE78B89D5
S31500005BA0F7B59D0706460C4607D504F14703236063
S31500005BB023610123636103B0F0BD01AB6A46FFF7C1
S31500005BC0C9FF009F054630463946FFF76FF848B9CA
S31500005BD0B4F90C309A05EED423F0030343F0020324
S31500005BE0A381E2E7A389206043F08003A381019BA0
S31500005BF0C4E904075BB1B4F90E10304600F01EF894
S31500005C0028B1A38923F0030343F00103A381A389E9
S31500005C101D43A581CFE7FFFF38B50023064D044697
S31500005C20084611462B6000F073FB431C02D12B681B
S31500005C3003B1236038BD00BF1C48012038B50023DE
S31500005C40054D044608462B6000F06AFB431C02D152
S31500005C502B6803B1236038BD1C48012038B50023EA
S31500005C60054D044608462B60FCF702FE431C02D194
S31500005C702B6803B1236038BD1C48012070B5A1FB19
S31500005C80025434B92946FFF711F8064628B93046BA
S31500005C9070BD0C2200260260F9E72A462146FEF76F
S31500005CA0B1F8F4E782B001B901A942B14BB113785A
S31500005CB00B601278101E18BF012002B07047104604
S31500005CC0FBE76FF00100F8E72DE9F04107461446BF
S31500005CD00D4621B91146BDE8F041FEF7E7BF2AB9E6
S31500005CE02546FEF76FFF2846BDE8F08100F027F84D
S31500005CF08442064602D8B4EB500FF4D82146384603
S31500005D00FEF7D4FF804608B94546ECE7B442224682
S31500005D10294628BF3246FEF7F4F829463846FEF7EC
S31500005D2051FFF1E70346084641B1FF2A04D98A220A
S31500005D304FF0FF301A60704701200A70704751F823
S31500005D40043C181F002BBCBF0B58C0187047FFFF40
S31500005D5070B54FF0FF0C4CF4E06C1CEA11541DBFFB
S31500005D601CEA135594EA0C0F95EA0C0F00F0DEF8C6
S31500005D702C4481EA030621EA4C5123EA4C5350EAAB
S31500005D80013518BF52EA033541F4801143F48013FC
S31500005D9038D0A0FB02CE4FF00005E1FB02E506F08D
S31500005DA00042E0FB03E54FF00006E1FB03569CF0E2
S31500005DB0000F18BF4EF0010EA4F1FF04B6F5007FE8
S31500005DC064F5407404D25FEA4E0E6D4146EB06065A
S31500005DD042EAC62141EA55514FEAC52040EA5E50E3
S31500005DE04FEACE2EB4F1FD0C88BFBCF5E06F1ED88D
S31500005DF0BEF1004F08BF5FEA500E50F1000041EBC4
S31500005E00045170BD06F0004646EA010140EA020070
S31500005E1081EA0301B4EB5C04C2BFD4EB0C0541EA92
S31500005E20045170BD41F480114FF0000E013C00F3A7
S31500005E30AB8014F1360FDEBF002001F0004170BDCB
S31500005E40C4F10004203C35DA0C341BDC04F11404E4
S31500005E50C4F1200500FA05F320FA04F001FA05F270
S31500005E6040EA020001F0004221F0004110EBD3703D
S31500005E7021FA04F642EB06015EEA430E08BF20EA69
S31500005E80D37070BDC4F10C04C4F1200500FA04F30C
S31500005E9020FA05F001FA04F240EA020001F000419E
S31500005EA010EBD37041F100015EEA430E08BF20EA11
S31500005EB0D37070BDC4F1200500FA05F24EEA020E59
S31500005EC020FA04F301FA05F243EA020321FA04F088
S31500005ED001F0004121FA04F220EA020000EBD3703F
S31500005EE05EEA430E08BF20EAD37070BD94F0000F3F
S31500005EF00FD101F00046400041EB010111F4801F73
S31500005F0008BF013CF7D041EA060195F0000F18BF23
S31500005F10704703F00046520043EB030313F4801F5F
S31500005F2008BF013DF7D043EA0603704794EA0C0F19
S31500005F300CEA135518BF95EA0C0F0CD050EA41062F
S31500005F4018BF52EA4306D1D181EA030101F00041AC
S31500005F504FF0000070BD50EA410606BF10461946D4
S31500005F6052EA430619D094EA0C0F02D150EA0136E0
S31500005F7013D195EA0C0F05D152EA03361CBF104621
S31500005F8019460AD181EA030101F0004141F0FE41C0
S31500005F9041F470014FF0000070BD41F0FE4141F444
S31500005FA0780170BD70B54FF0FF0C4CF4E06C1CEA44
S31500005FB011541DBF1CEA135594EA0C0F95EA0C0FF9
S31500005FC000F0A7F8A4EB050481EA030E52EA0335B4
S31500005FD04FEA013100F088804FEA03334FF08055D5
S31500005FE045EA131343EA12634FEA022245EA111502
S31500005FF045EA10654FEA00260EF000419D4208BFB3
S31500006000964244F1FD0404F5407402D25B084FEA5F
S315000060103202B61A65EB03055B084FEA32024FF40B
S3150000602080104FF4002CB6EB020E75EB030E22BF68
S31500006030B61A754640EA0C005B084FEA3202B6EB28
S31500006040020E75EB030E22BFB61A754640EA5C00D7
S315000060505B084FEA3202B6EB020E75EB030E22BF67
S31500006060B61A754640EA9C005B084FEA3202B6EB68
S31500006070020E75EB030E22BFB61A754640EADC0027
S3150000608055EA060E18D04FEA051545EA16754FEA89
S3150000609006164FEAC30343EA52734FEAC2025FEAA7
S315000060A01C1CC0D111F4801F0BD141EA00014FF036
S315000060B000004FF0004CB6E711F4801F04BF014307
S315000060C00020B4F1FD0C88BFBCF5E06F3FF6AFAE23
S315000060D0B5EB030C04BFB6EB020C5FEA500C50F1B3
S315000060E0000041EB045170BD0EF0004E4EEA113136
S315000060F014EB5C04C2BFD4EB0C0541EA045170BD3D
S3150000610041F480114FF0000E013C90E645EA060E80
S315000061108DE60CEA135594EA0C0F08BF95EA0C0FAE
S315000061203FF43BAF94EA0C0F0AD150EA01347FF4F6
S3150000613034AF95EA0C0F7FF425AF104619462CE7CD
S3150000614095EA0C0F06D152EA03353FF4FDAE104630
S31500006150194622E750EA410618BF52EA43067FF481
S31500006160C5AE50EA41047FF40DAF52EA43057FF411
S31500006170EBAE12E74FF0FF3C06E000BF4FF0010C1C
S3150000618002E000BF4FF0010C4DF804CD4FEA410C80
S315000061907FEA6C5C4FEA430C18BF7FEA6C5C1BD04D
S315000061A001B050EA410C0CBF52EA430C91EA030FCE
S315000061B002BF90EA020F0020704710F1000F91EA2B
S315000061C0030F58BF994208BF90422CBFD8176FEAF9
S315000061D0E37040F0010070474FEA410C7FEA6C5CC7
S315000061E002D150EA013C07D14FEA430C7FEA6C5CCE
S315000061F0D6D152EA033CD3D05DF8040B704700BFFA
S315000062008446104662468C461946634600E000BF47
S3150000621001B5FFF7B7FF002848BF10F1000F01BD19
S315000062204DF808EDFFF7F4FF0CBF012000205DF8E4
S3150000623008FB00BF4DF808EDFFF7EAFF34BF012069
S3150000624000205DF808FB00BF4DF808EDFFF7E0FF02
S3150000625094BF012000205DF808FB00BF4DF808ED53
S31500006260FFF7CEFF94BF012000205DF808FB00BFBA
S315000062704DF808EDFFF7C4FF34BF012000205DF89C
S3150000628008FB00BF4FEA410C7FEA6C5C02D150EA82
S31500006290013C0AD14FEA430C7FEA6C5C02D152EA18
S315000062A0033C02D14FF0000070474FF001007047E9
S315000062B04FEA410212F5001215D211D56FF4787328
S315000062C0B3EB625212D94FEAC12343F0004343EACB
S315000062D0505311F0004F23FA02F018BF40427047A6
S315000062E04FF00000704750EA013005D111F0004030
S315000062F008BF6FF0004070474FF00000704700BFC6
S31500006300024B58224FF0FF301A6070471C4801209C
S31500006310024B58224FF0FF301A6070471C4801208C
S31500006320024B582200201A60704700BF1C4801200B
S31500006330024B58224FF0FF301A6070471C4801206C
S31500006340024B58224FF0FF301A6070471C4801205C
S315000063504275696C7420776974682052656E65733E
S31500006360617320416476616E63656420466C65786E
S3150000637069626C6520536F6674776172652050613F
S31500006380636B6167652076657273696F6E20352E63
S31500006390392E3000352E392E300000000000090558
S315000063A0F8B500BFF8BC08BC9E467047F8B500BFFC
S315000063B0F8BC08BC9E4670474653505F535543434E
S315000063C0455353203D3D2065727200002E2E2F73DB
S315000063D072632F68616C5F656E7472792E6300005C
S315000063E05241344D325F4D494E495F494F5400008A
S315000063F054656D703A00000048756D693A000000FA
S3150000640068656C6C6F20776F726C64210000000009
S315000064103131313131313131310000005374617223
S3150000642074207265636F7264696E672035732061CC
S315000064307564696F2E2E2E002E2E2F7372632F6FAA
S315000064406C65642E630000006C656E3D25640A0071
S31500006450554152543420636F6D6D616E64207365CF
S315000064606E64206661696C65643A2025730A0000D3
S315000064704F4B0000436F6D6D616E642065786563F8
S3150000648075746564207375636365737366756C6C88
S31500006490790000004552524F52000000436F6D6D67
S315000064A0616E6420657865637574696F6E206661D8
S315000064B0696C6564000000004641494C000000001C
S315000064C054696D656F75742077616974696E6720AC
S315000064D0666F7220455350383236362072657370B7
S315000064E06F6E73653A2025730A00000041542B43F2
S315000064F0574D4F44453D310D0A0000005365742049
S3150000650057694669204D6F64652053746174696FDD
S315000065106E2E2E2E000000004D43552D3E657370E5
S31500006520383236363A2D2D2D2D2D2D2D2D2D2D2D66
S315000065302D2D2D25730000003131313131313131AE
S31500006540000000007868310041542B43574A4150FF
S315000065503D222573222C222573220D0A00000000FD
S31500006560436F6E6E65637420746F20576946693A8F
S3150000657020535349443D2573202E2E2E0A00000039
S31500006580653164663034626432306261623263342B
S3150000659037656532343537626163323332313232D0
S315000065A065303934323637383734633365663261AD
S315000065B03335313038626561356163373065333480
S315000065C000000000744856335379456872334272AE
S315000065D048374A77764D75712661316661624A643D
S315000065E04F4C7A300000000041542B4D5154545505
S315000065F05345524346473D302C312C224E554C4C88
S31500006600222C222573222C222573222C302C302C6E
S3150000661022220D0A00000000436F6E6669677572DC
S3150000662065204D51545420757365722070617261F6
S315000066306D65746572732E2E2E00000061316661E1
S31500006640624A644F4C7A302E744856335379456803
S315000066507233427248374A77764D75717C7365633B
S315000066607572656D6F64653D325C2C7369676E6D1E
S315000066706574686F643D686D616373686132353651
S315000066805C2C74696D657374616D703D313736319C
S315000066903036363837333137387C000041542B4D8D
S315000066A0515454434C49454E5449443D302C2225BF
S315000066B073220D0A00000000436F6E6669677572EB
S315000066C065204D51545420636C69656E74204944AD
S315000066D02E2E2E00313838330000000061316661FD
S315000066E0624A644F4C7A302E696F742D61732D6D3A
S315000066F07174742E636E2D7368616E676861692E9E
S31500006700616C6979756E63732E636F6D00000000AE
S3150000671041542B4D515454434F4E4E3D302C22255F
S3150000672073222C25732C310D0A000000436F6E6610
S315000067306967757265204D515454207573657220D2
S31500006740706172616D65746572732025733A257385
S31500006750202E2E2E0A0000002F61316661624A64E7
S315000067604F4C7A302F74485633537945687233420A
S315000067707248374A77764D75712F757365722F6734
S315000067806574000041542B4D5154545355423D30CD
S315000067902C222573222C310D0A00000053756273DA
S315000067A0637269626520746F204D51545420546F92
S315000067B07069633A202573202E2E2E0A00000000F1
S315000067C0496E697469616C697A652045535038323F
S315000067D03636206D6F64756C652E2E2E0000000017
S315000067E0455350383236365F536574576946694D9E
S315000067F06F646500455350383236365F53657457BB
S315000068006946694D6F6465206661696C656421201F
S31500006810496E697469616C697A6174696F6E206129
S31500006820626F727465642E00455350383236365F97
S31500006830436F6E6E656374576946690045535038F9
S315000068403236365F436F6E6E6563745769466920EC
S315000068506661696C65642120496E697469616C6959
S315000068607A6174696F6E2061626F727465642E005E
S31500006870455350383236365F4D5154545573657210
S31500006880436F6E6669670000455350383236365F8F
S315000068904D51545455736572436F6E666967206631
S315000068A061696C65642120496E697469616C697AF5
S315000068B06174696F6E2061626F727465642E000088
S315000068C0455350383236365F4D515454436C6965E2
S315000068D06E744944436F6E666967000045535038CD
S315000068E03236365F4D515454436C69656E74494473
S315000068F0436F6E666967206661696C65642120492D
S315000069006E697469616C697A6174696F6E2061621F
S315000069106F727465642E0000455350383236365F08
S315000069204D515454436F6E6E656374004553503831
S315000069303236365F4D515454436F6E6E6563742024
S315000069406661696C65642120496E697469616C6968
S315000069507A6174696F6E2061626F727465642E006D
S31500006960455350383236365F4D5154545375627321
S315000069706372696265000000455350383236365FEF
S315000069804D51545453756273637269626520666132
S31500006990696C656421000000455350383236362054
S315000069A0696E697469616C697A6174696F6E206178
S315000069B06E6420636F6E6E656374696F6E207072AD
S315000069C06F6365737320636F6D706C657465642E99
S315000069D000FFFFFF68616C5F656E74727900FFFFF0
S315000069E0677074365F63616C6C6261636B00FFFF96
S315000069F04F4C45445F5265667265736800FFFFFF42
S31500006A004F4C45445F57525F4279746500FFFFFF64
S31500006A100000000000000000000000000000000070
S31500006A200000000000000000000000000000000060
S31500006A30000000000000000000F0F0F00000000080
S31500006A400000000000017F010000000000000000BF
S31500006A50001C1C1C0000000000008060301C8C60C4
S31500006A60301C0C00000000000000000000000000C8
S31500006A70000000000000000000000000000000E030
S31500006A800000000000E000000086E69F86868686FD
S31500006A90E69F860000011F01010101011F0101009F
S31500006AA0000080C06020F820E0C00000000003075E
S31500006AB00C18FF70E18100000000070F10107F1016
S31500006AC00F0700008060206080000000E0200000CA
S31500006AD00F3020309F70DC371030C0000000100EE1
S31500006AE003000718101807000000C02020E0C000AF
S31500006AF00000000080E01F38E88703C43C04000063
S31500006B00070F1810100B070D1010080000808C4C92
S31500006B103800000000000000000000000000000037
S31500006B20000000000000000000000000000000005F
S31500006B3000000000000080E03008040000000000B3
S31500006B4000FEFF0100000000000000000000030F2F
S31500006B501820400000040830E0800000000000001B
S31500006B600000000001FFFE000000000000402018A9
S31500006B700F03000000000000000000000000C0003D
S31500006B8000000000004266663C18FF183C6666423C
S31500006B9000000000000003000000000000000000EC
S31500006BA00000800000000000001010101010FF1000
S31500006BB0101010100000000000000300000000008C
S31500006BC000000000000000000000000000000000BF
S31500006BD0000000000000000000808C4C380000001F
S31500006BE0000000000000000000000000000000009F
S31500006BF000101010101010101010100000000000EF
S31500006C00000000000000000000000000000000007E
S31500006C10000000000000000000000000000000006E
S31500006C2000001C1C1C00000000000000000000000A
S31500006C3000000000E0380C000000000080701C031B
S31500006C40000000000060380E010000000000000097
S31500006C50000080C060202060C080000000FEFF01B0
S31500006C600000000001FFFE000001070E18101018BA
S31500006C700E0701000000808080C0E00000000000D8
S31500006C800000000000FFFF000000000000001010E0
S31500006C90101F1F10101000000080402020202060D0
S31500006CA0C080000000030300804020381F0700005A
S31500006CB0001C1A1918181818181F00000080C02088
S31500006CC0202060C080000000000303001010182F71
S31500006CD0E780000000070F10101010180F070000C3
S31500006CE0000000000000C0E0F000000000C0B08816
S31500006CF0868180FFFF808000000000000010101FCA
S31500006D001F1010000000E0606060606060600000BE
S31500006D1000003F1008080818F0E0000000070B10FC
S31500006D201010101C0F030000000080C0402020201F
S31500006D30E0C0000000FCFF211008080818F0E00081
S31500006D400001070C18101010080F03000000C0E027
S31500006D506060606060E06000000003000000E01812
S31500006D600700000000000000001F1F0000000000D8
S31500006D700080C0602020202060C080000087EF2CAB
S31500006D801818303068CF830000070F081010101055
S31500006D90180F07000000C0C020202020C08000007F
S31500006DA0001F3F604040402010FFFE0000000C1C0A
S31500006DB0101010080F030000000000000000000083
S31500006DC00000000000000000000E0E0E0000000093
S31500006DD000000000001C1C1C000000000000000059
S31500006DE0000000000000000000000000000C0C0085
S31500006DF000000000000000000058380000000000FD
S31500006E000000000000000080402010000000102854
S31500006E1044820100000000000000000000000102A2
S31500006E200408100000000000000000000000000040
S31500006E300084848484848484848484000000000024
S31500006E40000000000000000000001020408000004C
S31500006E50000000000000000000000182442810002D
S31500006E6000001008040201000000000000C02020FD
S31500006E701010101030E0C0000003030000F01008EE
S31500006E800C070300000000001C1C1C000000000092
S31500006E90000000C0406020202040C00000FCFF0130
S31500006EA0F00E03C1FE03807F0001070E08111110CA
S31500006EB0110904020000000080E0E000000000006C
S31500006EC00000807C4340477FF880000010181F10A8
S31500006ED000000000131F1C1020E0E020202020608E
S31500006EE0C080000000FFFF10101010182FE7800070
S31500006EF0101F1F1010101010180F0700000080C080
S31500006F00402020202060E00000FCFF01000000007F
S31500006F10000001000001070E1810101008040300FD
S31500006F2020E0E02020202040C080000000FFFF007D
S31500006F300000000001FFFE00101F1F1010101808AF
S31500006F400E07010020E0E0202020202020608000A5
S31500006F5000FFFF101010107C00000000101F1F1013
S31500006F60101010101018060020E0E020202020202D
S31500006F706060800000FFFF101010107C0000010010
S31500006F80101F1F100000000000000000000080C05D
S31500006F906020202040E0000000FCFF01000040408F
S31500006FA0C0C140400001070E181010100F0F00005E
S31500006FB020E0E0200000000020E0E02000FFFF10BD
S31500006FC01010101010FFFF00101F1F10000000000F
S31500006FD0101F1F100000202020E0E02020200000CD
S31500006FE00000000000FFFF0000000000000010107D
S31500006FF0101F1F101010000000000000202020E0CD
S31500007000E020202000000000000000FFFF0000003C
S315000070100060E0808080C07F3F00000020E0E0202C
S31500007020000020A06020200000FFFF30187CE3C095
S3150000703000000000101F1F10000001131F1C181075
S3150000704020E0E020000000000000000000FFFF003C
S315000070500000000000000000101F1F10101010108C
S315000070601018060020E0E0E000000000E0E0E0206C
S3150000707000FF013FFEC0E01E01FFFF00101F1000D1
S31500007080031F0300101F1F1020E0E0C000000000D7
S315000070900020E02000FF0003071C78E08000FF00CE
S315000070A0101F100000000000030F1F00000080C02A
S315000070B060202060C080000000FEFF01000000008C
S315000070C000FFFE000001070E181010180C07010043
S315000070D020E0E0202020202060C0800000FFFF206C
S315000070E020202020301F0F00101F1F10000000005E
S315000070F000000000000080C060202060C08000000A
S3150000710000FEFF010000000000FFFE000001070E68
S315000071101111133C7C67210020E0E0202020202074
S3150000712060C0800000FFFF101030F0D0080F07008D
S31500007130101F1F10000000030F1C10100080C060FD
S31500007140202020204040E00000070F0C18183030A7
S3150000715060E08100001F0C0810101010180F0700C7
S315000071608060202020E0E0202020608001000000D8
S3150000717000FFFF000000000100000000101F1F10AC
S315000071800000000020E0E020000000000020E020D9
S3150000719000FFFF00000000000000FF0000070F18BE
S315000071A010101010100807002060E0E0200000001A
S315000071B020E060200000077FF88000807C0300004C
S315000071C000000000071F1C070000000020E0E02070
S315000071D000E0E0200020E0200007FFF8E01FFFFCB1
S315000071E0E01F00000000031F0300011F0300000052
S315000071F0002060E0A0000020E06020000000000306
S315000072008F7CF8C6010000000010181E130001173D
S315000072101F1810002060E0E02000000020E0602041
S31500007220000001073EF8E01807000000000000100B
S31500007230101F1F101000000000806020202020A0DA
S31500007240E0E0200000000000C0F03E0F0300000058
S3150000725000101C1F17101010101806000000000068
S3150000726000FC0404040404000000000000FF000009
S315000072700000000000000000007F40404040400049
S31500007280000010E000000000000000000000000008
S31500007290031C6080000000000000000000000003E6
S315000072A00C70800000000404040404FC00000000CC
S315000072B000000000000000FF000000000000404049
S315000072C04040407F0000000000000010080C040C45
S315000072D00810000000000000000000000000000090
S315000072E00000000000000000000000000000000098
S315000072F00000000000000000000000000000000088
S315000073000000000080808080808080808080808077
S31500007310000000040408080000000000000000004F
S315000073200000000000000000000000000000000057
S315000073300000000000000000000000000000000047
S31500007340000098D844642424FCF80000000F1F189D
S31500007350101010081F1F10180020E0F00000000099
S31500007360000000000000FFFF180804040CF8F000FD
S3150000737000001F0F18101010180F03000000000067
S31500007380000000000000000000E0F8180404043CBF
S315000073903800000000030F0C101010100806000043
S315000073A00000000000000020E0F0000000E0F81CF3
S315000073B004040408FFFF000000030F181010100853
S315000073C01F0F080000000000000000000000000081
S315000073D00000E0F8484444444C7870000000030F75
S315000073E00C181010100804000000000080C0602077
S315000073F020E0C00000040404FFFF040404040000AD
S31500007400000010101F1F10101000000000000000E8
S315000074100000000000000000000070F88C04048CDE
S31500007420F874040C007076CF8D8D8D89C878700045
S315000074300020E0F000000000000000000000FFFF58
S3150000744008040404FCF8000000101F1F10000010C0
S315000074501F1F100000000000006060000000000018
S315000074600000040404FCFC000000000000001010F2
S31500007470101F1F1010100000000000000000006028
S315000074806000000000000000040404FCFC00000092
S315000074900000C0C08080C07F3F0000000020E0F0F8
S315000074A000000000000000000000FFFF80C0F41C88
S315000074B00404000000101F1F1100031F1C10100001
S315000074C00000202020E0F000000000000000000086
S315000074D000FFFF000000000000001010101F1F102A
S315000074E01010000000000000000000000000000076
S315000074F004FCFC0804FCFC0804FCFC00101F1F1024
S31500007500001F1F10001F1F100000000000000000D9
S31500007510000000000004FCFC08080404FCF800005D
S3150000752000101F1F100000101F1F10000000000099
S31500007530000000000000000000E0F0180C04040C3D
S3150000754018F0E00000030F0C101010100C0F0300D1
S315000075500000000000000000000000000004FCFC29
S31500007560080404040CF8F0000080FFFF8890101057
S315000075701C0F0300000000000000000000000000D7
S3150000758000E0F81C04040408F8FC000000030F18CF
S3150000759010109088FFFF800000000000000000002F
S315000075A000000000040404FCFC100804040C0C0099
S315000075B01010101F1F101010000000000000000027
S315000075C0000000000000000000003078CCC4848475
S315000075D0840C1C0000001E1810101011190F060054
S315000075E00000000000C000000000000000040404C9
S315000075F0FFFF040404000000000000000F1F10102D
S31500007600100C000000000000000000000000000058
S315000076100004FCFE00000004FCFE000000000F1F3A
S31500007620181010081F0F08000000000000000000DE
S315000076300000000000040C3CFCC40000C43C0C0428
S3150000764000000000010F1E0E0100000000000000F7
S315000076500000000000000000043CFCC400E47CFCC8
S3150000766084807C040000071F070000071F07000036
S315000076700000000000000000000000000004041CE0
S315000076807CE4C0341C0404000010101C1601131FF7
S315000076901C181000000000000000000000000000A0
S315000076A000040C3CFCC400C43C0404000000C08080
S315000076B0C1370E01000000000000000000000000BD
S315000076C00000000000001C0404C4F47C1C0400003C
S315000076D00000101C1F17111010180E0000000000EB
S315000076E0000000F80C04000000000000001028EF65
S315000076F000000000000000000000003F60400000A5
S31500007700000000000000FF00000000000000000074
S315000077100000FF0000000000000000000000FF0065
S31500007720000000000000040CF8000000000000004B
S3150000773000000000EF28100000000000000040607C
S315000077403F000000000000000018060202040810B6
S3150000775020203008000000000000000000000000AB
S315000077600000000000000000000000000000000013
S31500007770000000000000000000000000000000F80B
S3150000778000000000000000333000000000100C066E
S31500007790100C0600000000000000000040C0784009
S315000077A0C0784000043F04043F040400007088FCD5
S315000077B008300000001820FF211E0000F008F0002D
S315000077C0E018000000211C031E211E0000F008889E
S315000077D0700000001E2123241927211010160E0008
S315000077E0000000000000000000000000000000E0B3
S315000077F018040200000000071820400000020418C8
S31500007800E00000000040201807000000404080F023
S31500007810804040000202010F01020200000000F059
S31500007820000000000101011F01010100000000002D
S315000078300000000080B070000000000000000000A2
S31500007840000000000001010101010101000000002B
S3150000785000000000003030000000000000000000C2
S3150000786080601804006018060100000000E010089F
S315000078700810E000000F102020100F00001010F874
S31500007880000000000020203F2020000000700808B3
S315000078900888700000302824222130000030088833
S315000078A0884830000018202020110E000000C0205B
S315000078B010F8000000070424243F240000F808887C
S315000078C0880808000019212020110E0000E0108809
S315000078D088180000000F112020110E00003808083B
S315000078E0C83808000000003F00000000007088084B
S315000078F008887000001C222121221C0000E01008CC
S315000079000810E0000000312222110F00000000C024
S31500007910C0000000000000303000000000000080C1
S3150000792000000000000080600000000000008040B1
S3150000793020100800000102040810200040404040CA
S31500007940404040000404040404040400000810201D
S315000079504080000000201008040201000070480862
S315000079600808F0000000003036010000C030C828CA
S31500007970E810E0000718272423140B000000C03885
S31500007980E0000000203C23020227382008F88888FF
S3150000799088700000203F202020110E00C03008080B
S315000079A008083800071820202010080008F80808E2
S315000079B00810E000203F202020100F0008F88888DB
S315000079C0E8081000203F20202320180008F88888A7
S315000079D0E8081000203F200003000000C03008081F
S315000079E00838000007182020221E020008F80800A8
S315000079F00008F808203F210101213F20000808F86F
S31500007A00080800000020203F202000000000080891
S31500007A10F8080800C08080807F00000008F888C051
S31500007A2028180800203F20012638200008F8080002
S31500007A3000000000203F20202020300008F8F80039
S31500007A40F8F80800203F003F003F200008F830C04B
S31500007A500008F808203F200007183F00E01008083B
S31500007A600810E0000F10202020100F0008F808086A
S31500007A700808F000203F210101010000E01008087D
S31500007A800810E0000F18242438504F0008F88888A2
S31500007A9088887000203F2000030C30200070880882
S31500007AA0080838000038202121221C00180808F890
S31500007AB0080818000000203F2000000008F8080011
S31500007AC00008F808001F202020201F0008788800E2
S31500007AD000C83808000007380E010000F80800F852
S31500007AE00008F800033C0700073C030008186880FC
S31500007AF08068180820302C03032C30200838C80072
S31500007B00C83808000000203F2000000010080808C0
S31500007B10C83808002038262120201800000000FE62
S31500007B20020202000000007F40404000000C30C00E
S31500007B3000000000000000010638C000000202023A
S31500007B40FE000000004040407F00000000000402EC
S31500007B500202040000000000000000000000000017
S31500007B600000000080808080808080800002020407
S31500007B7000000000000000000000000000008080FF
S31500007B80808000000019242222223F2008F800806D
S31500007B9080000000003F112020110E000000008030
S31500007BA080800000000E11202020110000000080BF
S31500007BB08088F800000E112020103F2000008080F1
S31500007BC080800000001F222222221300008080F005
S31500007BD0888888180020203F202000000000808030
S31500007BE080808000006B94949493600008F8008075
S31500007BF080800000203F210000203F2000809898D0
S31500007C00000000000020203F20200000000000802F
S31500007C109898000000C08080807F000008F800006F
S31500007C2080808000203F24022D302000000808F8C4
S31500007C30000000000020203F20200000808080807F
S31500007C4080808000203F20003F20003F8080008011
S31500007C5080800000203F210000203F20000080801F
S31500007C6080800000001F202020201F0080800080D0
S31500007C708000000080FFA12020110E00000000807F
S31500007C8080808000000E112020A0FF808080800070
S31500007C908080800020203F2120000100000080809D
S31500007CA0808080000033242424241900008080E092
S31500007CB0808000000000001F20200000808000005F
S31500007CC000808000001F202020103F208080800040
S31500007CD00080808000010E30080601008080008050
S31500007CE0008080800F300C030C300F000080800075
S31500007CF0808080000020312E0E31200080808000A0
S31500007D000080808080818E7018060100008080804F
S31500007D10808080000021302C2221300000000000ED
S31500007D20807C020200000000003F4040000000008E
S31500007D30FF00000000000000FF0000000002027CBF
S31500007D40800000000040403F0000000000060101E6
S31500007D500202040400000000000000000000000011
S31500007D6000000000000000000000FC000000000011
S31500007D7002000000000C020C0200000000000000DF
S31500007D8090D0BCD0BC900003000300001824FE4431
S31500007D908C000302070201001824D8B04C800003AF
S31500007DA000010201C038E438E000010202010202CB
S31500007DB0080600000000000000000000000000F8B7
S31500007DC00402000000010204000204F8000000049E
S31500007DD0020100009060F8609000000001000000C1
S31500007DE02020FC2020000000010000000000000010
S31500007DF000000806000000002020202020000000CF
S31500007E00000000000000000000000002000000006A
S31500007E100080601C0200040300000000F804040453
S31500007E20F8000102020201000008FC000000000246
S31500007E300302000018844424180003020202020010
S31500007E4008042424D80001020202010040B088FC84
S31500007E5080000000000302003C242424C400010228
S31500007E6002020100F824242CC000010202020100D3
S31500007E700C04E41C0400000003000000D8242424A1
S31500007E80D80001020202010038444444F80000030D
S31500007E9002020100000010000000000002000000C5
S31500007EA000002000000000000600000000205088AE
S31500007EB004020000000001029090909090000000E3
S31500007EC000000000000204885020000201000000AB
S31500007ED01804C4241800000002000000F804E4940A
S31500007EE0F80001020202020000E09CF0800002039A
S31500007EF00000030204FC2424D8000203020201004D
S31500007F00F80404040C0001020202010004FC04044B
S31500007F10F80002030202010004FC24740C000203B0
S31500007F200202030004FC24740C0002030200000099
S31500007F30F0080444CC4000010202010004FC2020A9
S31500007F40FC040203000003020404FC040400020211
S31500007F5003020200000404FC0404060404030000F7
S31500007F6004FC24D00C0402030200030204FC0400F7
S31500007F700000020302020203FC3CC03CFC000300BA
S31500007F800300030004FC30C4FC04020302000300E7
S31500007F90F8040404F80001020202010004FC24248F
S31500007FA01800020302000000F8848404F8000102AD
S31500007FB00207050004FC2464980002030200030281
S31500007FC0182424448C000302020201000C04FC0461
S31500007FD00C0000020302000004FC0000FC04000187
S31500007FE002020100047C80E01C0400000300000083
S31500007FF01CE03CE01C00000300030000049C609CA5
S315000080000400020300030200041CE01C040000023A
S31500008010030200000C84641C040002030202030035
S315000080200000FE020200000007040400000E30C03B
S315000080300000000000010200000202FE0000000431
S315000080400407000000040204000000000000000015
S3150000805000000000000008080808080800000200E8
S3150000806000000000000000000040A0A0C0000001C9
S315000080700202030204FC2020C000000302020100E9
S3150000808000C02020600000010202020000C020247F
S31500008090FC0000010202030200C0A0A0C000000113
S315000080A0020202000020F824240400020302020057
S315000080B00040A0A0602000070A0A0A0404FC202051
S315000080C0C0000203020003020020E40000000002D8
S315000080D003020000000020E4000008080807000072
S315000080E004FC80E020200203020003020404FC00DA
S315000080F00000020203020200E020E020C0000300AC
S315000081000300030020E02020C00002030200030257
S3150000811000C02020C00000010202010020E0202053
S31500008120C000080F0A02010000C02020E000000184
S31500008130020A0F0820E0402020000203020000008F
S315000081400060A0A020000002020203000020F82028
S31500008150000000000102020020E00020E000000113
S315000081600202030220E020806020000003010000DC
S315000081706080E080600000030003000020608060F3
S31500008180200002030003020020E02080602008088F
S31500008190070100000020A060200000020302020088
S315000081A0000020DE0200000000070400000000FFBF
S315000081B000000000000F00000002DE2000000004A6
S315000081C00700000002010204040200000000000093
S315000081D00000000000000000002F00000000070063
S315000081E0070000147F147F1400242A7F2A120062DD
S315000081F06408132300364955225000000503000089
S3150000820000001C224100000041221C000014083E10
S3150000821008140008083E0808000000A060000008D6
S31500008220080808080000606000000020100804022A
S31500008230003E5149453E0000427F400000426151E8
S315000082404946002141454B31001814127F10002782
S3150000825045454539003C4A49493000017109050345
S3150000826000364949493600064949291E0000363676
S3150000827000000000563600000008142241000014D9
S3150000828014141414000041221408000201510906B6
S3150000829000324959513E007C1211127C007F494937
S315000082A04936003E41414122007F4141221C007F68
S315000082B049494941007F09090901003E4149497A76
S315000082C0007F0808087F0000417F410000204041F0
S315000082D03F01007F08142241007F40404040007F5C
S315000082E0020C027F007F0408107F003E4141413EA0
S315000082F0007F09090906003E4151215E007F0919E8
S3150000830029460046494949310001017F0101003FE4
S315000083104040403F001F2040201F003F4038403F64
S3150000832000631408146300070870080700615149C8
S31500008330454300007F41410000552A552A5500005B
S3150000834041417F00000402010204004040404040D9
S31500008350000001020400002054545478007F484471
S31500008360443800384444442000384444487F0038A8
S315000083705454541800087E0901020018A4A4A47CD1
S31500008380007F080404780000447D4000004080849B
S315000083907D00007F102844000000417F4000007CE3
S315000083A004180478007C08040478003844444438EF
S315000083B000FC242424180018242418FC007C08043B
S315000083C0040800485454542000043F444020003C14
S315000083D04040207C001C2040201C003C4030403C9B
S315000083E0004428102844001CA0A0A07C004464542B
S315000083F04C44141414141414090200000C000C014B
S315000084000C020C0300000000000000000D0100003B
S315000084100000000018840000000100000800002091
S315000084200F00FFFF00000000FFFF0000000000003B
S31500008430405489000000000020AA44000002040005
S31500008440BD010000000000004C8400000000000098
S315000084500000000000000000000000000000000016
S315000084600000000000000000000000000000FFFF08
S31500008470DFDF000000000000000000000000000038
S315000084800000000000000000040200000C050C06BD
S315000084900C070C0800000000000000007501000039
S315000084A000000000A8840000000100000C0000206D
S315000084B00F00FFFF00000000FFFF000000000000AB
S315000084C0801A06003C000000010C090A0B0C000093
S315000084D00000000000000000E101000000000000B4
S315000084E0E4840000010101161700000000000000EE
S315000084F0F22B000000000000F915000006020D0036
S31500008500F5010000000000000C85000000000000DE
S315000085100000000000000000000000000000000055
S315000085200000000000000000000000000000FFFF47
S31500008530DFDF000000000000000000000000000077
S31500008540000000000000000000080000000000001D
S3150000855000000000000000000000001800000000FD
S31500008560000F0EDF0002FF00A10200000000000065
S315000085707485000000013F3F000000DFDFFFFFFFC2
S3150000858000000000888500000000000000FFFFFFDB
S315000085900C0000009C8500000000000000000000A8
S315000085A000000000008000000D00000000800000B8
S315000085B00E00000000000100080100000000010597
S315000085C009010000000001050A0100000400000086
S315000085D00C01000010000104060200001000010456
S315000085E0070200000000010000030000000401076C
S315000085F0070400000004010708040000B601B701E3
S31500008600B801B901C600980199019A019B0173004E
S31500008610740075007600FC006001FFFF020403048D
S315000086200404FFFF0100020008001000494E460046
S31500008630696E66004E414E006E616E00300030314C
S3150000864032333435363738394142434445460030B3
S3150000865031323334353637383961626364656600E2
S31500008660496E66696E697479004E614E00524545E1
S315000086704E54206D616C6C6F632073756363656522
S31500008680646564002F646174612F6A656E6B696E40
S31500008690732F776F726B73706163652F474E552D1D
S315000086A0746F6F6C636861696E2F61726D2D313303
S315000086B02F7372632F6E65776C69622D63796777A6
S315000086C0696E2F6E65776C69622F6C6962632F73B2
S315000086D074646C69622F64746F612E630042616C0E
S315000086E06C6F6320737563636565646564002F64EE
S315000086F06174612F6A656E6B696E732F776F726B2B
S3150000870073706163652F474E552D746F6F6C636888
S3150000871061696E2F61726D2D31332F7372632F6E07
S3150000872065776C69622D63796777696E2F6E6577F9
S315000087306C69622F6C6962632F7374646C69622F53
S315000087406D707265632E6300232D302B2000686CDC
S315000087504C00656667454647004300504F534958ED
S31500008760002E00FF05000000190000007D0000003B
S315000087700080E03779C34143176E05B5B5B8934617
S31500008780F5F93FE9034F384D321D30F94877825AE3
S315000087903CBF737FDD4F1575000000000000F03F01
S315000087A000000000000024400000000000005940C6
S315000087B00000000000408F40000000000088C34019
S315000087C000000000006AF8400000000080842E418E
S315000087D000000000D01263410000000084D79741DA
S315000087E00000000065CDCD41000000205FA00242E0
S315000087F0000000E876483742000000A2941A6D4255
S31500008800000040E59C30A2420000901EC4BCD64247
S3150000881000003426F56B0C430080E03779C34143F2
S3150000882000A0D8855734764300C84E676DC1AB4368
S31500008830003D9160E458E143408CB5781DAF154486
S3150000884050EFE2D6E41A4B4492D54D06CFF0804461
S31500008850F64AE1C7022DB544B49DD9794378EA4476
S3150000886000202020202020202020282828282820FA
S3150000887020202020202020202020202020202020F2
S31500008880208810101010101010101010101010105A
S31500008890100404040404040404040410101010104A
S315000088A01010414141414141010101010101010114
S315000088B00101010101010101010101011010101066
S315000088C010104242424242420202020202020202E6
S315000088D0020202020202020202020202101010103A
S315000088E02000000000000000000000000000000062
S315000088F00000000000000000000000000000000072
S315000089000000000000000000000000000000000061
S315000089100000000000000000000000000000000051
S315000089200000000000000000000000000000000041
S315000089300000000000000000000000000000000031
S315000089400000000000000000000000000000000021
S315000089500000000000000000000000000000000011
S3150000896000FFFFFF1000000000000000017A520027
S31500008970027C0E011B0C0D00100000001800000008
S315000089809CB5FFFF10000000000000000000000082
S3150000899040420F0001000000440020AD440020AD1D
S315000089A00000000003000000E04601202000002037
S315000089B000000000E046012048470120B0470120A2
S315000089C000000000000000000000000000000000A1
S315000089D00000000000000000000000000000000091
S315000089E00000000000000000000000000000000081
S315000089F0000000000000000000000000430000002E
S31500008A000000000000000000000000000000000060
S31500008A10000000000000000000000000430000000D
S31500008A200000000000000000000000000000000040
S31500008A3000000000000000000000000043000000ED
S31500008A400000000000000000000000000000000020
S31500008A5000000000000000000000000043000000CD
S31500008A600000000000000000000000000000000000
S31500008A7000000000000000000000000043000000AD
S31500008A8000000000000000000000000000000000E0
S31500008A90000000000000000000000000430000008D
S31500008AA000000000000000000000000000000000C0
S31500008AB0000000000000000000000000430000006D
S31500008AC000000000000000000000000000000000A0
S31500008AD0000000000000000000000000255D00000E
S31500008AE0A55C0000000000006088000061870000AF
S31500008AF04D8700004D8700004D8700004D87000020
S31500008B004D8700004D8700004D8700004D8700000F
S31500008B104D870000FFFFFFFFFFFFFFFFFFFFFFFF87
S31500008B20FFFF0000010041534349490000000000D7
S31500008B30000000000000000000000000000000002F
S31500008B4000000000000041534349490000000000B6
S31500008B50000000000000000000000000000000000F
S31500008B600000000000000000E9000000C100000055
S3150100A100FFFFFFFFFFFFFFFFFFFFFFFFFFFFFFFF58
S3090100A134FFFFFFFF24
S3150100A200FFFDFFFFFFFFFFFFFFFFFFFFFFFFFFFF59
S3150100A210FFFFFFFFFFFFFFFFFFFFFFFFFFFFFFFF47
S3150100A220FFFFFFFFFFFFFFFFFFFFFFFFFFFFFFFF37
S3150100A230FFFFFFFFFFFFFFFFFFFFFFFFFFFFFFFF27
S3150100A240FFFFFFFFFFFFFFFFFFFFFFFFFFFFFFFF17
S3150100A250FFFFFFFFFFFFFFFFFFFFFFFFFFFFFFFF07
S3150100A260FFFFFFFFFFFFFFFFFFFFFFFFFFFFFFFFF7
S3150100A270FFFFFFFFFFFFFFFFFFFFFFFFFFFFFFFFE7
S3150100A280F8F8FFFFFFFFFFFFFFFFFFFFFFFFFFFFE5
S3150100A290FFFFFFFFFFFFFFFFFFFFFFFFFFFFFFFFC7
S3150100A2A0FFFFFFFFFFFFFFFFFFFFFFFFFFFFFFFFB7
S3150100A2B0FFFFFFFFFFFFFFFFFFFFFFFFFFFFFFFFA7
S3150100A2C0FFFFFFFFFFFFFFFFFFFFFFFFFFFFFFFF97
S705000028B51D
