S02200005241344D325F4D494E495F494F545F50726F6A656374315F31372E73726563B7
S3150000000030880120512B0000852900004D2B00006F
S315000000104D2B00004D2B00004D2B00004D2B0000FA
S315000000200000000000000000000000004D2B000052
S315000000304D2B0000000000004D2B00004D2B000052
S315000000400D120000811100009D120000E512000053
S31500000050592000000D120000811100009D120000C1
S31500000060E512000011190000A51A0000C51B0000CA
S31500000070A51C000059200000052700000348044B7A
S31500000080834202D0034B03B118477047E0010020BA
S31500000090E001002000000000064B0749C91A89103C
S315000000A048BF0131491003D0044B0BB10148184732
S315000000B0704700BFE0010020E001002000000000C2
S315000000C010B5064C237843B9FFF7D8FF044B13B19C
S315000000D00448AFF300800123237010BD0002002006
S315000000E000000000B48C000008B5054B1BB10549A3
S315000000F00548AFF30080BDE80840FFF7CDBF00BF5D
S315000001000000000004020020B48C00002DE9F04F2E
S315000001100024574BADF5197D03F59C319A1C0392CB
S31500000120803133F8022F8B421444FAD1514803F040
S315000001302FFF42F228325049504803F0C1FE504981
S31500000140504FA1FB0414C4F3CF3529463B4649F66C
S3150000015040424D4803F0B4FE42F22831464802F0D0
S31500000160D5FE00286DD049F6404650214FF4FA538B
S31500000170464A019704A8009603F012FF1D2104A821
S3150000018002F00CFF00286DD04FF000084446C1462F
S315000001903F4F47F6FF7E039B03EB090018ABA3EB2B
S315000001A009011FFA80FB04F580794B1C0288824600
S315000001B0521B1201BA42B8BF3A467245A8BF7246F0
S315000001C0C2F3072C01F8142003F814C00134A1452A
S315000001D000F1020001D0B442E8D1CBF10201514452
S315000001E018A889B202F0DAFE8246A0B308F1010827
S315000001F018F00F0F04D0B4420DD04FEA4409C8E7F7
S315000002004FEA4409434649461E4A224803F058FE2F
S31500000210B442BED105E01B4A434611461D4803F0D1
S315000002204FFE4FF47A71642002F080FB02F020FF4B
S315000002304146194803F044FE50460DF5197DBDE8C8
S31500000240F08F164803F0A4FE4FF0000A50460DF555
S31500000250197DBDE8F08F4146114803F031FE02F0EA
S3150000026007FFF1E70F4803F093FE02F001FFEBE70B
S315000002702A020020E0670000FC6700000C6800000E
S315000002805917B7D1803801001C6800005468000077
S315000002900080FFFFA4680000C86800003C680000FA
S315000002A0886800006C6800000379022B02D10122E5
S315000002B0014B1A70704700BFB43E01202DE9F0478C
S315000002C0B2F1000982B019DD8A460025DFF83C80CC
S315000002D00C4C0D4F01EB09061AF9013B0122384679
S315000002E001A9019300F028FDC8F8000000B100BE86
S315000002F02378002BFCD056452570EDD1484602B038
S31500000300BDE8F087B43E012044430120B83E0120F9
S315000003100379042B06D0022B00D0704701220E4B26
S315000003201A70704740F2FE320C490B8893420FD880
S315000003304FF0000C10B4846809485A1CC45493B298
S3150000034000F803C00B8007485DF8044B01F056BD6A
S31500000350044801F053BD00BFAD3A0120B03A012078
S31500000360B43A01207443012003793BB90123044ABE
S31500000370044912880B700AB1034A1370704700BF14
S31500000380B03A0120AC3A0120AE3A01200122034BDB
S315000003901A7008B102791A70704700BF0400002075
S315000003A00179D9B938B51F4C2378012BDAB216D0AA
S315000003B0022A12D149F63F431B4D2A689A4217D8A2
S315000003C01A4B2A681A4833F8121001F0F1FE194B3D
S315000003D01860D0B92B6801332B6038BD704749F6D9
S315000003E03F431548006898420AD8144B1A7038BD26
S315000003F00F4801F0DDFE0F4B186060B9207038BD64
S3150000040003230E4A1170237038BDAB210C4B0D4AE5
S315000004100D4802F083FAB221094B0A4A0A4802F053
S315000004207DFA00BF28020020200200202C020020B6
S3150000043048440120B83E0120240200201E0200206C
S31500000440F0680000306D0000046900000122014BD5
S315000004501A7070471D0200202DE9F043A749A848ED
S3150000046085B001F01BFAA74D286030B14FF4AC718E
S31500000470A54BA64AA64802F051FA0446012600F00A
S31500000480CBFB00F0C5FA204600F02EFA204600F01D
S3150000049037FA00F0BDFA1023214620469D4A009601
S315000004A000F094FB1023204619469B4A009600F064
S315000004B08DFB102320212046984A009600F086FBEB
S315000004C000F038FA32464FF48671954800F058FF2E
S315000004D04FF47A71084602F029FA9249924800F0E0
S315000004E075FC286030B14FF4B571874B874A884850
S315000004F002F014FA8D4803F04BFD8D498D4801F04A
S31500000500FBFC286078B98B4801F072FC8A4989485F
S3150000051001F096FC286068B140F277117A4B7B4A6D
S315000005207B4802F0FBF940F27111774B774A784825
S3150000053002F0F4F94FF47A71304602F0F7F97F4988
S315000005407F4800F043FC2860A0B97E4C237823B98D
S3150000055002F09CFD00282DD026707B497B4801F0D7
S31500000560C9FD286068B140F29711674B674A684831
S3150000057002F0D4F94FF4BE71634B644A644802F04A
S31500000580CDF9724801F01CFE286030B14FF4CE71EF
S315000005905D4B5E4A5E4802F0C1F96D496D4801F057
S315000005A0ABFC286078B14FF4D371574B574A584883
S315000005B002F0B4F9684803F0EBFC4FF47A71084690
S315000005C002F0B4F9F9E7634801F012FC614801F062
S315000005D01BFC4FF47A71142002F0A8F95F496048B9
S315000005E001F0F6FF286030B140F2AF11464B474AA2
S315000005F0474802F093F95B49594801F0BBFE286071
S3150000060030B14FF4D971404B404A414802F086F967
S31500000610534801F049FE544803F0BAFC534E404F8C
S31500000620534CDFF87481002138460DF10D0200F0BD
S3150000063095FE9DF80D301BB9237803F0FF0933B3FF
S31500000640337843B1002349F63F423370D8F800109F
S31500000650914240F2A3802378032BE4D13D4801F078
S31500000660C1FB2860002840F0BB80D8F80010414844
S3150000067003F026FCFFF74AFD00283BD03E4803F076
S3150000068087FC00233D48237003F082FCCBE74FF440
S315000006907A71142002F04AF9494638460DF10D02E6
S315000006A000F05CFE9DF80D100029C9D1344BC8F846
S315000006B000101960334B344A34483170197003F016
S315000006C0B5FD334803F064FC01232248237001F092
S315000006D095FB2860002840F08A801E4801F088FBC0
S315000006E028600028ACD04FF4EC71074B074A084845
S315000006F002F014F9274803F04BFCC2E70C8800000F
S31500000700C4430120B83E0120F0680000246D0000BB
S3150000071004690000186900002869000030690000BB
S315000007203C4301204887000044430120386900000B
S315000007307C8700007443012040548900D88700005C
S31500000740944301201C020020D08800004844012068
S315000007503C8800000444012048690000AC88000081
S315000007602444012098880000706900001E020020C1
S31500000770280200209C690000C0690000F0690000A2
S31500000780200200201D020020803801002C020020DB
S315000007907C690000D869000024020020DFF8809000
S315000007A01A48ADF80E3089F8003001F07DFD99F851
S315000007B00030002BFBD00B2114480DF10E0201F086
S315000007C079FD2860D0B9D8F80020D8F80030BDF8F7
S315000007D00E100133C8F800300D4B23F812103AE71B
S315000007E04FF4FE710B4B0C4A0C4802F097F840F29E
S315000007F0D511084B084A094802F090F84FF4F871F1
S31500000800044B054A054802F089F800BF244401203C
S315000008102C020020F0680000246D0000046900002E
S315000008201D020020022800D070470249024800F04D
S3150000083081BE00BFE08800003C43012070B5224E17
S3150000084004460D4601223C21204882B000F07CFE81
S31500000850336863BBADF804302DBB012302221B486D
S3150000086001A98DF8054000F01DFF306028BB184D2A
S31500000870184C2A78032A10D0236809E00121642045
S3150000088002F054F823682A78013B032A236004D037
S31500000890002BF3DC012A00D100BE01230E4A2B7087
S315000008A0226002B070BD40238DF80430D5E7662182
S315000008B00A4B0B4A0B4802F031F86F21074B084AE6
S315000008C0084802F02BF800BFB83E0120C4430120BF
S315000008D00400002000000020A0860100F06800004F
S315000008E0506D0000106A000030B1012800D070473A
S315000008F00021A720FFF7A2BF0146A620FFF79EBF53
S3150000090010B5044660B1012800D010BD0021C020FA
S31500000910FFF794FFBDE810400021A120FFF78EBF2E
S315000009200146C820FFF78AFF2146BDE81040A020F7
S31500000930FFF784BF2DE9F0472D4E402334464FF094
S315000009400108A2B02B4D08368DF80430C4F1B0076B
S3150000095038190021C0B2FFF771FF00210846FFF7E2
S315000009606DFF00211020FFF769FF002301AA14F88C
S3150000097033100133802B02F8011FF8D101223C21EC
S31500000980284600F0E1FD01238122284601A900F056
S3150000099089FE38BBDFF87090DFF870A099F8002068
S315000009A0032A14D0DAF800300CE00121642001F0AB
S315000009B0BDFFDAF8003099F80020013B032ACAF897
S315000009C0003004D0002BF0DC012A00D100BE0A4B17
S315000009D00134B44289F80080CAF80030B8D122B098
S315000009E0BDE8F087BE21054B054A064801F096FF93
S315000009F0BC3E0120C4430120A0860100F06800002F
S31500000A00406D0000106A0000040000200000002075
S31500000A1000200A4BA3F1080203F5806143F8080C95
S31500000A2008338B42FAD10021054B02F20C4243F8FF
S31500000A30081C08339A42FAD1FFF77CBFC43E012056
S31500000A40C83E0120012310B50C4C01F0070E04EB43
S31500000A50C00C03FA0EF3C9081CF801C0C000DBB2D3
S31500000A602AB143EA0C0C044404F801C010BD2CEA78
S31500000A70030C044404F801C010BD00BFBC3E0120B5
S31500000A802DE9F04F203A89B0082B9DF84880D4B262
S31500000A904FEA530C00F08A8013F0070218BF0122B8
S31500000AA002EBD30212FB0CF212F0FF0A4AD0434AC1
S31500000AB0434F02EB041909EB0A02DFF80CE103923B
S31500000AC0404A04EB440504EBC40402EB850A07EB39
S31500000AD0450B0EEB840EA3F10802059376464B46B2
S31500000AE0D146DA468346CDE906C00492049A102A16
S31500000AF028D8DFE802F05E2727274F2727274A272F
S31500000B002727272727272A00059A0BF10100082AFD
S31500000B10DDE900312C465FFA80FB03F101030AF19F
S31500000B20010A06F1010609F1010939D0079A06986A
S31500000B30ABEB0205854208BF9346039A08BF2146E0
S31500000B409342D3D109B0BDE8F08F01F108023578A0
S31500000B5002922C46CDE900310D469DF808700AE058
S31500000B60424629465846FFF76DFF691CCDB2BD4285
S31500000B704FEA5404C8D0E307F2D4B8FA88F22946FB
S31500000B8058465209FFF75EFFEFE701F108021D78AC
S31500000B900292DEE701F1080299F800500292D8E7C6
S31500000BA0039A9342CED09AF80050D2E74FF0060A45
S31500000BB07DE701F108020292F5E700BFBC7A00006A
S31500000BC020850000AC800000606D00002DE9F04338
S31500000BD0154612789946A2F1200383B05E2B9DF844
S31500000BE0287015D804460E464FEA590820464B464B
S31500000BF031460097FFF744FF15F8012FB9F1080FAA
S31500000C00A2F120000CBF063444445E28E4B2EDD9BC
S31500000C1003B0BDE8F08300BF08B50021AE20FFF7A2
S31500000C200DFE00210846FFF709FE00211020FFF700
S31500000C3005FE0021B020FFF701FE00218120FFF70D
S31500000C40FDFD00215F20FFF7F9FD00212020FFF7C1
S31500000C50F5FD00210220FFF7F1FD0021A120FFF79D
S31500000C60EDFD0021C020FFF7E9FD0021A420FFF7DC
S31500000C70E5FD0021A620FFF7E1FD0021A820FFF7F2
S31500000C80DDFD00213F20FFF7D9FD0021D320FFF72E
S31500000C90D5FD00210846FFF7D1FD0021D520FFF73D
S31500000CA0CDFD00218020FFF7C9FD0021D920FFF7E7
S31500000CB0C5FD00212220FFF7C1FD0021DA20FFF744
S31500000CC0BDFD00211020FFF7B9FD0021DB20FFF755
S31500000CD0B5FD00213020FFF7B1FD00218D20FFF783
S31500000CE0ADFD00217220FFF7A9FD00200D4BA3F1F9
S31500000CF0080203F5806143F8080C08338B42FAD1E9
S31500000D000021094B02F20C4243F8081C08339A42B0
S31500000D10FAD1FFF70FFEBDE808400021AF20FFF72C
S31500000D208DBD00BFC43E0120C83E012008B5FFF7B7
S31500000D3093FB002008BD00BF10B4046AA37803F03B
S31500000D407B03A3708378046A03F00303D21A0B446F
S31500000D50C0E90332A37843F08003A370837803F0DD
S31500000D600303022B06D0036A0A780020DA705DF8C6
S31500000D70044B70470B88026A43F47E43D3810020FC
S31500000D805DF8044B704700BFF0B5846A85B0054630
S31500000D900F4694466E46B4B194E80F0086E80F00FD
S31500000DA0EB6920461B78A760236084F804C0EB6AD1
S31500000DB0E3606B6A9847AC6A1CB196E80F0084E85A
S31500000DC00F0005B0F0BD3446EAE700BF0122034636
S31500000DD00878824012F0060F05D0CA695268127868
S31500000DE0120700F1CB8100224FF0010C00F58000C4
S31500000DF02DE9F04100F58C500002C3E907101A7086
S31500000E004D6998785D628D696CF30100C3E90A2526
S31500000E1098704878D44C904214BF6546022598785D
S31500000E2065F30100987091F90B5091F80AE0680992
S31500000E3005F01F0620300CFA06F644F82060BFF3D2
S31500000E404F8FBFF36F8FC94805F1C00650F8267063
S31500000E5062F3104740F8267050F82660C44E4FEAF9
S31500000E600E1E67195FFA8EFE87F800E346F82530F6
S31500000E7091F9055091F804E06F0905F01F08203735
S31500000E800CFA08F844F82780BFF34F8FBFF36F8F33
S31500000E9005F1C00750F8278062F3104840F8278014
S31500000EA050F827704FEA0E1E67195FFA8EFE87F814
S31500000EB000E346F8253091F9075091F806E06F09EE
S31500000EC005F01F0820370CFA08F844F82780BFF30E
S31500000ED04F8FBFF36F8F05F1C00750F8278062F37D
S31500000EE0104840F8278050F827704FEA0E1E671901
S31500000EF05FFA8EFE87F800E346F8253091F909502F
S31500000F0091F808E06F0905F01F0820370CFA08F879
S31500000F1044F82780BFF34F8FBFF36F8F05F1C007EB
S31500000F2050F8278062F3104840F8278050F82700D1
S31500000F304FEA0E10C0B22C4484F8000346F8253060
S31500000F40EFF310868CF310884FF000450C78894833
S31500000F50E540446824EA05044460406886F3108846
S31500000F60186A8270186A0271186A4272186A827266
S31500000F70186AC272186A428340F2192208780CFA7B
S31500000F8000FC1CEA020F02D040201A6AD074062523
S31500000F90012240F219201C6A25770C78A2400242F1
S31500000FA040F0CA80CA7848788C78D200032842EA92
S31500000FB0041200F0D58000280CBFE220F2201C6A43
S31500000FC0D2B222701A6A9071CC69227B082A00F08C
S31500000FD0C380186A520002F002024273002562784A
S31500000FE0A078D201400100F02000D2B20243186A74
S31500000FF00572207802380128186A40F2A280D2B21F
S31500001000C27160681A6A847854704578147865F3FA
S3150000101001041470C4789474D479007804F0A3049D
S3150000102000F05C002043D0710020C3E90300C3E94F
S315000010300500DC694D4A94F90540CD6904F1C0010B
S3150000104052F8216095F800C060F3104642F821601E
S315000010500CF0030C52F82110BFF35F8F4FF0010E16
S315000010606109890004F01F0401F1604101F5614145
S315000010700EFA04F4C1F880410C60D96991F90B406D
S3150000108004F1C00152F8216060F3104642F8216075
S3150000109052F82110BFF35F8F6109890004F01F0425
S315000010A001F160410EFA04F401F56141C1F8804195
S315000010B00C60D96991F9074004F1C00152F821602A
S315000010C060F3104642F8216052F82110BFF35F8F9B
S315000010D06109890004F01F0401F160410EFA04F46D
S315000010E001F56141C1F880410C60D96991F9091097
S315000010F001F1C00452F8246060F3104642F82460FF
S3150000110052F82420BFF35F8F4A09920001F01F01B5
S3150000111002F160420EFA01F102F56142C2F8801155
S3150000112011601A6A4CF0700C82F802C06989124A82
S3150000113019815A60BDE8F0814FF478401A6A9082AE
S3150000114030E7FF2545702078022808BF42F01002DC
S31500001150186AD2B2C27167E70A201A6A50733DE76D
S31500001160F22042F040022AE700E100E00060004081
S3150000117094440120004008405549435303207047DA
S31500001180EFF30383103B1F4A5BB203F1C00152F831
S31500001190210020F4803042F8210052F821201A4A1A
S315000011A052F82300C3691B6983B1036903B1704711
S315000011B0026A0021937803F07F0343F004039370DF
S315000011C0436AC160C3B18022FFF7DEBD0369026ACC
S315000011D0002BEED08378C16803F00303022B0CD0FA
S315000011E00B78D3708278D0E9031302F003029B1ABE
S315000011F01144C0E90313D9E770470B8843F47E43D3
S31500001200D381EFE7006000409444012010B582B01E
S31500001210EFF30383103B1F4A5BB203F1C00152F8A0
S31500001220210020F4803042F8210052F821201A4A89
S3150000123052F82340A27802F00303022B236A0CBF64
S31500001240198A5979A3690CBFC1F30801C9B2019182
S3150000125043B9636AB3B10422204602B0BDE8104028
S31500001260FFF792BD02F0030201A9606903F05DF881
S31500001270D4E90521A37803F003031A44C91AC4E983
S31500001280052109B102B010BD636A002BFAD0012214
S31500001290E2E700BF006000409444012010B5EFF380
S315000012A003830E4A103B5CB252F82400026A93781C
S315000012B003F07B039370436A1BB102220021FFF700
S315000012C063FD074A04F1C00352F8231021F480316C
S315000012D042F8231052F8233010BD00BF9444012079
S315000012E00060004010B5EFF303831A4A103B5CB26E
S315000012F052F82400837803F00303022B036A0CBF21
S31500001300198A597993F804C00CBFC1F30801C9B210
S315000013101CF0100F0CF0380206D093F81CC01CF01D
S31500001320010F08BF42F0400293F804C00CF0C70C4E
S3150000133083F804C0436A0BB1FFF726FD064A04F1A1
S31500001340C00352F8231021F4803142F8231052F8DA
S31500001350233010BD944401200060004010B40B0AF5
S31500001360064C1B0153FA81F154F821300020C3F3D7
S3150000137040035DF8044B1370704700BF0008084037
S315000013800120CBB2984080B202B900040B0A5B017F
S3150000139003F1804303F5002398600020704700BFE7
S315000013A02DE9F84F0388DBB182464FF0000B4FF072
S315000013B00109DFF8D0800024304D4FEACB07DAF878
S315000013C0043035F8022BD919898891420AD00134A4
S315000013D0032CF4D1BAF800300BF1010B5B45EAD8C7
S315000013E0BDE8F88FDB5909FA04F603F0B853B3F1F8
S315000013F0807FF6B298F8BB3413D0334231D1204AFD
S3150000140004F1200612F81630DB09E0D012F8163087
S31500001410012123F08003C82002F8163001F086FA75
S31500001420D5E7334211D0164A04F1200112F81130E3
S31500001430DB09CCD112F81130C82043F0800302F842
S315000014401130012101F072FAC1E7012001F034FBED
S3150000145098F8BB340120334388F8BB3401F0FCFA1A
S31500001460E1E7012001F028FB98F8BB34012023EACC
S31500001470060388F8BB3401F0EFFAC0E76C89000078
S315000014800030084000E00140F8B50646FFF788FF47
S31500001490EFF31082012383F31088234F3B681BB9B7
S315000014A02249CB704023CB703B6801333B6082F30B
S315000014B01088338823B300211D4D08E01B01134417
S315000014C045F82340328801318BB29A4218D97368A5
S315000014D053F8314003EBC1029288E0034FEA12232E
S315000014E0D2B2EBD502EB031055F820E024F4803C91
S315000014F02EF4803E45F820E01B0145F820C0DEE7CB
S31500001500EFF31082012383F310883B6813B13B6825
S31500001510013B3B603B681BB980200449CB70C87017
S3150000152082F31088F8BD00BF90440120000D0840EA
S315000015300008084008B5034B03600846FFF7A4FF00
S31500001540002008BD54524F500346002059601A72BD
S31500001550704700BF30B5836B83B004460A466D46BC
S31500001560A3B193E8030085E80300E16B1A711960E3
S315000015701846636B9847A36B1BB195E8030083E895
S315000015800300002384F82B3003B030BD2B46ECE774
S3150000159030B5424B83B01B6A01690193019B03F08E
S315000015A00F230193019A019D0B7C90F82C4094B96E
S315000015B0C2F30322DBB2A2EB156293409B0804D16F
S315000015C0082003B030BD013BFAD04A78D209FAD1DF
S315000015D0B323CB710169002390F82620846980F833
S315000015E02720026880F82B30C46180F82D3080F8FF
S315000015F0283080F82E30036280F82F3080F83030A3
S31500001600546A227894F801E0012A14BF4FF0040CC2
S315000016104FF0050C6279120142EA4E0294F806E098
S3150000162042EACE124CEA0202D2B2CA7001690A79C3
S3150000163042F010020A7101690A7963F3C3020A7162
S3150000164001690A7963F304120A710269E17913796F
S3150000165061F3C71313710269537943F001035371A0
S31500001660036893F90F30002B07DB012203F01F04F8
S315000016700B495B09A24041F82320BF220369DA71B6
S3150000168090F82C302BB1002380F82C30002003B0CA
S3150000169030BD022203695A70F8E700BF00E001403E
S315000016A000E100E090F808C0C0E90512BCF1010FA6
S315000016B080F82A3008D10022436880F826C05B00F3
S315000016C080F8243080F82520002380F82930FFF7A1
S315000016D05FBF00BF2DE9F0434FF01F085F27DF26ED
S315000016E00569DFF8B49185F8008005694FF0000CB4
S315000016F02F7005694FF0B30E2E700568634A6E6A47
S3150000170005693679624C46F0E0062E740568614B31
S315000017106E6A0569F67846F0E0066E7405686E6ACC
S315000017200569B678360106F0700646F00806AE7012
S3150000173005686E6A05693778012F777814BF042625
S31500001740052646EA4706F6B2EE7005686E68056934
S315000017504E4514BF7726F7266E71056985F806C0D3
S31500001760056985F807E04E7B91F911503601571946
S31500001770F6B287F8006344F8250005F1C00653F871
S3150000178026706CF3104743F8267053F82660BFF3B3
S315000017905F8F4FF0010E6E09B60005EA080506F1E7
S315000017A0604606F561460EFA05F5C6F880513560C5
S315000017B04E7B91F90F5036015719F6B287F8006340
S315000017C044F8250005F1C00653F826706CF310475F
S315000017D043F8267053F82660BFF35F8F6E09B60094
S315000017E005EA080506F160460EFA05F506F56146B6
S315000017F0C6F8805135604E7B91F910503601571965
S31500001800F6B287F8006344F8250005F1C00653F8E0
S3150000181026706CF3104743F8267053F82660BFF322
S315000018205F8F6E09B60005EA080506F160460EFAF6
S3150000183005F506F56146C6F8805135604D7B91F990
S315000018400E102D010A44EDB282F8005344F821002F
S3150000185001F1C00253F822406CF3104443F82240D1
S3150000186053F82230BFF35F8F4B099B0001EA080152
S3150000187003F160430EFA01F103F56143C3F88011E9
S3150000188019609F2203691A70BDE8F08300E100E049
S31500001890944401200060004040420F0070B50025CE
S315000018A00A78016002F5800202F51F6212020261E7
S315000018B08A6842600A7B0272CA6942630A6AC0E9A0
S315000018C00E52EFF3108C012282F310880B78C3F1CD
S315000018D009039A400C4B5E6826EA02025A605B686E
S315000018E08CF31088FFF7F6FEC0E90755074B80F822
S315000018F02950456180F82A50856180F82B50C360D5
S3150000190080F82C50284670BD004008404349495293
S3150000191010B582B0EFF30383103B5F4A5BB2C0336E
S3150000192052F8231021F4803142F8231052F8233064
S31500001930EFF30383594A103B5BB252F8234094F805
S315000019402D305BBBA369022B22D9E369012B0ED193
S315000019502269137943F0100313712269137943F056
S31500001960080313712269137923F010031371236896
S315000019705B6ADB79002B3ED101222369DB7CDBB27B
S315000019808DF807309DF8073084F82D2002B010BD81
S315000019902269137943F040031371D6E7E369002BFC
S315000019A0F4D02268526AD279FAB9032B17D0022BE7
S315000019B026D0012B34D02269236AD17C6269D154A6
S315000019C0D4E907320132013BC4E90732002BDDD1ED
S315000019D021690A7963F386120A7102B010BD226981
S315000019E0137943F040031371E5E705212046FFF71D
S315000019F0B1FDE369D9E705212046FFF7ABFDBBE75B
S31500001A002269137943F0100313712269137943F0A5
S31500001A10080313712269137923F010031371CAE7BF
S31500001A2094F82A2072B322681D4892F90F205109B2
S31500001A3002F01F0203FA02F2203140F82120BFF320
S31500001A404F8FBFF36F8F04202169CA7942F080025D
S31500001A50CA7121690A7942F010020A7121690A796C
S31500001A6022F008020A7121690A7922F010020A712D
S31500001A702269507021694A7922F001024A7184F87C
S31500001A802C3098E708212269537A03F0F703537242
S31500001A90236959708FE700BF00600040944401201D
S31500001AA000E100E010B5EFF30383103B424A5BB25E
S31500001AB0C03352F8231021F4803142F8231052F833
S31500001AC02330EFF303833D4A103B5BB252F82340C9
S31500001AD094F82730002B3FD194F82930002B3AD1C7
S31500001AE023685B6ADB792BB194F82B3013B9236A30
S31500001AF0002B5BD1E3692169002B40D1CB79C02251
S31500001B0023F08003CB71216901E0013A02D0CB7941
S31500001B10DB09FAD12368284A93F91030C03352F80A
S31500001B20231021F4803142F8231052F82330236821
S31500001B3093F91030002B09DB01215A09204803F0E4
S31500001B401F03603201FA03F340F822302269D37989
S31500001B5043F04003D37110BD94F82630032B1CD0FC
S31500001B6094F8242023699A7494F8282094F827304E
S31500001B700132013B84F8282084F8273010BD236AFF
S31500001B806269D35C8B74D4E907320132013BC4E944
S31500001B900732002BDFD12169B0E794F82830022BF9
S31500001BA0DED194F83030002BDAD110BD0521204665
S31500001BB0FFF7D0FC9EE700BF006000409444012080
S31500001BC000E100E038B5EFF30383334A103B5BB224
S31500001BD052F8234023685B6ADB79002B48D194F8DE
S31500001BE029301BB194F82730012B4FD0E369DBB1C4
S31500001BF02169C023CA7922F04002CA71216901E035
S31500001C00013B02D0CA795206FAD4EFF30383103BA4
S31500001C10224A5BB2C03352F8231021F4803142F8D5
S31500001C20231052F8233038BD94F82A202AB3012015
S31500001C3022681B4D92F90F20510902F01F02203134
S31500001C4000FA02F245F82120BFF34F8FBFF36F8FE2
S31500001C502169CA7942F08002CA7104212269517051
S31500001C6021694A7963F300024A7184F82C00BFE7C0
S31500001C7005212046FFF76EFCB1E708212269537A59
S31500001C8003F0F703537223695970B1E794F83030C3
S31500001C90002BADD0AAE700BF9444012000600040AD
S31500001CA000E100E038B5EFF303834C4A103B5BB22A
S31500001CB052F823000269537A517ADC0601F0E001FA
S31500001CC051725FFA83FC03F003022BD5036959783E
S31500001CD0490647D40024012580F82B50DC710168A1
S31500001CE0FFF7F8FCB32290F8263080F82C4080F8F5
S31500001CF02830C46180F82A40036984692946046251
S31500001D00DA71FFF727FCEFF30383103B344A5BB22B
S31500001D10C03352F8231021F4803142F8231052F8D0
S31500001D20233038BD002A56D11CF0080F0ED090F88B
S31500001D302B30002B3ED1B32290F829100369C1F154
S31500001D400301C9B2DA71FFF705FCDCE790F82C2035
S31500001D500CF004032AB3002BD5D090F82B30002BBF
S31500001D6037D1E8E7002AB5D15A78C2F38011520676
S31500001D70DAD5082280F82B105A70036801695A6A6E
S31500001D8094791378527943EAC41343EA021343F071
S31500001D900203DBB2CB700269537943F0010353713E
S31500001DA0B1E7002BAFD003685B6ADB79002BAAD0C2
S31500001DB00421C8E70023B32190F8265084690269FC
S31500001DC080F82C3080F828500462C36180F82A30ED
S31500001DD0D1710121B7E703697CE700BF9444012074
S31500001DE00060004003460020D3E902239360704759
S31500001DF003460020D3E902235360704703460020C0
S31500001E00D3E90223D3607047034670B45A689E68CC
S31500001E10D2690020D2E9011444F00045D468756106
S31500001E209D6844F00044AC619C6841F0004121612A
S31500001E30146999684C629B6852699A6270BC7047D3
S31500001E408368013999668368DA6AD20703D45966CA
S31500001E50D0E90232DA600020704700BF70B58369AE
S31500001E6084B004468C46164601AD9BB193E8070044
S31500001E7085E8070083F804C09E60E26918461A6088
S31500001E8063699847A3691BB195E8070083E80700D3
S31500001E9004B070BD2B46EDE7002800DA704710B499
S31500001EA000F160430901124CC9B203F5614383F89E
S31500001EB00013104B44F8202000F1C00253F8221002
S31500001EC021F4803143F8221053F82230BFF35F8F9C
S31500001ED0012243099B0000F01F0003F1604303F554
S31500001EE061438240C3F880211A605DF8044B704755
S31500001EF094440120006000404FF0010CF8B5002624
S31500001F000B46097C43600CFA01F111F00F0FC1601A
S31500001F100CBF614631460174197C4C4A04460A449A
S31500001F20120282605A6942619A69C0E90662DD69F5
S31500001F30EFF310878CF310884FF00040197C444A69
S31500001F40C840116921EA00011161126987F31088FE
S31500001F504FF42541A2681160A268D662A268D663D2
S31500001F60A26896641878002603284FF00040197A74
S31500001F70A7684FEAC15108BF41F480315A68F96237
S31500001F80A168013A0861A1684861A1688861A168F1
S31500001F904E62A1688E62A168A869C861A168E869F5
S31500001FA00862A1688A66A1684A666268A86BD269F7
S31500001FB092F83010CE0705D5916AA6680139F1640A
S31500001FC092F83010890703D5D26AA168013A0A65EA
S31500001FD00022A1688A63A168C1F88820AA6B3AB971
S31500001FE095F8212095F82010520742EA4132104315
S31500001FF095F830200326002A14BF4FF4A0074FF4AB
S31500002000AA070121A2681764A2685063A268166332
S31500002010A2681163D4E90221D160597C93F91200B8
S315000020202246FFF739FF224695F8221095F924003B
S31500002030FFF732FF95F92500224695F82310FFF7A2
S315000020402BFF044B00202360F8BD00BF9016400014
S315000020500040084054504700F0B5EFF30382103AB1
S31500002060214C51B201F1C00C54F82C3023F48033CA
S3150000207044F82C308B0003F1804303F5C043D3F8BA
S3150000208000031A4850F82100456895F800E0BEF1B3
S31500002090010F08D043692BB1BDE8F040002211467C
S315000020A0FFF7DCBEF0BD0025D0E90267B7608668A1
S315000020B002F0FF02B5648668F5648668356554F8F3
S315000020C02C6065F3104644F82C60D3F80033BFF358
S315000020D05F8F074C4B0902F01F020EFA02F26033C3
S315000020E044F82320D6E700BF006000409444012056
S315000020F000E100E030B42B4A0346C2600A7802F0E1
S31500002100010242700A785208EFF3108C012080F326
S315000021101088254CC2F11402E56800FA02F225EA9D
S315000021200202E260E2688CF31088EFF3108480F319
S315000021301088587800282FD1DD682A7960F3861236
S315000021402A7184F310884868DC68C278D201D2B25A
S315000021506271DA689279B2B94A78A2B1EFF3108C5B
S31500002160012585F31088104AD46824F48034D4609D
S31500002170D2688CF310888024DA6802F5805282F8DF
S31500002180C050DA6894714078084A187209785A6023
S315000021901970002030BC7047D868027922F080029E
S315000021A00271CEE70010174000400840004341444A
S315000021B00346DA685B78002022F81310704700BFE8
S315000021C038B5037A0446002B3ED00021C368427816
S315000021D033F8125023F81210ADB2EFF3108001233A
S315000021E083F310886278002A43D0E268137961F39A
S315000021F0C7131371E268137F43F080031377E26815
S31500002200137A43F080031372E268137943F0800374
S31500002210137180F310880121042000F087FBEFF38F
S315000022201081012383F310886278002A36D1E06892
S31500002230037F62F38613037781F31088E36862787D
S31500002240002023F8125038BDEFF31083012282F3E9
S3150000225010884278C1683AB10A7942F080020A7160
S3150000226083F31088002038BD0A7942F040020A71D3
S31500002270F6E7E1680B7962F386130B71E268137F68
S3150000228043F040031377E268137A43F04003137276
S31500002290E268137943F040031371BAE7E268137FEB
S315000022A023F080031377C7E703461A689B8A00204A
S315000022B01380704703461B68103133F81130002035
S315000022C013807047F0B5C769054689B017B3BE4697
S315000022D06C468C46BEE80F003E460FC49EE80F00D3
S315000022E084E80F00BCE80F000FC69CE80F008EE8DC
S315000022F00F00AB6938469847EB694BB19C46EE46F2
S31500002300BEE80F00ACE80F009EE80F008CE80F0057
S3150000231009B0F0BD0F46ECE710B5024688B0EFF302
S3150000232003831249103B5BB251F82300EFF303839A
S31500002330103B0F495BB2C03351F8234024F480347C
S3150000234041F8234051F82330002143688DF80220DC
S315000023501C88026A8369ADF8004001928DF8081066
S3150000236013B16946FFF7AEFF08B010BD94440120D3
S31500002370006000402DE9F047D1E9018E764B41F22D
S31500002380360C1A68034608685F681C681FFA80F9ED
S315000023907F69A4F804901C681FFA88F9A4F81490C1
S315000023A01C681FFA8EF9A4F808901C6820F0C0403B
S315000023B04FEA1049A4F806901C6828F0C0484FEA76
S315000023C01848A4F816801C682EF0C04E4FEA1E4E20
S315000023D0624EA4F80AE0366A614DC6F3026802FA54
S315000023E008F2C6F3021E22FA0EF2A5FB0252920969
S315000023F00CFB02F2DFF878A1AAFB0242D1E9004504
S31500002400920C0132072A45EA040538BF072215F067
S31500002410005420D0EFF3108C012484F31088514C23
S31500002420E66826F48006E660E4688CF31088902659
S315000024304D4C26701C68D6B284F8DE600C688E6837
S3150000244014F0005F0CBF4FF480644FF48074B60044
S3150000245048BF44F001046E000FD51D68D2B285F85E
S31500002460DF200A6855008A684CBF44F4007444F4BF
S315000024700064520048BF44F002041A68A4B25482B1
S31500002480CA68002A66D0148926052ED42546AD05CD
S315000024900DD5D67C957C35431E6886F8A6501D68FA
S315000024A0D689A5F8A860158A1A68A2F8AA501A68EB
S315000024B0A2F890401A680C8AA2F880403A796AB16C
S315000024C0B0FA80F01C68228892B222F01F021F32F6
S315000024D0121A92B22280988A02439A82234A0020D4
S315000024E0DA600A681A61BDE8F0871D68A5F89040B1
S315000024F01D685689A5F89C601D689689A5F89E609A
S3150000250015681E681FFA85FCA6F894C04FEA154C9C
S315000025101E682CF4C04C1FFA8CFCA6F896C01E68E8
S31500002520C5F3417586F8925055681E681FFA85FCFA
S31500002530A6F898C04FEA154C1E682CF4C04C1FFA3A
S315000025408CFCA6F89AC01E68C5F3417586F89350B0
S3150000255015899CE71446AAE7DC44012000E0014007
S31500002560D34D62100040084000300F4043444152B2
S3150000257083DE1B4310B400F1604C134C0901134B6E
S31500002580C9B20CF5614C8CF8001300F1C00144F897
S31500002590202053F8212022F4803243F8212053F8DA
S315000025A02130BFF35F8F012243099B0000F01F001B
S315000025B003F1604303F561438240C3F880211A604A
S315000025C05DF8044B704700BF944401200060004052
S315000025D000222DE9F8434E694160CB6804468361C9
S315000025E00B690D46C0E907230B885B0203F18043A4
S315000025F003F5B813036048698B7882785B03002A79
S315000026006BD143F450710379002B6CD189B2A1824E
S315000026108278C77812022B7907F03F0702F47C52C2
S315000026203A43EF78DB0343EA4703477890F800E044
S3150000263043EA4713EFF310894FF0010C8CF310882F
S31500002640B5F800802D4FC8F110080CFA08FCD7F831
S315000026500C8028EA0C0CC7F80CC0FF6889F31088B8
S3150000266047F6FF573940276892B2398021689BB2F6
S315000026700A822268D381236883F80CE08379226872
S31500002680A3F10103B3FA83F35B0982F8D03095F91D
S315000026900600002803DB2246697AFFF76BFF95F9EF
S315000026A00700002803DB2246A97AFFF763FF96F9A5
S315000026B00700002803DB2246717AFFF75BFF96F9D5
S315000026C00800002803DB2246B17AFFF753FF0020FB
S315000026D00B4B2061A360BDE8F8833F2A077943F4DA
S315000026E0107108D117B141F080018FE743F4024120
S315000026F041F040018AE7002F88D0F4E70040084007
S31500002700434441520020FFF707BE00BF064B07496E
S3150000271093F826001A6A51F82030C2F3026204497F
S31500002720D3400B60704700BF00E00140E00100208D
S31500002730DC440120704700BFF8B54AF2035001237C
S315000027403F49404AA1F8FE03A2F80431B2F8043129
S315000027509BB2002BFAD14FF0010C4FF4004120251B
S315000027600920394C394F3A4E67603A4F344BE7608F
S31500002770A2F800C1384A2660A1602161626193F81F
S315000027802620196A54F82220344EC1F30261CA4049
S31500002790326083F8135483F8A20093F880241AB9A0
S315000027A093F88134990746D0254D95F88034002B4F
S315000027B036D00022224B83F8812483F8802400231C
S315000027C01F4981F8323091F83C301A07FBD543F6A1
S315000027D0013000231A4A088581F82A3092F83C30E5
S315000027E09B06FBD5012005231649F12581F81C011E
S315000027F01B49116282F8263092F82630106A54F886
S315000028002310C0F30260C14031600024F0204FF471
S315000028102541144B1D731C721873A2F8FE13F8BDE4
S315000028200121C82085F8801400F080F895F88034DE
S31500002830012BFBD1BDE74FF47A70FFF77BFFBEE7B4
S3150000284000E0014000C00140E001002000127A00D3
S31500002850002D3101001BB7000095BA0ADC440120A7
S31500002860211202210020004038B50025284C012104
S31500002870C82084F8285000F059F884F8245094F8B9
S315000028802430002BFBD194F82430214943F0020375
S3150000289084F8243091F82430C3F340009B07F9D420
S315000028A01B4A81F8220092F8223003F0FF00002B29
S315000028B0F9D192F84030164960F3C71382F84030D8
S315000028C091F84030DB09FBD191F84200104A63F3DE
S315000028D0C71081F8420092F84230DB09FBD192F82A
S315000028E044000B4963F3C71082F8440091F8443062
S315000028F0C3F3C014DB09F9D1012000F0DDF8054B64
S31500002900012083F8BB44BDE8384000F0A5B800BFFD
S315000029100030084000E00140704700BF00BEFEE7FF
S31500002920A0F101000028FBD1704700BF4FF47A7375
S3150000293010B400FB01F1114C114A2468B2FBF4F209
S31500002940A1FB03043CB9B0FBF2F0800860B15DF86E
S31500002950044BFFF7E5BF9200B1FBF2F1A1FB0313B5
S315000029602BB908460028F2D15DF8044B70474FF0AA
S31500002970FF3C5DF8044B6046FFF7D2BFDC44012004
S3150000298000CA9A3B70B500240B4B0C4EB3F82021BD
S31500002990B3F84051ADB2154025FA04F3DB0704D570
S315000029A056F82430E0B203B1984701340E2CF3D127
S315000029B0014BA3F8305170BD00600040584401201F
S315000029C070B5032084B000F077F800266FF0FF01A1
S315000029D04FF0FF301C4C1D4B224699644FF0010E00
S315000029E03346CDE9010004F11E05039032F8021FBB
S315000029F00EFA03FC013311B1012620EA0C00AA42AB
S31500002A00F4D1F6B10190124B104A1067C3F8800258
S31500002A10029903205167C3F8841203999167C3F89A
S31500002A20881200F019F800230A4834F8022F03F13F
S31500002A30C00101330AB140F82120A542F5D104B006
S31500002A4070BD4FF0FF30DEE74A890000008000408D
S31500002A5000E100E000600040EFF31081012383F302
S31500002A601088124B33F8102092B22AB133F8102096
S31500002A70013A92B223F8102033F810309BB293B982
S31500002A8010B40B4A0B4CB2F8FE3334F810009BB26C
S31500002A9043F4254323EA0003A2F8FE3381F31088AA
S31500002AA05DF8044B704781F310887047D0440120CD
S31500002AB000E001407489000030B4EFF31081012377
S31500002AC083F310880E4A32F810309BB26BB90D4C66
S31500002AD00D4DB4F8FE3335F810C09BB243EA0C0333
S31500002AE043F425439BB2A4F8FE3332F81030013389
S31500002AF09BB222F8103081F3108830BC704700BFBB
S31500002B00D044012000E001407489000008B50C4A59
S31500002B100346106840B103330A4923F00303034414
S31500002B208B4205D8136008BD074908461160F2E7D5
S31500002B3001F0E4FB0C2203461A604FF0FF3008BD9B
S31500002B40D8440120306801203048012000BE70477B
S31500002B5008B500F003F8FEF7E9F8FEE74FF4700257
S31500002B6070B52B4B2B4CC3F8882000209C60FDF7DA
S31500002B7059FEFFF7E1FD0120FDF754FE2368A3F59A
S31500002B80005383F30A882448244A0021121A01F0CC
S31500002B904DFB2348234A2449121A01F0C6FB234D54
S31500002BA0234B5B1B002B07DD00249E1055F8043BCE
S31500002BB001349847A642F9DCFFF7A8FDFFF754FE5B
S31500002BC00320FFF779FF4FF6FF720024194B03200D
S31500002BD01A825A829A82DA821A835A839A83DA830B
S31500002BE0FFF73AFF0320FFF767FF134B03205C60F4
S31500002BF09C60DC601C61FFF72FFF0220FDF712FED0
S31500002C00FFF7DEFE2046BDE87040FFF785BE00BF39
S31500002C1000ED00E000000000000200202C4801202A
S31500002C2000000020E0010020E08C0000D801002018
S31500002C30DC010020000D084000000E402DE9F047A1
S31500002C40B2B306460F4690460025234CDFF8A09007
S31500002C50DFF8A0A03EB196F9003023B131462046F8
S31500002C6001F0ECFAA0BB3FB197F9003023B1394629
S31500002C70204601F0E3FA58BB4946204601F0DEFA49
S31500002C80E8B95146204601F0D9FAC0B920461349A1
S31500002C9001F0D4FA98B92046114901F0CFFA70B97B
S31500002CA04FF47A7101200135FFF740FEA845D1D1D6
S31500002CB00C4B094A19880C4801F002F905E0094B4A
S31500002CC0054A1988094801F0FBF80020BDE8F0879D
S31500002CD00120BDE8F08700BFB43A0120646A000015
S31500002CE06C6A0000B03A0120A06A0000806A000009
S31500002CF0546A00005C6A000000284CD02DE9F047B9
S31500002D00002405469946254B0F461C80244B214638
S31500002D10904624484FF480621C7001F087FA2846DA
S31500002D2001F010FB83B20BB9002023E0DFF888A086
S31500002D301A4629461C488AF80040FDF7FDFF28BBC5
S31500002D409AF8003040F6B83413B10AE0013C13D0CB
S31500002D504FF47A710120FFF7E9FD9AF80060002E22
S31500002D60F4D000234A46414638468AF80030FFF739
S31500002D7065FF30B1BDE8F0870C4801F009F9002085
S31500002D80F8E729460A4801F09BF8CDE701460948CD
S31500002D9001F096F8C8E70020704700BFB03A01205E
S31500002DA0AE3A0120B43A012094430120406A000063
S31500002DB0C46A0000206A0000AD3A012000232DE914
S31500002DC0F04180462F4C82B04FF480620D462E486B
S31500002DD019462380019301F029FA404601F0B2FA20
S31500002DE0414602462948FDF7A7FF0446404601F042
S31500002DF0A9FA0146264801F063F8002C3CD1019B54
S31500002E00244AAB4214702BD2234E1F4C234F14E09E
S31500002E103946204601F012FA2149F0B9204601F060
S31500002E200DFAD0B94FF47A710120FFF77FFD019BAF
S31500002E3001330193019BAB4212D23146204601F089
S31500002E40FDF90028E4D0174801F0A2F8019B012003
S31500002E50AB4209D202B0BDE8F081134801F098F800
S31500002E60019B0020AB42F5D34146104801F028F8FB
S31500002E70002002B0BDE8F08141460D4801F020F87F
S31500002E80F6E700BFB03A0120B43A0120944301208E
S31500002E90DC6A0000AE3A0120046B0000546A0000B0
S31500002EA05C6A0000086B0000286B0000446B0000A1
S31500002EB0E46A000038B50F4C0F4D104B2A462046E9
S31500002EC00F4901F0A1F821460E4800F0F9FF294606
S31500002ED00D4800F0F5FF43F698212046FFF76EFFF8
S31500002EE0034620461C464FF40072002101F09EF96D
S31500002EF0204638BDE0440120C86B0000BC6B0000D2
S31500002F00CC6B00009C6B0000E46B0000002834D002
S31500002F1030B590F900300446A3B013B9002023B0B1
S31500002F2030BD4FF4FA63164A0D4616481649FFF7A8
S31500002F30E3FE4FF4FA63002213491448FFF7DCFE60
S31500002F400028EBD04FF4FA6300220F491048FFF730
S31500002F50D3FE0028E2D0234680210E4A02A800951F
S31500002F6001F01EF801387E28D8D843F698230A4A7D
S31500002F70054902A8FFF7C0FED1E70020704700BF51
S31500002F80046C00000C6C0000046B00001C6C00005C
S31500002F902C6C00003C6C0000586C0000002849D0E6
S31500002FA0F0B50C4689B0002939D040F2B4539942A5
S31500002FB032D80B46234A20210546684600F0F0FF2A
S31500002FC040F6B833002268461F49FFF795FE30B336
S31500002FD000271E491E4B4FF480620F801D4839465C
S31500002FE01D4E1F7001F022F9224629461B483770F4
S31500002FF0FDF7A2FE00BB337841F2883493B94FF453
S315000030007A710120FFF792FC33785BB9013CF6D167
S31500003010134800F0BDFF02E0124800F051FF002007
S3150000302009B0F0BD00214FF4FA520F483170FFF796
S3150000303005FEF5E70020704701460C4800F040FF0A
S31500003040EDE700BF886C0000986C0000B03A0120E4
S31500003050AE3A0120B43A0120AD3A01209443012052
S31500003060406A00006C6C00009C6C0000206A000046
S3150000307040F6B833024A03490348FFF73DBE00BF96
S31500003080046C0000046B00000C6C000010B51948BD
S3150000309000F07EFF184C194B0FCB07C4184823804D
S315000030A000F076FFA4F10C01164800F009FF42F289
S315000030B01071A4F10C00FFF781FE0346A4F10C0089
S315000030C01C464FF40072002101F0B0F874B1FFF70E
S315000030D0F1FE044620B10C4800F05AFF204610BD10
S315000030E00A4800F055FF0024204610BD084800F0AD
S315000030F04FFFF8E7A46C0000E0440120706B00006D
S31500003100806B00009C6B0000086D0000E86C0000FE
S31500003110C86C000081F0004102E000BF83F000436C
S3150000312030B54FEA41044FEA430594EA050F08BF5C
S3150000313090EA020F1FBF54EA000C55EA020C7FEA20
S31500003140645C7FEA655C00F0E2804FEA5454D4EB9D
S315000031505555B8BF6D420CDD2C4480EA020281EA67
S31500003160030382EA000083EA010180EA020281EA9F
S315000031700303362D88BF30BD11F0004F4FEA0131F1
S315000031804FF4801C4CEA113102D0404261EB410100
S3150000319013F0004F4FEA03334CEA133302D0524286
S315000031A063EB430394EA050F00F0A780A4F1010442
S315000031B0D5F1200E0DDB02FA0EFC22FA05F280187C
S315000031C041F1000103FA0EF2801843FA05F3594162
S315000031D00EE0A5F120050EF1200E012A03FA0EFCE1
S315000031E028BF4CF0020C43FA05F3C01851EBE3710B
S315000031F001F0004507D54FF0000EDCF1000C7EEB28
S3150000320000006EEB0101B1F5801F1BD3B1F5001F65
S315000032100CD349085FEA30004FEA3C0C04F1010484
S315000032204FEA445212F5800F80F09A80BCF1004FAD
S3150000323008BF5FEA500C50F1000041EB045141EA2F
S31500003240050130BD5FEA4C0C404141EB0101013CF8
S3150000325028BFB1F5801FE9D291F0000F04BF0146E7
S315000032600020B1FA81F308BF2033A3F10B03B3F1B9
S3150000327020020CDA0C3208DD02F1140CC2F10C0249
S3150000328001FA0CF021FA02F10CE002F11402D8BFA7
S31500003290C2F1200C01FA02F120FA0CFCDCBF41EA73
S315000032A00C019040E41AA2BF01EB0451294330BD42
S315000032B06FEA04041F3C1CDA0C340EDC04F114041F
S315000032C0C4F1200220FA04F001FA02F340EA0300F6
S315000032D021FA04F345EA030130BDC4F10C04C4F13C
S315000032E0200220FA02F001FA04F340EA030029461C
S315000032F030BD21FA04F0294630BD94F0000F83F466
S31500003300801306BF81F480110134013D4EE77FEA48
S31500003310645C18BF7FEA655C29D094EA050F08BF94
S3150000332090EA020F05D054EA000C04BF1946104675
S3150000333030BD91EA030F1EBF0021002030BD5FEAB9
S31500003340545C05D14000494128BF41F0004130BDE1
S3150000335014F580043CBF01F5801130BD01F0004535
S3150000336045F0FE4141F470014FF0000030BD7FEAA8
S31500003370645C1ABF194610467FEA655C1CBF0B46A3
S31500003380024650EA013406BF52EA033591EA030FBA
S3150000339041F4002130BD00BF90F0000F04BF0021B2
S315000033A0704730B54FF4806404F132044FF00005E5
S315000033B04FF0000150E700BF90F0000F04BF00215E
S315000033C0704730B54FF4806404F1320410F00045C4
S315000033D048BF40424FF000013EE700BF42004FEABF
S315000033E0E2014FEA31014FEA02701FBF12F07F433C
S315000033F093F07F4F81F06051704732F07F4208BFF3
S31500003400704793F07F4F04BF41F40021704730B5F9
S315000034104FF4607401F0004521F000411CE700BF45
S3150000342050EA010208BF704730B54FF000050AE0C8
S3150000343050EA010208BF704730B511F0004502D5C9
S31500003440404261EB41014FF4806404F132045FEACB
S31500003450915C3FF4D8AE4FF003025FEADC0C18BF74
S3150000346003325FEADC0C18BF033202EBDC02C2F166
S31500003470200300FA03FC20FA02F001FA03FE40EAF8
S315000034800E0021FA02F11444BDE600BF2DE9FF4704
S3150000349057EC106B002F0C4619463B46B4BF07F19C
S315000034A0004300239146BFBF32461F462D231646D2
S315000034B0DDF830A00B700D9B23F02008B8F1460F05
S315000034C005D0B8F1450F00D10134022100E00321F7
S315000034D003AB2246019302AB47EC106B00935346B5
S315000034E000F0C6FFB8F1470F054619D119F0010FD4
S315000034F00ED000EB0409002200233046394603F0C3
S31500003500A3F808B1CDF80C903022039B4B451ED38F
S31500003510039B28460E9A5B1B136004B0BDE8F08738
S31500003520B8F1460F00EB0409E5D10378302B0AD138
S31500003530002200233046394603F086F818B9C4F154
S315000035400104CAF80040DAF800309944D3E7591C60
S3150000355003911A70D9E7F7B500290270BABF49423C
S315000035602D232B230929437028DD0DF107030A2794
S315000035701D461A46013BB1FBF7F607FB161430341D
S3150000358002F8014C0C463146632CF2DC3031941EB5
S3150000359003F8011C411C2346AB420AD30DF1090373
S315000035A09B1AAC4288BF002302330344181A03B0A7
S315000035B0F0BD13F8016B01F8016FEDE730233031F0
S315000035C08370031DC170F1E72DE9F04F8DB00C46F5
S315000035D016461F46DDF85880054600F045FE03688E
S315000035E01846049300F0AEFE002305900A93D8F81F
S315000035F0003094F818A00733D4F800B023F007037E
S3150000360003F10802C8F800204FF0FF32D3E9008921
S3150000361029F00043CDF8188007939D4BDDE906019C
S31500003620C4E9128903F042F870BB4FF0FF32984BA1
S31500003630DDE9060103F01CF830BB002200234046FA
S31500003640494603F00BF810B12D2384F84330914A14
S31500003650914BBAF1470F8CBF9046984603234FF023
S31500003660000923612BF00403236033460BAA21468D
S315000036702846009700F0D2F9013040F08D804FF0D7
S31500003680FF300DB0BDE8F08F42464B4640464946F6
S3150000369003F00CF840B14B46804A002BBCBF2D23EB
S315000036A084F843307E4BD4E70AF0DF026368069263
S315000036B05A1C3BD1062363604BF4806200232846E4
S315000036C0226003930AABCDE901A309AB49EC108B49
S315000036D000930DF123036168FFF7D8FE069B804631
S315000036E00999472B29D1C81C02DB6368994241DD41
S315000036F0AAF1020A5FFA8AFA0139524604F1500029
S315000037000991FFF728FF0A9A81461318012A2361B7
S3150000371002DC2268D20701D5013323619DF82330EC
S31500003720002BA2D02D2384F843309EE7069A472A21
S31500003730C2D1002BC0D10123BDE7BAF1650FDBD999
S31500003740BAF1660F18D1002963680BDD216113B940
S315000037502268D00702D501330B4423614FF00009DC
S31500003760A165DBE713B92268D20701D50233F4E776
S315000037700123F2E74FF0670A0A9B994205DB2368AB
S315000037802161D807EAD54B1CE7E70029D4BFC1F170
S31500003790020201221344E0E723685A0507D423698D
S315000037A0424631462846B84701302BD167E7BAF181
S315000037B0650F40F2DD8000220023D4E9120102F0F9
S315000037C043FF002833D00123364A31462846B847FE
S315000037D001303FF454AFDDE90938434502DB236885
S315000037E0D8070FD531462846DDE90423B84701300E
S315000037F03FF445AF4FF0000908F1FF3804F11A0A0B
S31500003800C84509DC23689B0700F10381E0680B9B30
S315000038109842B8BF184634E7012352463146284637
S31500003820B84701303FF42BAF09F10109E8E7099BDE
S31500003830002B39DC01231B4A31462846B8470130A4
S315000038403FF41DAFDDE9093959EA030302D12368C4
S31500003850D907D7D531462846DDE90423B8470130D4
S315000038603FF40DAF4FF0000A04F11A0B099B5B42BF
S31500003870534501DC4B4693E701235A463146284619
S31500003880B84701303FF4FBAE0AF1010AEEE700BF8C
S31500003890FFFFEF7F808900007C8900008889000097
S315000038A0848900008C890000A36DDDF828A05345AB
S315000038B0A8BF5346002B994636DC4FF0000B29EA89
S315000038C0E97904F11A02A36D0693A3EB09035B459C
S315000038D031DC099B9A453ADC2368DA0737D4099B21
S315000038E0AAEB0309069BAAEB03039945A8BF9946D1
S315000038F0B9F1000F33DC4FF0000829EAE97904F149
S315000039001A0B099BAAEB0303A3EB090343457FF7B5
S3150000391079AF01235A4631462846B84701303FF46D
S31500003920AEAE08F10108ECE7424631462846B847F4
S315000039300130C2D1A3E60123314628460692B84794
S3150000394001303FF49CAE0BF1010B069ABBE7DDE9B3
S31500003950042331462846B8470130C0D18FE6069A7F
S315000039604B46314628464244B8470130C3D186E625
S31500003970DDF828A0BAF1010F01DCDB0736D50123FB
S31500003980424631462846B84701303FF478AE3146C4
S315000039902846DDE90423B84701303FF470AE002223
S315000039A000230AF1FF3AD4E9120102F04DFEC0B934
S315000039B0534608F1010231462846B84701300CD17A
S315000039C05DE601235A4631462846B84701303FF4A2
S315000039D056AE08F10108D045F3DB4B4604F1500220
S315000039E0DFE64FF0000804F11A0BF4E70123424624
S315000039F0E1E701234A4631462846B84701303FF4FD
S31500003A003EAE08F10108E3680B995B1A4345F0DC0A
S31500003A10FCE64FF0000804F11909F4E72DE9F04738
S31500003A20164698468A6807460B690C46DDF82090CC
S31500003A309342B8BF1346336091F843200AB101336D
S31500003A4033602368990642BF3368023333602568C2
S31500003A5015F0060506D104F1190AE36832689B1AC7
S31500003A60AB422BDC94F843302268003B18BF01239D
S31500003A70920630D404F1430241463846C847013025
S31500003A8023D023681A3454F80A2C03F00603042BB7
S31500003A900ABF54F80E5C002533684FF0000608BFD5
S31500003AA0ED1A54F8123C08BF25EAE5759342C4BFE7
S31500003AB09B1AED18B5421AD1002008E001235246A0
S31500003AC041463846C847013003D14FF0FF30BDE8C4
S31500003AD0F0870135C1E7E1185A1C30200233224431
S31500003AE081F8430094F8451082F84310C2E7012399
S31500003AF0224641463846C8470130E6D00136D9E766
S31500003B002DE9FF470F7E914680460C46782F9A4650
S31500003B100C9E01F1430207D8622F0AD8002F00F04D
S31500003B20D180582F00F0B88004F1420684F8427024
S31500003B303AE0A7F16303152BF6D801A151F823F05B
S31500003B40993B0000AD3B0000293B0000293B0000EB
S31500003B50293B0000293B0000AD3B0000293B00004B
S31500003B60293B0000293B0000293B0000AB3C00003C
S31500003B70D73B0000653C0000293B0000293B0000C4
S31500003B80CD3C0000293B0000D73B0000293B00004C
S31500003B90293B00006D3C000033681A1D1B6832602B
S31500003BA004F1420684F8423001239CE03368206821
S31500003BB0191D3160060601D51D6803E04506FBD5D3
S31500003BC0B3F90050002D03DA2D236D4284F84330FB
S31500003BD058480A2311E021683368080653F8045B45
S31500003BE002D4490648BFADB26F2F3360514814BFA7
S31500003BF00A230823002184F843106668002EA66075
S31500003C0005DB21682E4321F0040121604BD01646C6
S31500003C10B5FBF3F103FB1157C75D06F8017D2F468F
S31500003C200D46BB42F4D9082B0BD12368DF0708D514
S31500003C30236961689942DEBF302306F8013C06F12C
S31500003C40FF36921B22614B4603AA21464046CDF819
S31500003C5000A0FFF7E3FE01304AD14FF0FF3004B079
S31500003C60BDE8F087236843F02003236078273248B5
S31500003C70236884F845701F06316851F8045B02D446
S31500003C805F0648BFADB23160D90744BF43F0200399
S31500003C9023601DB11023ADE72648E9E7236823F02A
S31500003CA020032360F6E71646BDE733682568181D2E
S31500003CB0616930602E061B6801D5196002E068064E
S31500003CC0FBD51980002316462361BCE73368002123
S31500003CD01A1D32601E686268304600F018FB08B193
S31500003CE0801B606063682361002384F84330AAE781
S31500003CF02369324649464046D0470130ADD0236855
S31500003D009B0713D4E068039B9842B8BF1846A6E702
S31500003D100123324649464046D04701309DD0013501
S31500003D20E36803995B1AAB42F2DCEBE7002504F18A
S31500003D301906F5E78E8900009F890000002310B55B
S31500003D4004468360818119464366C28108228361E5
S31500003D50C0E90033C0E904335C3000F067FA0D4B6C
S31500003D60246263620C4BA3620C4BE3620C4B23632D
S31500003D700C4B9C4206D003F16802944202D0D03329
S31500003D809C4205D104F15800BDE8104000F0BCBAD1
S31500003D9010BD00BF494000006B400000A34000007A
S31500003DA0C7400000E0460120024A0349034800F0EC
S31500003DB069B800BF100000202D5F00002000002021
S31500003DC041680C4B994210B5044601D002F0AEF89A
S31500003DD0A168094B994202D0204602F0A7F8E16893
S31500003DE0064B994204D02046BDE8104002F09EB82A
S31500003DF010BD00BFE046012048470120B047012022
S31500003E0010B50B4B04210B4C0B4A20461A600022BE
S31500003E10FFF794FF04F1680001220921FFF78EFFE6
S31500003E2004F1D00002221221BDE81040FFF786BF40
S31500003E3018480120E0460120A93D0000014800F095
S31500003E4064BA00BF21480120014800F05FBA00BFF4
S31500003E502148012010B50446FFF7F0FF236A1BB185
S31500003E60BDE81040FFF7F0BF044B2362044B1B680C
S31500003E70002BF5D1FFF7C4FFF2E700BFC13D0000FC
S31500003E80184801202DE9F8430746884614460026BF
S31500003E90D4E90195B9F1010905D52468002CF7D1BB
S31500003EA03046BDE8F883AB89012B07D9B5F90E304A
S31500003EB0013303D029463846C04706436835E9E74B
S31500003EC00FB407B5064904AB086853F8042B81689C
S31500003ED0019301F08FFE03B05DF804EB04B0704768
S31500003EE01C000020036A70B505460E4684680BB9AF
S31500003EF0FFF7B0FF636EDB0705D4A389980502D4EC
S31500003F00A06D00F002FAA389190702D52369002BD8
S31500003F1035D12146284600F019F980B34FF0FF3518
S31500003F20636EDA0705D4A3899B0502D4A06D00F061
S31500003F30EDF9284670BD002B04DAA2699A4217DC17
S31500003F400A2915D023685A1C22601970A36816F82E
S31500003F50011F013BA3600029EDD1002B11DA224697
S31500003F600A21284600F0B3F80130D7D00A25D7E752
S31500003F702246284600F0ABF80130E7D1CEE7013EF5
S31500003F80E4E723685A1C22600A221A70EEE7FFFF54
S31500003F90024B01461868FFF7A5BF00BF1C000020B2
S31500003FA00CB4184B30B50C1E9DB01D6808DA8B2377
S31500003FB04FF0FF302B601DB0BDE8304002B07047B7
S31500003FC04FF402730290069002A9ADF8143014BFA4
S31500003FD004F1FF332346209A2846049307934FF6AD
S31500003FE0FF73ADF8163021AB019301F0DDFC431CE5
S31500003FF0BCBF8B232B60002CDDD0029B00221A70E5
S31500004000D9E700BF1C0000200EB400B59CB06FF0CD
S3150000401000411DAB0290069007910491084809499A
S3150000402053F8042B059102A90068019301F0BCFC2A
S31500004030029B00221A701CB05DF804EB03B07047B7
S315000040401C0000200802FFFF10B50C46B1F90E1047
S3150000405000F030F90028ABBF636DA3891B1823F469
S315000040608053ACBF6365A38110BD2DE9F0411F46A7
S315000040708B8905460C46DB05164605D5022300222C
S31500004080B1F90E1000F004F9A3893246B4F90E1006
S31500004090284623F48053A3813B46BDE8F04100F057
S315000040A01BB910B50C46B1F90E1000F0F1F8431C1F
S315000040B0A38915BF606523F4805343F48053A3811D
S315000040C018BFA38110BDB1F90E1000F0D1B8F8B534
S315000040D00E461446054618B1036A0BB9FFF7BAFE39
S315000040E0A369A360A3891A0701D5236943B92146A9
S315000040F0284600F02BF818B14FF0FF373846F8BDC8
S315000041002368F6B222693746981A6369834205DC4A
S315000041102146284601F00AFF0028EDD1A368013B9D
S31500004120A36023685A1C22601E70431C62699A426F
S3150000413004D0A389DB07E1D50A2EDFD12146284624
S3150000414001F0F4FE0028D9D0D6E7FFFF38B5294B99
S3150000415005460C46186818B1036A0BB9FFF77AFED4
S31500004160B4F90C30190722D4DA0607D409222A60DA
S3150000417043F040034FF0FF30A38133E0580712D5D8
S31500004180616B41B104F14403994202D0284600F024
S315000041902DFF00236363A38923F02403A381002357
S315000041A0636023692360A38943F00803A38123691D
S315000041B04BB9A38903F42073B3F5007F03D02146DE
S315000041C0284601F000FFB4F90C3013F001020AD0C2
S315000041D00022A26062695242A261226942B913F0CA
S315000041E08000C5D138BD990758BF6269A260F4E75F
S315000041F00020F7E71C000020884210B501EB0204FE
S3150000420002D98442234607D8431EA14208D011F89A
S31500004210012B03F8012FF8E7024401468A4200D138
S3150000422010BD13F8014D02F8014DF7E702440346AD
S31500004230934200D1704703F8011BF9E70A7870B57D
S315000042406AB970BD9A4209D10C46054614F8013F79
S31500004250002BF6D015F8016F9E42F7D00130037897
S31500004260002BEFD11846ECE7004870475C010020B0
S3150000427038B50023054D044608462B6002F054FA73
S31500004280431C02D12B6803B1236038BD1C480120B2
S3150000429038B50446064D0846114600222A601A46DD
S315000042A002F05AFA431C02D12B6803B1236038BDD1
S315000042B01C48012038B50446064D08461146002222
S315000042C02A601A4602F050FA431C02D12B6803B149
S315000042D0236038BD1C48012038B50446064D084603
S315000042E0114600222A601A46FBF7E8FF431C02D15A
S315000042F02B6803B1236038BD1C480120014B1868A8
S31500004300704700BF1C000020704770477047C9B255
S315000043100346024410B59342184601D1002003E03B
S31500004320047801338C42F6D110BD0A44431E9142F3
S3150000433000D1704710B511F8014B914203F8014FB7
S31500004340F9D110BD034613F8012B002AFBD1181A28
S31500004350013870472DE9F74F036907460C69A342F8
S31500004360C0F28380013C00F1140501F11408A3009A
S3150000437055F8242008EB8409009305EB8403019388
S3150000438058F8243001339A42B2FBF3F631D34FF09A
S31500004390000AC446AE46D3465CF8043B98B2E145F3
S315000043A04FEA134306FB00A04FEA104280B206FB19
S315000043B00323DEF8002092B24FEA134AA2EB000272
S315000043C09BB2DEF800005A44C3EB224392B203EBE1
S315000043D0104342EA03424FEA234B4EF8042BDBD24A
S315000043E0009BEB582BB9019B043B9D421A4630D3E8
S315000043F03C61384601F070F9002826DB294600208A
S3150000440058F8042BD1F800C01FFA82FEC1451FFAE6
S315000044108CF34FEA1242A3EB0E030344C2EB234292
S315000044209BB202EB1C4243EA02434FEA224041F8A8
S31500004430043BE5D255F8242005EB840322B9043B5E
S315000044409D421A460BD33C610136304603B0BDE8A7
S31500004450F08F1268043B002ACAD1013CC5E71268F6
S31500004460043B002AEFD1013CEAE70020EEE7FFFF1C
S315000044702DE9F04FC76999B08346229E09910E92A5
S31500004480139355EC104B8DED040B7FB9102000F003
S31500004490F7FD0246CBF81C0020B9A74BEF21A74831
S315000044A0FEF73CFAC0E901770760C760DBF81C300D
S315000044B0196859B15A680123584693404A608B607F
S315000044C000F0D4FEDBF81C3000221A602B1EB7BFAA
S315000044D023F00043002301220593A8BF3360059F04
S315000044E0974BB8BF3260BB4312D142F20F73139A97
S315000044F01360C7F31303234300F04685239BDFF8BD
S3150000450054A2002B00F048850AF1030300F042BDD7
S315000045109DED047B0022002351EC170B8DED0C7BE7
S3150000452002F092F8804658B10123139A1360239B38
S3150000453013B1844B239A1360DFF81CA200F02CBD44
S31500004540C7F30A5616AA17A958469DED0C0B01F09B
S3150000455077F98146002E75D00D9BA6F2FF36CDF871
S315000045605080C3F3130343F07F53DDE90C0143F49A
S31500004570401319460022744BFEF7D0FD68A3D3E919
S31500004580002301F0F9FD68A3D3E90023FEF7C8FD77
S3150000459004460D463046FEF70FFF65A3D3E9002318
S315000045A001F0EAFD02460B4620462946FEF7B8FD15
S315000045B004460D4602F090F80022074600232046E6
S315000045C0294602F04BF840B13846FEF7F5FE224682
S315000045D02B4602F039F800B9013F162F51D85B4B34
S315000045E003EBC703DDE90C01D3E9002302F036F83B
S315000045F0002848D0013F00231293169B9B1B5A1E8E
S3150000460046BFC3F1010800234FF00008089248BFD7
S315000046100893002F39DB089B0F973B440893002330
S315000046200A93099B092B61D8052BC5BF043B0024BF
S3150000463001240993099B023B032B63D8DFE803F0AF
S315000046405254372CDDE916631E4406F23243202B02
S31500004650C9BFC3F14003C3F120039F4006F21243D2
S31500004660D8BF04FA03F006F1FF36C4BF24FA03F3F9
S3150000467047EA0300FEF790FE0122A1F1F8731492B7
S3150000468077E70123B8E71290B7E77B42A8EB070864
S315000046900A9300230F93C4E701230B930E9BFB1889
S315000046A000930133012B0393B8BF012306E00123D6
S315000046B00B930E9B002B28DD00930393DBF81C0065
S315000046C00021042202F114059D4223D94160584677
S315000046D000F08CFD8246002840D11D4B024640F278
S315000046E0AF11DCE60023E3E70023D6E7012400232D
S315000046F00B9409934FF0FF33002200930393122388
S315000047000E92DBE701230B93F4E701231A4600938D
S315000047100393F5E701315200D4E700BFAFF3008001
S3150000472061436F63A787D23FB3C8608B288AC63FB1
S31500004730FB799F501344D33FBD890000D489000004
S315000047400000F07F8D8900000000F83FE88A000035
S315000047502D8A0000B98900008C890000DBF81C3026
S315000047601860039B0E2B00F2A180002C00F09E80A7
S31500004770002F33DD07F00F029B4BF8054FEA271495
S3150000478003EBC20393ED007B8DED067B16D5974BAD
S3150000479004F00F040326D3E90823DDE90C0101F038
S315000047A015FECDE90401914D54B9DDE90623DDE995
S315000047B0040101F00BFECDE9040128E00226F2E730
S315000047C0E10708D50136DDE90601D5E9002301F048
S315000047D0D3FCCDE9060164100835E5E700F0AF80AB
S315000047E07C42814B814D022604F00F02241103EB1B
S315000047F0C203DDE90C01D3E9002301F0BDFC00236F
S31500004800CDE90401002C40F08F80002BD3D1129B00
S31500004810DDE90445002B00F094800022744B20460D
S31500004820294601F01BFF002800F08B80039B002B1C
S3150000483000F08780009B002B34DD7B1E2046002283
S315000048402946069301366B4B01F096FC009CCDE998
S3150000485004013046FEF7B0FDDDE9042301F08CFCCF
S315000048600022654BFEF75CFC0546A1F15076002C54
S315000048706AD10022614BDDE90401FEF74FFC0246D6
S315000048800B46CDE904232A46334601F005FF0028EE
S3150000489040F087822A4606F10043DDE9040101F073
S315000048A0DDFE38BBDDE90C34CDE90434179B002B63
S315000048B0C0F258810E2F00F355814B4B03EBC70313
S315000048C093ED007B0E9B002B8DED007B80F2E58047
S315000048D0039B002B00F3E1800CD10022474B51ECE7
S315000048E0170B01F049FCDDE9042301F0CBFE00289B
S315000048F000F05582002425460E9B5646DB43069360
S3150000490000272146584600F0B1FC002D00F0BD807E
S315000049102FB1AF4203D03946584600F0A7FC2946CE
S31500004920584600F0A3FCB0E0E20705D50136D5E90C
S31500004930002301F021FC01236410083562E70226FA
S3150000494065E7039C069784E7274B0B9903EBC403A3
S31500004950544453E90223002954D00020284901F089
S3150000496035FD334656462A46FEF7D8FBCDE91001FB
S31500004970DDE9040101F0B0FE0546FEF71DFD024625
S315000049800B463035DDE90401FEF7C8FB02460B464F
S3150000499006F8015BCDE90423DDE9102301F05EFE94
S315000049A0002872D100201249DDE90423FEF7B6FB88
S315000049B0DDE9102301F052FE002840F0B480A64243
S315000049C03FF470AF00220B4BDDE9100101F0D4FB80
S315000049D00022084BCDE91001DDE9040101F0CCFB12
S315000049E0CDE90401C4E700BFE88A0000C08A0000E0
S315000049F00000F03F0000244000001C40000014406E
S31500004A000000E03F31465646284601F0B5FB1594B6
S31500004A10CDE91001DDE9040101F05EFE0546FEF771
S31500004A20CBFC024630350B46DDE90401FEF776FB8A
S31500004A3006F8015B02460B46A642CDE904234FF079
S31500004A40000224D1AB4BDDE91001FEF769FB0246FB
S31500004A500B46DDE9040101F01FFE002863D10020AA
S31500004A60A449DDE91023FEF759FB02460B46DDE9B2
S31500004A70040101F0F3FD00283FF414AF159E731EE8
S31500004A80159316F8013C302BF8D0069F3BE09A4B65
S31500004A9001F072FBCDE90401BCE7DDE904455646A9
S31500004AA020462946DDE9002301F090FC01F014FEC2
S31500004AB08046FEF781FCDDE9002301F05DFB02463E
S31500004AC0204608F130040B462946FEF727FB039DD6
S31500004AD006F8014BA6EB0A0402460B46A54234D162
S31500004AE0FEF71EFB04460D46DDE9002301F0D4FD6A
S31500004AF0C0B920462946DDE9002301F0A5FD10B125
S31500004B0018F0010F0ED14946584600F0AFFB0023BE
S31500004B1001373370139B1F60239B002B00F03C82F0
S31500004B201E6039E2069733461E4613F8012D392AD0
S31500004B3007D19A45F8D1069A0132069230228AF8B0
S31500004B4000201A7801321A709FE700226A4B01F0A2
S31500004B5013FB0022002304460D4601F075FD0028D4
S31500004B609ED0D0E70B9A002A00F0E180099A012A2C
S31500004B7000F3C480149A002A00F0B78003F233438E
S31500004B800A9C4646089A0121584698441A440892B7
S31500004B9000F022FC05465EB1089B002B08DDB342FF
S31500004BA0089AA8BF3346A8EB0308F61AD31A089347
S31500004BB00A9BF3B10B9B002B00F0BD808CB12946FC
S31500004BC02246584600F0C2FC4A460146054658466B
S31500004BD000F018FC49460690584600F047FB069B35
S31500004BE099460A9B1A1B04D04946584600F0AEFC6B
S31500004BF081460121584600F0EFFB0F9B0446002B2F
S31500004C0000F0CE811A460146584600F09FFC099BEB
S31500004C100446012B00F39580049B002B40F08D8009
S31500004C20059BC3F31303002B40F08980059B23F0FB
S31500004C3000431B0D1B052BB1089B08F1010801332E
S31500004C40089301230A930F9B002B00F0AF81236981
S31500004C5004EB8303186900F073FBC0F12000089B86
S31500004C60184410F01F0077D0C0F12003042B6BDD31
S31500004C70C0F11C00089B8044034406440893B8F125
S31500004C80000F05DD49464246584600F0B9FC81460C
S31500004C90089B002B05DD21461A46584600F0B0FC5D
S31500004CA00446129B002B59D02146484600F014FDBD
S31500004CB0002853DA7B1E49460A22584606930023EB
S31500004CC000F0F6FA0B9B8146002B00F07181002361
S31500004CD029460A22584600F0EBFA009B0546002BAF
S31500004CE067DC099B022B41DC63E0169BC3F13603AC
S31500004CF046E700BF0000E03F00002440039B5C1E27
S31500004D000A9BA34209DB1C1B039B002BBFF639AF92
S31500004D10039BA8EB0306002334E70A9B46460F9A3B
S31500004D20E31A0A9400241A44039B0F922AE70A9C6A
S31500004D3046460B9D2FE70A9A56E7002382E7049B17
S31500004D4080E700230A9382E799D01C33089A1A4415
S31500004D5098441E44089292E70346F6E7039B06979B
S31500004D60002B20DC0093099B022B1EDD009B002BF1
S31500004D707FF4C2AD21460522584600F099FA014655
S31500004D800446484600F0A8FC00287FF7B5AD31235D
S31500004D90564606F8013B069B01330693B0E5039C95
S31500004DA006972546F3E7039B00930B9B002B00F029
S31500004DB00381002E05DD29463246584600F020FCC8
S31500004DC005460A9B002B5AD06968584600F00EFA31
S31500004DD0064628B9834B024640F2EF21FFF75FBB38
S31500004DE02A6905F10C010C3002329200FFF79DFA98
S31500004DF001223146584600F003FC0AF101032F4612
S31500004E0005460393009B53440B93049B03F0010355
S31500004E100A93039B21464846013B0093FFF79AFA03
S31500004E203946049000F13008484600F055FC2A4601
S31500004E3008902146584600F06BFCC268064602BB45
S31500004E400146484600F048FC0246314658460E9256
S31500004E5000F00CFA099B0E9A039E42EA03010A9B94
S31500004E60194310D1B8F1390F29D0089B002B02DD68
S31500004E70049B03F13108009B83F8008041E5284636
S31500004E80BBE70122E1E7089B002B04DB09990B43F2
S31500004E900A990B4320D1002AEDDD494601225846E6
S31500004EA000F0AEFB2146814600F016FC002803DC2C
S31500004EB0E1D118F0010FDED0B8F1390FD8D139237E
S31500004EC0009A137033461E46013B16F8012C392A08
S31500004ED051D001321A7014E5002A07DDB8F1390FF6
S31500004EE0EDD008F10103009A13700AE5039B0B9AB3
S31500004EF003F8018C934228D0494600230A225846DB
S31500004F0000F0D6F9AF4281464FF000034FF00A0297
S31500004F103946584607D100F0CBF907460546039BAC
S31500004F200133039375E700F0C3F9294607460023CA
S31500004F300A22584600F0BCF90546F0E7009B002718
S31500004F40002BCCBF1E460126564449460122584630
S31500004F5000F056FB2146814600F0BEFB0028B1DC7E
S31500004F6002D118F0010FADD133461E4613F8012DBC
S31500004F70302AFAD0C5E49A45A5D1069B013306939B
S31500004F8031238AF80030BCE4239BDFF85CA01BB118
S31500004F900AF10803239A1360504619B0BDE8F08F52
S31500004FA0099B012B7FF738AE0F9B0A93012056E62B
S31500004FB0009B002B7FF7D7AE564621464846FFF7A3
S31500004FC0C9F900F13008009B06F8018BA6EB0A022E
S31500004FD09342B3DD494600230A22584600F068F999
S31500004FE08146EAE72D8A0000B089000038B50546FB
S31500004FF0002941D051F8043C0C1F002BB8BFE4181F
S3150000500000F0E8F81D4A136833B963601460284657
S31500005010BDE8384000F0E4B8A34208D9206821185A
S315000050208B4201BF19685B6809182160EDE71A46D3
S315000050305B680BB1A342FAD911685018A0420BD194
S3150000504020680144501811608342E0D118685B68FB
S31500005050084453601060DAE702D90C232B60D6E7C8
S31500005060206821188B4202BF19685B6809186360C3
S3150000507008BF21605460CAE738BD00BF2848012038
S31500005080024B0146186800F025B800BF1C0000203E
S3150000509070B50F4E0C460546316811B900F0F2FFA7
S315000050A030602146284600F0EDFF431C03D14FF047
S315000050B0FF34204670BDC41C24F00304A042F8D07F
S315000050C0211A284600F0DEFF0130F2D1EFE700BFDB
S315000050D0244801202DE9F843CD1C064625F003059A
S315000050E008350C2D38BF0C25002D01DBA94204D94B
S315000050F00C2333600020BDE8F883DFF8D48000F08D
S3150000510069F8D8F800301C4644BB29463046FFF7FC
S31500005110BFFF431C044658D1D8F800402746002F4D
S3150000512043D1002C4BD023683946304604EB0309A3
S3150000513000F0A8FF814542D1216830466D1A294604
S31500005140FFF7A6FF01303AD023682B442360D8F836
S3150000515000305A6862BBC8F800700FE02268521B24
S3150000516020D40B2A17D96119A342256018BF5960AC
S31500005170636808BFC8F8001062514B60304600F003
S315000051802FF804F10B00231D20F00700C21A1CBFE4
S315000051901B1AA350AFE76268A3420CBFC8F80020F1
S315000051A05A60EBE723466468AEE73C467F68B6E79D
S315000051B01A465B68A342FBD100235360DEE70C234B
S315000051C03046336000F00CF894E70560D6E700BF80
S315000051D0284801200148FFF798B800BF2048012061
S315000051E00148FFF793B800BF2048012070B5C66993
S315000051F004460D4676B91020FFF742FF0246E061ED
S3150000520020B9184B6B211848FDF788FBC0E90166E9
S315000052100660C660E669F36883B1E369DB6853F844
S315000052202500B8B90121204601FA05F6721D920043
S3150000523000F038FF60B1C0E901560EE021220421DA
S31500005240204600F02FFFE369F060DB68002BE4D115
S31500005250002070BD026843F825200023C0E903330F
S31500005260F7E700BFBD8900003E8A000070B5C66939
S3150000527005460C4676B91020FFF702FF0246E861A4
S3150000528020B9094B8F210948FDF748FBC0E90166A3
S315000052900660C6603CB1EB696268DB6853F82210B1
S315000052A0216043F8224070BDBD8900003E8A00009F
S315000052B02DE9F04101F1140C07460C461E460D6916
S315000052C00020DCF80030013099B2854202FB016112
S315000052D04FEA13464FEA114389B202FB063301EB4C
S315000052E003414FEA13464CF8041BEADC0EB3A368ED
S315000052F0AB4219DC616838460131FFF777FF80461B
S3150000530028B902460C4BBA210C48FDF707FB226967
S3150000531004F10C010C3002329200FFF706F8214628
S3150000532044463846FFF7A2FF04EB850301355E616C
S3150000533025612046BDE8F0812D8A00003E8A0000E6
S31500005340B0F5803F034636BF030400201020B3F1BA
S31500005350807F3CBF1B020830B3F1805F3CBF1B015E
S315000053600430B3F1804F3CBF9B000230002B05DBBD
S3150000537013F0804F00F1010008BF2020704703683A
S31500005380024613F007000BD0D90721D4980747BF70
S315000053905B0801209B0802204CBF13601360704716
S315000053A099B209B91B0C1020D9B209B908301B0AE9
S315000053B0190704BF1B090430990704BF9B08023074
S315000053C0D90703D45B0800F1010003D013607047CE
S315000053D0002070472020704710B50C460121FFF7CA
S315000053E005FF024628B9054B40F245110448FDF772
S315000053F095FA01234461036110BD00BF2D8A0000A8
S315000054003E8A00002DE9F04F17460A69894685B0A5
S315000054103B699A42A2BF3B460F4699463D69BB6827
S31500005420D9F810A0796805EB0A06B342B8BF013176
S31500005430FFF7DCFE30B90246424B4FF4B1714248E9
S31500005440FDF76CFA00F11404002204EB860E2346E5
S31500005450734520D307F1140809F1140108EB8505FB
S3150000546001EB8A030293EB1B1537153B23F003036D
S315000054700433BD4238BF04230193029B03918B4240
S315000054800CD8002E03DD5EF8043D002B57D00661D4
S3150000549005B0BDE8F08F43F8042BD9E7B1F800A0BA
S315000054A0BAF1000F21D0C446A14600275CF8042BB0
S315000054B0D9F800301FFA82FB65459BB24FEA1242CB
S315000054C00AFB0B333B44D9F800704FEA17470AFB37
S315000054D0027202EB13429BB24FEA124743EA0243BF
S315000054E049F8043BE2D8019BE750039B0431B3F82B
S315000054F00290B9F1000F20D023684746A4464FF02A
S31500005500000AB7F800B09BB2BCF8022009FB0B22D8
S31500005510524443EA02434CF8043B57F8043B4FEA33
S31500005520134ABCF80030BD4209FB0A3303EB1243B1
S315000055304FEA134AE5D8019AA35004349DE7013E89
S315000055409FE700BF2D8A00003E8A00002DE9F84340
S31500005550154612F0030207460E4607D0013A254CBF
S31500005560002354F82220FFF7A3FE0646AD103DD0D7
S31500005570FC697CB91020FFF783FD0246F86128B963
S315000055801D4B40F2B3111D48FDF7C8F9C0E90144AF
S315000055900460C460D7F81C80D8F808404CB940F2C3
S315000055A071213846FFF718FF00230446C8F80800A3
S315000055B003604FF00009EB070AD53146224638460C
S315000055C0FFF720FF8046314638464646FFF74EFE37
S315000055D06D100BD0206838B9224621463846FFF7B1
S315000055E011FF2060C0F800900446E4E73046BDE8AD
S315000055F0F88300BFB48A0000BD8900003E8A00001F
S315000056002DE9F0470C46074691464FEA621A236990
S31500005610496803EB6218A36808F10106B3420BDB85
S315000056203846FFF7E3FD054648B90246284B4FF4D6
S31500005630EF712848FDF772F901315B00EEE70023B0
S3150000564000F1140100F110021846534533DB2AEA33
S31500005650EA7A04F11403206919F01F0901EB8A01A3
S3150000566003EB800C2BD0C9F1200E8A460022186865
S3150000567000FA09F010434AF8040B53F8042B9C4532
S3150000568022FA0EF2F3D8ACEB040304F11500153B35
S3150000569023F003030433604588BF0423CA500AB1CC
S315000056A008F10206013E384621462E61FFF7DEFD6F
S315000056B02846BDE8F087013342F8040FC5E70439F0
S315000056C053F8042B9C4541F8042FF9D8EAE700BFAC
S315000056D02D8A00003E8A000003460A690069801A86
S315000056E030B50ED11433143103EB820401EB820181
S315000056F054F8045D51F8042D954203D005D24FF0BD
S31500005700FF3030BDA342F3D3FBE70120F9E7FFFFEB
S315000057102DE9F74F89460646114614464846FFF7D7
S31500005720DBFF051E12D129463046FFF75FFD024614
S3150000573028B9414B40F237214048FDF7EFF80123E5
S31500005740C0E90435104603B0BDE8F08FBCBF4B4638
S31500005750A1463046B8BF0125D9F80410B4BF1C468F
S315000057600025FFF743FD024618B9334B40F24521A9
S31500005770E2E7D9F8107004F1140E266900F1140B53
S31500005780C56009F1140509F110030EEB860605EB59
S315000057908708D9464FF0000C0193019B5EF8040B75
S315000057A053F804AF764501931FFA8AF3194683B27C
S315000057B04FEA1040A1EB0303C0EB1A40634400EB31
S315000057C023409BB24FEA204C43EA004349F8043B8E
S315000057D0E3D8331B1534153B23F003030433A642E9
S315000057E038BF04231D445B442C461E4644450ED355
S315000057F008F10301491B033D21F00301A84538BF09
S3150000580000210B4453F8041D99B117619AE754F827
S31500005810041BE6461FFA81FC080C7144F44489B265
S3150000582000EB2C4041EA00414FEA204C46F8041BAD
S31500005830DCE7013FE6E700BF2D8A00003E8A000054
S315000058402DE9F7430F460121164659EC108BFFF759
S31500005850CDFC044630B90246234B40F20F312348B3
S31500005860FDF75CF8C9F30A55C9F313030DB143F408
S3150000587080130193B8F1000323D068460093FFF725
S315000058807EFDDDE90012D0B1C0F1200302FA03F378
S31500005890C2400B4301926361019B002BA3610CBFC5
S315000058A0012202222261A5B1A5F233450544C0F1C9
S315000058B035003D603060204603B0BDE8F08361618D
S315000058C0EAE701A8FFF75BFD019B20300122636137
S315000058D0E8E7A0F2324004EB820338601869FFF76C
S315000058E02FFDC0EB4210E5E72D8A00003E8A00003E
S315000058F02DE9F0471F468E6882460C46BE4290460A
S315000059000B682DD8B1F90C2012F4906F26D065697A
S31500005910096905EB4505A3EB01097B1C05EBD5756C
S315000059204B446D109D4238BF1D46530527D5294669
S31500005930FFF7D0FB064660B34A462169FEF7F5FC41
S31500005940A38923F4906343F08003A38126614E4428
S315000059506561A5EB090526603E46A560BE4200D9F5
S315000059603E46324641462068FEF746FCA3680020C4
S315000059709B1BA360236833442360BDE8F0872A4657
S3150000598000F0B6FB06460028E0D121695046FFF735
S315000059902DFB0C234FF0FF30CAF80030A38943F0EB
S315000059A04003A381E9E7FFFF2DE9F04F98468B8975
S315000059B09DB007461B060D46144610D50B6973B9F4
S315000059C04021FFF787FB2860286130B90C233B6034
S315000059D04FF0FF301DB0BDE8F08F40236B61002310
S315000059E0CDF80C804FF00109DFF8A0810993202340
S315000059F08DF8293030238DF82A3023469A4613F83D
S31500005A00012B0AB1252AF9D1BAEB040B0BD05B4660
S31500005A10224629463846FFF76BFF013000F0A78083
S31500005A20099A5A4409929AF80030002B00F09F8098
S31500005A3000234FF0FF320AF1010A049307938DF811
S31500005A4053301A93CDE90523544605224F4814F8DE
S31500005A50011BFEF75CFC049AD8B9D00644BF20238C
S31500005A608DF85330110744BF2B238DF853309AF825
S31500005A7000302A2B15D0079A544600204FF00A0C06
S31500005A80214611F8013B303B092B4BD9B0B10792A7
S31500005A9014E0A0EB0803A24609FA03F313430493A8
S31500005AA0D2E7039B191D1B68002B0391BBBF5B420A
S31500005AB042F0020207930793B8BF049223782E2B75
S31500005AC00AD163782A2B32D1039B02341A1D1B6834
S31500005AD043EAE37303920593DFF8C0A0032221781B
S31500005AE05046FEF714FC38B1A0EB0A004022049B96
S31500005AF0013482401343049314F8011B0622244800
S31500005B008DF82810FEF703FC002836D0214B1BBB6E
S31500005B10039B073323F0070308330393099B33449E
S31500005B2009936AE70CFB02320C460120A8E7002322
S31500005B3001344FF00A0C19460593204610F8012B44
S31500005B40303A092A03D9002BC6D00591C4E70CFBCD
S31500005B50012104460123F0E703AB2A4604A938468F
S31500005B6000930D4BFDF730FD421C0646D6D1AB899E
S31500005B705B063FF52DAF09982CE703AB2A4604A92F
S31500005B8038460093044BFDF7BBFFEDE7988A00000B
S31500005B90A28A0000C9350000F15800009E8A000064
S31500005BA09368013B002B936010B408DA9469A34212
S31500005BB001DB0A2903D15DF8044BFEF788BA1368A6
S31500005BC0581C1060084619705DF8044B7047F8B50C
S31500005BD006460F461446D518AC4201D1002007E010
S31500005BE03A4614F8011B3046FFF7DAFF431CF3D19F
S31500005BF0F8BDFFFF2DE9F04F0D469DB014469846BF
S31500005C00064618B1036A0BB9FEF724F96B6ED9077D
S31500005C1005D4AB899A0502D4A86DFEF776FBAB894D
S31500005C201B0701D52B699BB929463046FEF78EFA2C
S31500005C3070B16B6EDC0704D54FF0FF301DB0BDE8C8
S31500005C40F08FAB899805F7D4A86DFEF75FFBF3E7F5
S31500005C500023CDF80C804FF00109DFF8B4810993D9
S31500005C6020238DF8293030238DF82A3023469A4692
S31500005C7013F8012B0AB1252AF9D1BAEB040B0BD084
S31500005C805B46224629463046FFF7A1FF013000F069
S31500005C90A780099A5A4409929AF80030002B00F01E
S31500005CA09F8000234FF0FF320AF1010A0493079305
S31500005CB08DF853301A93CDE90523544605225448EE
S31500005CC014F8011BFEF723FB049AD8B9D10644BF8A
S31500005CD020238DF85330130744BF2B238DF8533000
S31500005CE09AF800302A2B15D0079A544600204FF018
S31500005CF00A0C214611F8013B303B092B4BD9B0B1B8
S31500005D00079214E0A0EB0803A24609FA03F3134333
S31500005D100493D2E7039B191D1B68002B0391BBBF9D
S31500005D205B4242F0020207930793B8BF04922378BE
S31500005D302E2B0AD163782A2B32D1039B02341A1DEB
S31500005D401B6843EAE37303920593DFF8D4A00322AA
S31500005D5021785046FEF7DBFA38B1A0EB0A00402264
S31500005D60049B013482401343049314F8011B06225A
S31500005D7028488DF82810FEF7CAFA00283FD0264B8F
S31500005D801BBB039B073323F0070308330393099BCD
S31500005D903B4409936AE70CFB02320C460120A8E754
S31500005DA0002301344FF00A0C19460593204610F8DB
S31500005DB0012B303A092A03D9002BC6D00591C4E736
S31500005DC00CFB012104460123F0E703AB2A4604A994
S31500005DD030460093114BFDF7F7FB0746781CD6D1EA
S31500005DE06B6ED90705D4AB899A0502D4A86DFEF768
S31500005DF08DFAAB895B063FF51FAF09981EE703AB2B
S31500005E002A4604A930460093044BFDF779FEE4E7E1
S31500005E10988A0000A28A0000C9350000CF5B000006
S31500005E209E8A0000B1F90C202DE9F04116070546BF
S31500005E300C4654D44B68002B02DC0B6C002B48DD5F
S31500005E40E66A002E45D0002312F480522F68216A9C
S31500005E502B6030D0626DA389590705D56368D21AC5
S31500005E60636B0BB1236CD21A0023E66A216A2846BB
S31500005E70B047431CA38906D129681D292BD82A4A75
S31500005E80CA40D60727D50022D9046260226922605B
S31500005E9004D5421C01D12B6803B96065616B2F6084
S31500005EA0B9B104F14403994202D02846FFF79EF89F
S31500005EB0002363630DE001232846B0470246501CC9
S31500005EC0C9D12B68002BC6D01D2B01D0162B1DD196
S31500005ED02F60002021E043F040031BB21AE00F6957
S31500005EE0002FF6D093070E680F600CBF4B69002396
S31500005EF0A6EB07088B60B8F1000FEADD43463A4689
S31500005F00216A2846A66AB047002808DCB4F90C3096
S31500005F1043F040034FF0FF30A381BDE8F081074412
S31500005F20A8EB0008E7E700BF0100402038B50B6981
S31500005F3005460C4613B90025284638BD18B1036A34
S31500005F400BB9FDF787FFB4F90C30002BF3D0626E66
S31500005F50D00704D4990502D4A06DFEF7D6F92846D9
S31500005F602146FFF75FFF636E0546DA07E4D4A3898F
S31500005F709B05E1D4A06DFEF7C9F9DDE770B50C46C7
S31500005F80B1F90E1096B0154600291E460CDAA38903
S31500005F90002113F0800F14BF40234FF480630020CC
S31500005FA031602B6016B070BD6A4600F049F80028D3
S31500005FB0EDDB019901F47041A1F5005359425941B5
S31500005FC04FF48063EBE78B89F7B59D0706460C46D1
S31500005FD007D504F14703236023610123636103B0FE
S31500005FE0F0BD01AB6A46FFF7C9FF009F0546304684
S31500005FF03946FFF76FF848B9B4F90C309A05EED474
S3150000600023F0030343F00203A381E2E7A3892060A0
S3150000601043F08003A381019BC4E904075BB1B4F993
S315000060200E10304600F01EF828B1A38923F00303B2
S3150000603043F00103A381A3891D43A581CFE7FFFF99
S3150000604038B50023064D0446084611462B6000F07D
S3150000605073FB431C02D12B6803B1236038BD00BF1C
S315000060601C48012038B50023054D044608462B6020
S3150000607000F06AFB431C02D12B6803B1236038BDD4
S315000060801C48012038B50023054D044608462B6000
S31500006090FCF73CFD431C02D12B6803B1236038BDDD
S315000060A01C48012070B5A1FB025434B92946FFF7FC
S315000060B011F8064628B9304670BD0C22002602604B
S315000060C0F9E72A462146FEF7B1F8F4E782B001B9AE
S315000060D001A942B14BB113780B601278101E18BF9C
S315000060E0012002B070471046FBE76FF00100F8E7A9
S315000060F02DE9F041074614460D4621B91146BDE883
S31500006100F041FEF7E7BF2AB92546FEF76FFF28469E
S31500006110BDE8F08100F027F88442064602D8B4EBC9
S31500006120500FF4D821463846FEF7D4FF804608B90A
S315000061304546ECE7B4422246294628BF3246FEF7DA
S31500006140F4F829463846FEF751FFF1E703460846BC
S3150000615041B1FF2A04D98A224FF0FF301A607047F6
S3150000616001200A70704751F8043C181F002BBCBF71
S315000061700B58C0187047FFFF70B54FF0FF0C4CF47A
S31500006180E06C1CEA11541DBF1CEA135594EA0C0F6F
S3150000619095EA0C0F00F0DEF82C4481EA030621EAAA
S315000061A04C5123EA4C5350EA013518BF52EA0335E5
S315000061B041F4801143F4801338D0A0FB02CE4FF097
S315000061C00005E1FB02E506F00042E0FB03E54FF0C7
S315000061D00006E1FB03569CF0000F18BF4EF0010EBF
S315000061E0A4F1FF04B6F5007F64F5407404D25FEABB
S315000061F04E0E6D4146EB060642EAC62141EA55516E
S315000062004FEAC52040EA5E504FEACE2EB4F1FD0CAF
S3150000621088BFBCF5E06F1ED8BEF1004F08BF5FEA2D
S31500006220500E50F1000041EB045170BD06F00046DF
S3150000623046EA010140EA020081EA0301B4EB5C048C
S31500006240C2BFD4EB0C0541EA045170BD41F4801184
S315000062504FF0000E013C00F3AB8014F1360FDEBFA9
S31500006260002001F0004170BDC4F10004203C35DA85
S315000062700C341BDC04F11404C4F1200500FA05F308
S3150000628020FA04F001FA05F240EA020001F00042A9
S3150000629021F0004110EBD37021FA04F642EB06011F
S315000062A05EEA430E08BF20EAD37070BDC4F10C0449
S315000062B0C4F1200500FA04F320FA05F001FA04F20D
S315000062C040EA020001F0004110EBD37041F10001F9
S315000062D05EEA430E08BF20EAD37070BDC4F1200504
S315000062E000FA05F24EEA020E20FA04F301FA05F26C
S315000062F043EA020321FA04F001F0004121FA04F214
S3150000630020EA020000EBD3705EEA430E08BF20EAE3
S31500006310D37070BD94F0000F0FD101F0004640001D
S3150000632041EB010111F4801F08BF013CF7D041EA9F
S31500006330060195F0000F18BF704703F000465200A3
S3150000634043EB030313F4801F08BF013DF7D043EA74
S315000063500603704794EA0C0F0CEA135518BF95EA2A
S315000063600C0F0CD050EA410618BF52EA4306D1D1B1
S3150000637081EA030101F000414FF0000070BD50EAD0
S31500006380410606BF1046194652EA430619D094EA5A
S315000063900C0F02D150EA013613D195EA0C0F05D144
S315000063A052EA03361CBF104619460AD181EA030198
S315000063B001F0004141F0FE4141F470014FF0000050
S315000063C070BD41F0FE4141F4780170BD70B54FF0EB
S315000063D0FF0C4CF4E06C1CEA11541DBF1CEA13556B
S315000063E094EA0C0F95EA0C0F00F0A7F8A4EB05044D
S315000063F081EA030E52EA03354FEA013100F0888044
S315000064004FEA03334FF0805545EA131343EA12630C
S315000064104FEA022245EA111545EA10654FEA0026C1
S315000064200EF000419D4208BF964244F1FD0404F57A
S31500006430407402D25B084FEA3202B61A65EB0305D6
S315000064405B084FEA32024FF480104FF4002CB6EB93
S31500006450020E75EB030E22BFB61A754640EA0C0013
S315000064605B084FEA3202B6EB020E75EB030E22BF53
S31500006470B61A754640EA5C005B084FEA3202B6EB94
S31500006480020E75EB030E22BFB61A754640EA9C0053
S315000064905B084FEA3202B6EB020E75EB030E22BF23
S315000064A0B61A754640EADC0055EA060E18D04FEAE1
S315000064B0051545EA16754FEA06164FEAC30343EA81
S315000064C052734FEAC2025FEA1C1CC0D111F4801F4E
S315000064D00BD141EA00014FF000004FF0004CB6E747
S315000064E011F4801F04BF01430020B4F1FD0C88BFE6
S315000064F0BCF5E06F3FF6AFAEB5EB030C04BFB6EBF1
S31500006500020C5FEA500C50F1000041EB045170BDE3
S315000065100EF0004E4EEA113114EB5C04C2BFD4EB10
S315000065200C0541EA045170BD41F480114FF0000E94
S31500006530013C90E645EA060E8DE60CEA135594EA10
S315000065400C0F08BF95EA0C0F3FF43BAF94EA0C0F13
S315000065500AD150EA01347FF434AF95EA0C0F7FF488
S3150000656025AF104619462CE795EA0C0F06D152EADC
S3150000657003353FF4FDAE1046194622E750EA4106C0
S3150000658018BF52EA43067FF4C5AE50EA41047FF4D1
S315000065900DAF52EA43057FF4EBAE12E74FF0FF3C36
S315000065A006E000BF4FF0010C02E000BF4FF0010C07
S315000065B04DF804CD4FEA410C7FEA6C5C4FEA430C80
S315000065C018BF7FEA6C5C1BD001B050EA410C0CBFCF
S315000065D052EA430C91EA030F02BF90EA020F002031
S315000065E0704710F1000F91EA030F58BF994208BF98
S315000065F090422CBFD8176FEAE37040F00100704755
S315000066004FEA410C7FEA6C5C02D150EA013C07D1AB
S315000066104FEA430C7FEA6C5CD6D152EA033CD3D0F6
S315000066205DF8040B704700BF8446104662468C46F0
S315000066301946634600E000BF01B5FFF7B7FF002823
S3150000664048BF10F1000F01BD4DF808EDFFF7F4FF4C
S315000066500CBF012000205DF808FB00BF4DF808EDD7
S31500006660FFF7EAFF34BF012000205DF808FB00BFFA
S315000066704DF808EDFFF7E0FF94BF012000205DF81C
S3150000668008FB00BF4DF808EDFFF7CEFF94BF0120D1
S3150000669000205DF808FB00BF4DF808EDFFF7C4FFCA
S315000066A034BF012000205DF808FB00BF4FEA410C13
S315000066B07FEA6C5C02D150EA013C0AD14FEA430CF6
S315000066C07FEA6C5C02D152EA033C02D14FF0000033
S315000066D070474FF0010070474FEA410212F5001271
S315000066E015D211D56FF47873B3EB625212D94FEA13
S315000066F0C12343F0004343EA505311F0004F23FAFD
S3150000670002F018BF404270474FF00000704750EA51
S31500006710013005D111F0004008BF6FF0004070470E
S315000067204FF00000704700BF024B58224FF0FF3079
S315000067301A6070471C480120024B58224FF0FF3068
S315000067401A6070471C480120024B582200201A602C
S31500006750704700BF1C480120024B58224FF0FF3003
S315000067601A6070471C480120024B58224FF0FF3038
S315000067701A6070471C4801204275696C742077695D
S3150000678074682052656E6573617320416476616E2C
S3150000679063656420466C657869626C6520536F6634
S315000067A07477617265205061636B616765207665F9
S315000067B07273696F6E20352E392E3000352E392EC4
S315000067C03000000000000905F8B500BFF8BC08BCA1
S315000067D09E467047F8B500BFF8BC08BC9E46704799
S315000067E00D0A417564696F2075706C6F6164207362
S315000067F0746172742E2E2E0D000000003139322E77
S315000068003136382E34332E313234000053657276E9
S3150000681065723A2025733A25750D0A0044433D25D5
S31500006820752C2073616D706C65733D256C752C201D
S3150000683062797465733D256C750D0A0054435020CA
S31500006840636F6E6E656374206661696C65642E0D98
S3150000685000000000524134412C312C25752C313674
S315000068602C312C256C752C256C750A0053656E64CD
S3150000687020617564696F2068656164657220666170
S31500006880696C65642E0D000053656E64207061634B
S315000068906B657420256C75206661696C65642E0DC8
S315000068A00A00000055706C6F616420256C752F25F9
S315000068B06C752062797465732C207061636B6574E6
S315000068C03D256C750D0A0000417564696F20757071
S315000068D06C6F616420636F6D706C6574652C2070DD
S315000068E061636B6574733D256C752E0D0A0000009F
S315000068F04653505F53554343455353203D3D206512
S31500006900727200002E2E2F7372632F68616C5F65A2
S315000069106E7472792E6300005241344D325F4D49D8
S315000069204E495F494F54000054656D703A000000AF
S3150000693048756D693A00000068656C6C6F20776F6A
S31500006940726C642100000000455350383236362000
S315000069505769466920696E697469616C697A617400
S31500006960696F6E206661696C65642E0D000000001B
S3150000697031313131313131313100000053746172BE
S3150000698074207265636F7264696E67203573206167
S315000069907564696F2E2E2E0D000000005265636F20
S315000069A07264696E6720636F6D706C6574653A20FA
S315000069B0256C752073616D706C65732E0D0A000071
S315000069C0417564696F2075706C6F616420737563BF
S315000069D0636573732E0D0000417564696F207570D1
S315000069E06C6F6164206661696C65642E0D00000041
S315000069F0507265737320746865206B657920746FB7
S31500006A00207265636F726420616761696E2E0D0086
S31500006A102E2E2F7372632F6F6C65642E6300000039
S31500006A205541525434207772697465206661696CE9
S31500006A3065642C206572723D25640D0A0000000015
S31500006A4055415254342054582074696D656F7574DD
S31500006A502E0D00004552524F520000004641494C4F
S31500006A600000000062757379207000006C696E6B1F
S31500006A70206973206E6F742076616C696400000073
S31500006A8045535038323636206572726F7220726501
S31500006A9073706F6E73653A20252E2A730D0A0000F7
S31500006AA04553503832363620726573706F6E736593
S31500006AB02074696D656F75743A20252E2A730D0A48
S31500006AC000000000415420636F6D6D616E642066A6
S31500006AD061696C65643A2025730000006C656E3D43
S31500006AE025640A00554152543420636F6D6D616E02
S31500006AF0642073656E64206661696C65643A20255E
S31500006B00730A00004F4B0000436F6D6D616E642089
S31500006B1065786563757465642073756363657373FF
S31500006B2066756C6C79000000436F6D6D616E642054
S31500006B30657865637574696F6E206661696C6564F6
S31500006B400000000054696D656F7574207761697483
S31500006B50696E6720666F722045535038323636208C
S31500006B60726573706F6E73653A2025730A000000B4
S31500006B7041542B43574D4F44453D310D0A0000000B
S31500006B805365742057694669204D6F6465205374B8
S31500006B906174696F6E2E2E2E000000004D43552D38
S31500006BA03E657370383236363A2D2D2D2D2D2D2D0E
S31500006BB02D2D2D2D2D2D2D25730000003131313138
S31500006BC031313131000000007868310041542B43E7
S31500006BD0574A41503D222573222C222573220D0A45
S31500006BE000000000436F6E6E65637420746F20575B
S31500006BF06946693A20535349443D2573202E2E2E6B
S31500006C000A000000434C4F534544000041542B43B7
S31500006C104950434C4F53450D0A00000041542B4345
S31500006C2049504D55583D300D0A00000041542B4344
S31500006C3049504D4F44453D300D0A000041542B4309
S31500006C40495053544152543D22544350222C22253C
S31500006C5073222C25750D0A00414C5245414459209A
S31500006C60434F4E4E45435445440000005443502084
S31500006C707061636B657420746F6F206C61726765F9
S31500006C803A2025750D0A000041542B4349505345BF
S31500006C904E443D25750D0A003E00000053454E4406
S31500006CA0204F4B00496E697469616C697A652045AD
S31500006CB05350383236362057694669206F6E6C79E4
S31500006CC02E2E2E0D00000000455350383236365F0A
S31500006CD0536574576946694D6F6465206661696CD2
S31500006CE065642E0D00000000455350383236365F7D
S31500006CF0436F6E6E65637457694669206661696C99
S31500006D0065642E0D0000000045535038323636209B
S31500006D105769466920636F6E6E65637465642E0DF0
S31500006D2000FFFFFF68616C5F656E74727900FFFF9C
S31500006D30677074365F63616C6C6261636B00FFFF42
S31500006D404F4C45445F5265667265736800FFFFFFEE
S31500006D504F4C45445F57525F4279746500FFFFFF11
S31500006D60000000000000000000000000000000001D
S31500006D70000000000000000000000000000000000D
S31500006D80000000000000000000F0F0F0000000002D
S31500006D900000000000017F0100000000000000006C
S31500006DA0001C1C1C0000000000008060301C8C6071
S31500006DB0301C0C0000000000000000000000000075
S31500006DC0000000000000000000000000000000E0DD
S31500006DD00000000000E000000086E69F86868686AA
S31500006DE0E69F860000011F01010101011F0101004C
S31500006DF0000080C06020F820E0C00000000003070B
S31500006E000C18FF70E18100000000070F10107F10C2
S31500006E100F0700008060206080000000E020000076
S31500006E200F3020309F70DC371030C0000000100E8D
S31500006E3003000718101807000000C02020E0C0005B
S31500006E400000000080E01F38E88703C43C0400000F
S31500006E50070F1810100B070D1010080000808C4C3F
S31500006E6038000000000000000000000000000000E4
S31500006E70000000000000000000000000000000000C
S31500006E8000000000000080E0300804000000000060
S31500006E9000FEFF0100000000000000000000030FDC
S31500006EA01820400000040830E080000000000000C8
S31500006EB00000000001FFFE00000000000040201856
S31500006EC00F03000000000000000000000000C000EA
S31500006ED000000000004266663C18FF183C666642E9
S31500006EE00000000000000300000000000000000099
S31500006EF00000800000000000001010101010FF10AD
S31500006F001010101000000000000003000000000038
S31500006F10000000000000000000000000000000006B
S31500006F20000000000000000000808C4C38000000CB
S31500006F30000000000000000000000000000000004B
S31500006F40001010101010101010101000000000009B
S31500006F50000000000000000000000000000000002B
S31500006F60000000000000000000000000000000001B
S31500006F7000001C1C1C0000000000000000000000B7
S31500006F8000000000E0380C000000000080701C03C8
S31500006F90000000000060380E010000000000000044
S31500006FA0000080C060202060C080000000FEFF015D
S31500006FB00000000001FFFE000001070E1810101867
S31500006FC00E0701000000808080C0E0000000000085
S31500006FD00000000000FFFF0000000000000010108D
S31500006FE0101F1F101010000000804020202020607D
S31500006FF0C080000000030300804020381F07000007
S31500007000001C1A1918181818181F00000080C02034
S31500007010202060C080000000000303001010182F1D
S31500007020E780000000070F10101010180F0700006F
S31500007030000000000000C0E0F000000000C0B088C2
S31500007040868180FFFF808000000000000010101F76
S315000070501F1010000000E06060606060606000006B
S3150000706000003F1008080818F0E0000000070B10A9
S315000070701010101C0F030000000080C040202020CC
S31500007080E0C0000000FCFF211008080818F0E0002E
S315000070900001070C18101010080F03000000C0E0D4
S315000070A06060606060E06000000003000000E018BF
S315000070B00700000000000000001F1F000000000085
S315000070C00080C0602020202060C080000087EF2C58
S315000070D01818303068CF830000070F081010101002
S315000070E0180F07000000C0C020202020C08000002C
S315000070F0001F3F604040402010FFFE0000000C1CB7
S31500007100101010080F03000000000000000000002F
S315000071100000000000000000000E0E0E000000003F
S3150000712000000000001C1C1C000000000000000005
S31500007130000000000000000000000000000C0C0031
S3150000714000000000000000000058380000000000A9
S315000071500000000000000080402010000000102801
S31500007160448201000000000000000000000001024F
S3150000717004081000000000000000000000000000ED
S3150000718000848484848484848484840000000000D1
S3150000719000000000000000000000102040800000F9
S315000071A000000000000000000000018244281000DA
S315000071B000001008040201000000000000C02020AA
S315000071C01010101030E0C0000003030000F010089B
S315000071D00C070300000000001C1C1C00000000003F
S315000071E0000000C0406020202040C00000FCFF01DD
S315000071F0F00E03C1FE03807F0001070E0811111077
S31500007200110904020000000080E0E0000000000018
S315000072100000807C4340477FF880000010181F1054
S3150000722000000000131F1C1020E0E020202020603A
S31500007230C080000000FFFF10101010182FE780001C
S31500007240101F1F1010101010180F0700000080C02C
S31500007250402020202060E00000FCFF01000000002C
S31500007260000001000001070E1810101008040300AA
S3150000727020E0E02020202040C080000000FFFF002A
S315000072800000000001FFFE00101F1F10101018085C
S315000072900E07010020E0E020202020202060800052
S315000072A000FFFF101010107C00000000101F1F10C0
S315000072B0101010101018060020E0E02020202020DA
S315000072C06060800000FFFF101010107C00000100BD
S315000072D0101F1F100000000000000000000080C00A
S315000072E06020202040E0000000FCFF01000040403C
S315000072F0C0C140400001070E181010100F0F00000B
S3150000730020E0E0200000000020E0E02000FFFF1069
S315000073101010101010FFFF00101F1F1000000000BB
S31500007320101F1F100000202020E0E0202020000079
S315000073300000000000FFFF00000000000000101029
S31500007340101F1F101010000000000000202020E079
S31500007350E020202000000000000000FFFF000000E9
S315000073600060E0808080C07F3F00000020E0E020D9
S31500007370000020A06020200000FFFF30187CE3C042
S3150000738000000000101F1F10000001131F1C181022
S3150000739020E0E020000000000000000000FFFF00E9
S315000073A00000000000000000101F1F101010101039
S315000073B01018060020E0E0E000000000E0E0E02019
S315000073C000FF013FFEC0E01E01FFFF00101F10007E
S315000073D0031F0300101F1F1020E0E0C00000000084
S315000073E00020E02000FF0003071C78E08000FF007B
S315000073F0101F100000000000030F1F00000080C0D7
S3150000740060202060C080000000FEFF010000000038
S3150000741000FFFE000001070E181010180C070100EF
S3150000742020E0E0202020202060C0800000FFFF2018
S3150000743020202020301F0F00101F1F10000000000A
S3150000744000000000000080C060202060C0800000B6
S3150000745000FEFF010000000000FFFE000001070E15
S315000074601111133C7C67210020E0E0202020202021
S3150000747060C0800000FFFF101030F0D0080F07003A
S31500007480101F1F10000000030F1C10100080C060AA
S31500007490202020204040E00000070F0C1818303054
S315000074A060E08100001F0C0810101010180F070074
S315000074B08060202020E0E020202060800100000085
S315000074C000FFFF000000000100000000101F1F1059
S315000074D00000000020E0E020000000000020E02086
S315000074E000FFFF00000000000000FF0000070F186B
S315000074F010101010100807002060E0E020000000C7
S3150000750020E060200000077FF88000807C030000F8
S3150000751000000000071F1C070000000020E0E0201C
S3150000752000E0E0200020E0200007FFF8E01FFFFC5D
S31500007530E01F00000000031F0300011F03000000FE
S31500007540002060E0A0000020E060200000000003B2
S315000075508F7CF8C6010000000010181E13000117EA
S315000075601F1810002060E0E02000000020E06020EE
S31500007570000001073EF8E0180700000000000010B8
S31500007580101F1F101000000000806020202020A087
S31500007590E0E0200000000000C0F03E0F0300000005
S315000075A000101C1F17101010101806000000000015
S315000075B000FC0404040404000000000000FF0000B6
S315000075C00000000000000000007F404040404000F6
S315000075D0000010E0000000000000000000000000B5
S315000075E0031C608000000000000000000000000393
S315000075F00C70800000000404040404FC0000000079
S3150000760000000000000000FF0000000000004040F5
S315000076104040407F0000000000000010080C040CF1
S31500007620081000000000000000000000000000003C
S315000076300000000000000000000000000000000044
S315000076400000000000000000000000000000000034
S315000076500000000080808080808080808080808024
S3150000766000000004040808000000000000000000FC
S315000076700000000000000000000000000000000004
S3150000768000000000000000000000000000000000F4
S31500007690000098D844642424FCF80000000F1F184A
S315000076A0101010081F1F10180020E0F00000000046
S315000076B0000000000000FFFF180804040CF8F000AA
S315000076C000001F0F18101010180F03000000000014
S315000076D0000000000000000000E0F8180404043C6C
S315000076E03800000000030F0C1010101008060000F0
S315000076F00000000000000020E0F0000000E0F81CA0
S3150000770004040408FFFF000000030F1810101008FF
S315000077101F0F08000000000000000000000000002D
S315000077200000E0F8484444444C7870000000030F21
S315000077300C181010100804000000000080C0602023
S3150000774020E0C00000040404FFFF04040404000059
S31500007750000010101F1F1010100000000000000095
S315000077600000000000000000000070F88C04048C8B
S31500007770F874040C007076CF8D8D8D89C8787000F2
S315000077800020E0F000000000000000000000FFFF05
S3150000779008040404FCF8000000101F1F100000106D
S315000077A01F1F1000000000000060600000000000C5
S315000077B00000040404FCFC0000000000000010109F
S315000077C0101F1F10101000000000000000000060D5
S315000077D06000000000000000040404FCFC0000003F
S315000077E00000C0C08080C07F3F0000000020E0F0A5
S315000077F000000000000000000000FFFF80C0F41C35
S315000078000404000000101F1F1100031F1C101000AD
S315000078100000202020E0F000000000000000000032
S3150000782000FFFF000000000000001010101F1F10D6
S315000078301010000000000000000000000000000022
S3150000784004FCFC0804FCFC0804FCFC00101F1F10D0
S31500007850001F1F10001F1F10000000000000000086
S31500007860000000000004FCFC08080404FCF800000A
S3150000787000101F1F100000101F1F10000000000046
S31500007880000000000000000000E0F0180C04040CEA
S3150000789018F0E00000030F0C101010100C0F03007E
S315000078A00000000000000000000000000004FCFCD6
S315000078B0080404040CF8F0000080FFFF8890101004
S315000078C01C0F030000000000000000000000000084
S315000078D000E0F81C04040408F8FC000000030F187C
S315000078E010109088FFFF80000000000000000000DC
S315000078F000000000040404FCFC100804040C0C0046
S315000079001010101F1F1010100000000000000000D3
S31500007910000000000000000000003078CCC4848421
S31500007920840C1C0000001E1810101011190F060000
S315000079300000000000C00000000000000004040475
S31500007940FFFF040404000000000000000F1F1010D9
S31500007950100C000000000000000000000000000005
S315000079600004FCFE00000004FCFE000000000F1FE7
S31500007970181010081F0F080000000000000000008B
S315000079800000000000040C3CFCC40000C43C0C04D5
S3150000799000000000010F1E0E0100000000000000A4
S315000079A00000000000000000043CFCC400E47CFC75
S315000079B084807C040000071F070000071F070000E3
S315000079C00000000000000000000000000004041C8D
S315000079D07CE4C0341C0404000010101C1601131FA4
S315000079E01C1810000000000000000000000000004D
S315000079F000040C3CFCC400C43C0404000000C0802D
S31500007A00C1370E0100000000000000000000000069
S31500007A100000000000001C0404C4F47C1C040000E8
S31500007A200000101C1F17111010180E000000000097
S31500007A30000000F80C04000000000000001028EF11
S31500007A4000000000000000000000003F6040000051
S31500007A50000000000000FF00000000000000000021
S31500007A600000FF0000000000000000000000FF0012
S31500007A70000000000000040CF800000000000000F8
S31500007A8000000000EF281000000000000000406029
S31500007A903F00000000000000001806020204081063
S31500007AA02020300800000000000000000000000058
S31500007AB000000000000000000000000000000000C0
S31500007AC0000000000000000000000000000000F8B8
S31500007AD000000000000000333000000000100C061B
S31500007AE0100C0600000000000000000040C07840B6
S31500007AF0C0784000043F04043F040400007088FC82
S31500007B0008300000001820FF211E0000F008F000D9
S31500007B10E018000000211C031E211E0000F008884A
S31500007B20700000001E2123241927211010160E00B4
S31500007B30000000000000000000000000000000E05F
S31500007B401804020000000007182040000002041874
S31500007B50E00000000040201807000000404080F0D0
S31500007B60804040000202010F01020200000000F006
S31500007B70000000000101011F0101010000000000DA
S31500007B800000000080B0700000000000000000004F
S31500007B9000000000000101010101010100000000D8
S31500007BA0000000000030300000000000000000006F
S31500007BB080601804006018060100000000E010084C
S31500007BC00810E000000F102020100F00001010F821
S31500007BD0000000000020203F202000000070080860
S31500007BE008887000003028242221300000300888E0
S31500007BF0884830000018202020110E000000C02008
S31500007C0010F8000000070424243F240000F8088828
S31500007C10880808000019212020110E0000E01088B5
S31500007C2088180000000F112020110E0000380808E7
S31500007C30C83808000000003F0000000000708808F7
S31500007C4008887000001C222121221C0000E0100878
S31500007C500810E0000000312222110F00000000C0D1
S31500007C60C00000000000003030000000000000806E
S31500007C70000000000000806000000000000080405E
S31500007C802010080000010204081020004040404077
S31500007C9040404000040404040404040000081020CA
S31500007CA0408000000020100804020100007048080F
S31500007CB00808F0000000003036010000C030C82877
S31500007CC0E810E0000718272423140B000000C03832
S31500007CD0E0000000203C23020227382008F88888AC
S31500007CE088700000203F202020110E00C0300808B8
S31500007CF008083800071820202010080008F808088F
S31500007D000810E000203F202020100F0008F8888887
S31500007D10E8081000203F20202320180008F8888853
S31500007D20E8081000203F200003000000C0300808CB
S31500007D300838000007182020221E020008F8080054
S31500007D400008F808203F210101213F20000808F81B
S31500007D50080800000020203F20200000000008083E
S31500007D60F8080800C08080807F00000008F888C0FE
S31500007D7028180800203F20012638200008F80800AF
S31500007D8000000000203F20202020300008F8F800E6
S31500007D90F8F80800203F003F003F200008F830C0F8
S31500007DA00008F808203F200007183F00E0100808E8
S31500007DB00810E0000F10202020100F0008F8080817
S31500007DC00808F000203F210101010000E01008082A
S31500007DD00810E0000F18242438504F0008F888884F
S31500007DE088887000203F2000030C3020007088082F
S31500007DF0080838000038202121221C00180808F83D
S31500007E00080818000000203F2000000008F80800BD
S31500007E100008F808001F202020201F00087888008E
S31500007E2000C83808000007380E010000F80800F8FE
S31500007E300008F800033C0700073C030008186880A8
S31500007E408068180820302C03032C30200838C8001E
S31500007E50C83808000000203F20000000100808086D
S31500007E60C83808002038262120201800000000FE0F
S31500007E70020202000000007F40404000000C30C0BB
S31500007E8000000000000000010638C00000020202E7
S31500007E90FE000000004040407F0000000000040299
S31500007EA002020400000000000000000000000000C4
S31500007EB000000000808080808080808000020204B4
S31500007EC000000000000000000000000000008080AC
S31500007ED0808000000019242222223F2008F800801A
S31500007EE080000000003F112020110E0000000080DD
S31500007EF080800000000E112020201100000000806C
S31500007F008088F800000E112020103F20000080809D
S31500007F1080800000001F222222221300008080F0B1
S31500007F20888888180020203F2020000000008080DC
S31500007F3080808000006B94949493600008F8008021
S31500007F4080800000203F210000203F20008098987C
S31500007F50000000000020203F2020000000000080DC
S31500007F609898000000C08080807F000008F800001C
S31500007F7080808000203F24022D302000000808F871
S31500007F80000000000020203F20200000808080802C
S31500007F9080808000203F20003F20003F80800080BE
S31500007FA080800000203F210000203F2000008080CC
S31500007FB080800000001F202020201F00808000807D
S31500007FC08000000080FFA12020110E00000000802C
S31500007FD080808000000E112020A0FF80808080001D
S31500007FE08080800020203F2120000100000080804A
S31500007FF0808080000033242424241900008080E03F
S31500008000808000000000001F20200000808000000B
S3150000801000808000001F202020103F2080808000EC
S315000080200080808000010E300806010080800080FC
S31500008030008080800F300C030C300F000080800021
S31500008040808080000020312E0E312000808080004C
S315000080500080808080818E701806010000808080FC
S31500008060808080000021302C22213000000000009A
S31500008070807C020200000000003F4040000000003B
S31500008080FF00000000000000FF0000000002027C6C
S31500008090800000000040403F000000000006010193
S315000080A002020404000000000000000000000000BE
S315000080B000000000000000000000FC0000000000BE
S315000080C002000000000C020C02000000000000008C
S315000080D090D0BCD0BC900003000300001824FE44DE
S315000080E08C000302070201001824D8B04C8000035C
S315000080F000010201C038E438E00001020201020278
S31500008100080600000000000000000000000000F863
S315000081100402000000010204000204F8000000044A
S31500008120020100009060F86090000000010000006D
S315000081302020FC20200000000100000000000000BC
S31500008140000008060000000020202020200000007B
S315000081500000000000000000000000020000000017
S315000081600080601C0200040300000000F804040400
S31500008170F8000102020201000008FC0000000002F3
S3150000818003020000188444241800030202020200BD
S3150000819008042424D80001020202010040B088FC31
S315000081A080000000000302003C242424C4000102D5
S315000081B002020100F824242CC00001020202010080
S315000081C00C04E41C0400000003000000D82424244E
S315000081D0D80001020202010038444444F8000003BA
S315000081E00202010000001000000000000200000072
S315000081F0000020000000000006000000002050885B
S31500008200040200000000010290909090900000008F
S315000082100000000000020488502000020100000057
S315000082201804C4241800000002000000F804E494B6
S31500008230F80001020202020000E09CF08000020346
S315000082400000030204FC2424D800020302020100F9
S31500008250F80404040C0001020202010004FC0404F8
S31500008260F80002030202010004FC24740C0002035D
S315000082700202030004FC24740C0002030200000046
S31500008280F0080444CC4000010202010004FC202056
S31500008290FC040203000003020404FC0404000202BE
S315000082A003020200000404FC0404060404030000A4
S315000082B004FC24D00C0402030200030204FC0400A4
S315000082C00000020302020203FC3CC03CFC00030067
S315000082D00300030004FC30C4FC0402030200030094
S315000082E0F8040404F80001020202010004FC24243C
S315000082F01800020302000000F8848404F80001025A
S315000083000207050004FC246498000203020003022D
S31500008310182424448C000302020201000C04FC040D
S315000083200C0000020302000004FC0000FC04000133
S3150000833002020100047C80E01C040000030000002F
S315000083401CE03CE01C00000300030000049C609C51
S315000083500400020300030200041CE01C04000002E7
S31500008360030200000C84641C0400020302020300E2
S315000083700000FE020200000007040400000E30C0E8
S315000083800000000000010200000202FE00000004DE
S3150000839004070000000402040000000000000000C2
S315000083A00000000000000808080808080000020095
S315000083B000000000000000000040A0A0C000000176
S315000083C00202030204FC2020C00000030202010096
S315000083D000C02020600000010202020000C020242C
S315000083E0FC0000010202030200C0A0A0C0000001C0
S315000083F0020202000020F824240400020302020004
S315000084000040A0A0602000070A0A0A0404FC2020FD
S31500008410C0000203020003020020E4000000000284
S3150000842003020000000020E400000808080700001E
S3150000843004FC80E020200203020003020404FC0086
S315000084400000020203020200E020E020C000030058
S315000084500300030020E02020C00002030200030204
S3150000846000C02020C00000010202010020E0202000
S31500008470C000080F0A02010000C02020E000000131
S31500008480020A0F0820E0402020000203020000003C
S315000084900060A0A020000002020203000020F820D5
S315000084A0000000000102020020E00020E0000001C0
S315000084B00202030220E02080602000000301000089
S315000084C06080E080600000030003000020608060A0
S315000084D0200002030003020020E02080602008083C
S315000084E0070100000020A060200000020302020035
S315000084F0000020DE0200000000070400000000FF6C
S3150000850000000000000F00000002DE200000000452
S31500008510070000000201020404020000000000003F
S315000085200000000000000000002F0000000007000F
S31500008530070000147F147F1400242A7F2A12006289
S315000085406408132300364955225000000503000035
S3150000855000001C224100000041221C000014083EBD
S3150000856008140008083E0808000000A06000000883
S3150000857008080808000060600000002010080402D7
S31500008580003E5149453E0000427F40000042615195
S315000085904946002141454B31001814127F1000272F
S315000085A045454539003C4A494930000171090503F2
S315000085B000364949493600064949291E0000363623
S315000085C00000000056360000000814224100001486
S315000085D01414141400004122140800020151090663
S315000085E000324959513E007C1211127C007F4949E4
S315000085F04936003E41414122007F4141221C007F15
S3150000860049494941007F09090901003E4149497A22
S31500008610007F0808087F0000417F4100002040419C
S315000086203F01007F08142241007F40404040007F08
S31500008630020C027F007F0408107F003E4141413E4C
S31500008640007F09090906003E4151215E007F091994
S3150000865029460046494949310001017F0101003F91
S315000086604040403F001F2040201F003F4038403F11
S315000086700063140814630007087008070061514975
S31500008680454300007F41410000552A552A55000008
S3150000869041417F0000040201020400404040404086
S315000086A0000001020400002054545478007F48441E
S315000086B0443800384444442000384444487F003855
S315000086C05454541800087E0901020018A4A4A47C7E
S315000086D0007F080404780000447D40000040808448
S315000086E07D00007F102844000000417F4000007C90
S315000086F004180478007C080404780038444444389C
S3150000870000FC242424180018242418FC007C0804E7
S31500008710040800485454542000043F444020003CC0
S315000087204040207C001C2040201C003C4030403C47
S31500008730004428102844001CA0A0A07C00446454D7
S315000087404C44141414141414090200000C000C01F7
S315000087500C020C030000000000000000A90200004B
S3150000876000000000688700000001000008000020EB
S315000087700F00FFFF00000000FFFF000000000000E8
S31500008780405489000000000020AA440000020400B2
S3150000879069030000000000009C8700000000000044
S315000087A000000000000000000000000000000000C3
S315000087B00000000000000000000000000000FFFFB5
S315000087C0DFDF0000000000000000000000000000E5
S315000087D00000000000000000040200000C050C066A
S315000087E00C070C0800000000000000001103000048
S315000087F000000000F8870000000100000C000020C7
S315000088000F00FFFF00000000FFFF00000000000057
S31500008810801A06003C000000010C090A0B0C00003F
S3150000882000000000000000008D03000000000000B2
S315000088303488000001010116170000000000000046
S31500008840F22B000000000000F915000006020D00E2
S31500008850A1030000000000005C880000000000008A
S315000088600000000000000000000000000000000002
S315000088700000000000000000000000000000FFFFF4
S31500008880DFDF000000000000000000000000000024
S3150000889000000000000000000008000000000000CA
S315000088A000000000000000000000001800000000AA
S315000088B0000F0EDF0002FF004D0400000000000064
S315000088C0C488000000013F3F000000DFDFFFFFFF1C
S315000088D000000000D88800000000000000FFFFFF35
S315000088E00C000000EC880000000000000000000002
S315000088F000000000008000000D0000000080000065
S315000089000E00000000000100080100000000010543
S3150000891009010000000001050A0100000400000032
S315000089200C01000010000104060200001000010402
S315000089300702000000000100000300000004010718
S31500008940070400000004010708040000B601B7018F
S31500008950B801B901C600980199019A019B017300FB
S31500008960740075007600FC006001FFFF020403043A
S315000089700404FFFF0100020008001000494E4600F3
S31500008980696E66004E414E006E616E0030003031F9
S315000089903233343536373839414243444546003060
S315000089A0313233343536373839616263646566008F
S315000089B0496E66696E697479004E614E005245458E
S315000089C04E54206D616C6C6F6320737563636565CF
S315000089D0646564002F646174612F6A656E6B696EED
S315000089E0732F776F726B73706163652F474E552DCA
S315000089F0746F6F6C636861696E2F61726D2D3133B0
S31500008A002F7372632F6E65776C69622D6379677752
S31500008A10696E2F6E65776C69622F6C6962632F735E
S31500008A2074646C69622F64746F612E630042616CBA
S31500008A306C6F6320737563636565646564002F649A
S31500008A406174612F6A656E6B696E732F776F726BD7
S31500008A5073706163652F474E552D746F6F6C636835
S31500008A6061696E2F61726D2D31332F7372632F6EB4
S31500008A7065776C69622D63796777696E2F6E6577A6
S31500008A806C69622F6C6962632F7374646C69622F00
S31500008A906D707265632E6300232D302B2000686C89
S31500008AA04C00656667454647004300504F5349589A
S31500008AB0002E00FF05000000190000007D000000E8
S31500008AC00080E03779C34143176E05B5B5B89346C4
S31500008AD0F5F93FE9034F384D321D30F94877825A90
S31500008AE03CBF737FDD4F1575000000000000F03FAE
S31500008AF00000000000002440000000000000594073
S31500008B000000000000408F40000000000088C340C5
S31500008B1000000000006AF8400000000080842E413A
S31500008B2000000000D01263410000000084D7974186
S31500008B300000000065CDCD41000000205FA002428C
S31500008B40000000E876483742000000A2941A6D4201
S31500008B50000040E59C30A2420000901EC4BCD642F4
S31500008B6000003426F56B0C430080E03779C341439F
S31500008B7000A0D8855734764300C84E676DC1AB4315
S31500008B80003D9160E458E143408CB5781DAF154433
S31500008B9050EFE2D6E41A4B4492D54D06CFF080440E
S31500008BA0F64AE1C7022DB544B49DD9794378EA4423
S31500008BB000202020202020202020282828282820A7
S31500008BC0202020202020202020202020202020209F
S31500008BD02088101010101010101010101010101007
S31500008BE010040404040404040404041010101010F7
S31500008BF010104141414141410101010101010101C1
S31500008C000101010101010101010101011010101012
S31500008C101010424242424242020202020202020292
S31500008C2002020202020202020202020210101010E6
S31500008C30200000000000000000000000000000000E
S31500008C40000000000000000000000000000000001E
S31500008C50000000000000000000000000000000000E
S31500008C6000000000000000000000000000000000FE
S31500008C7000000000000000000000000000000000EE
S31500008C8000000000000000000000000000000000DE
S31500008C9000000000000000000000000000000000CE
S31500008CA000000000000000000000000000000000BE
S31500008CB000FFFFFF1000000000000000017A5200D4
S31500008CC0027C0E011B0C0D001000000018000000B5
S31500008CD074B6FFFF10000000000000000000000056
S31500008CE040420F0001000000440020AD440020ADCA
S31500008CF00000000003000000E046012020000020E4
S31500008D0000000000E046012048470120B04701204E
S31500008D10000000000000000000000000000000004D
S31500008D20000000000000000000000000000000003D
S31500008D30000000000000000000000000000000002D
S31500008D4000000000000000000000000043000000DA
S31500008D50000000000000000000000000000000000D
S31500008D6000000000000000000000000043000000BA
S31500008D7000000000000000000000000000000000ED
S31500008D80000000000000000000000000430000009A
S31500008D9000000000000000000000000000000000CD
S31500008DA0000000000000000000000000430000007A
S31500008DB000000000000000000000000000000000AD
S31500008DC0000000000000000000000000430000005A
S31500008DD0000000000000000000000000000000008D
S31500008DE0000000000000000000000000430000003A
S31500008DF0000000000000000000000000000000006D
S31500008E000000000000000000000000004300000019
S31500008E10000000000000000000000000000000004C
S31500008E200000000000000000000000004D6100008E
S31500008E30CD60000000000000B08B0000B18A000089
S31500008E409D8A00009D8A00009D8A00009D8A000080
S31500008E509D8A00009D8A00009D8A00009D8A000070
S31500008E609D8A0000FFFFFFFFFFFFFFFFFFFFFFFFE1
S31500008E70FFFF000001004153434949000000000084
S31500008E8000000000000000000000000000000000DC
S31500008E900000000000004153434949000000000063
S31500008EA000000000000000000000000000000000BC
S31500008EB00000000000000000E9000000C100000002
S3150100A100FFFFFFFFFFFFFFFFFFFFFFFFFFFFFFFF58
S3090100A134FFFFFFFF24
S3150100A200FFFDFFFFFFFFFFFFFFFFFFFFFFFFFFFF59
S3150100A210FFFFFFFFFFFFFFFFFFFFFFFFFFFFFFFF47
S3150100A220FFFFFFFFFFFFFFFFFFFFFFFFFFFFFFFF37
S3150100A230FFFFFFFFFFFFFFFFFFFFFFFFFFFFFFFF27
S3150100A240FFFFFFFFFFFFFFFFFFFFFFFFFFFFFFFF17
S3150100A250FFFFFFFFFFFFFFFFFFFFFFFFFFFFFFFF07
S3150100A260FFFFFFFFFFFFFFFFFFFFFFFFFFFFFFFFF7
S3150100A270FFFFFFFFFFFFFFFFFFFFFFFFFFFFFFFFE7
S3150100A280F8F8FFFFFFFFFFFFFFFFFFFFFFFFFFFFE5
S3150100A290FFFFFFFFFFFFFFFFFFFFFFFFFFFFFFFFC7
S3150100A2A0FFFFFFFFFFFFFFFFFFFFFFFFFFFFFFFFB7
S3150100A2B0FFFFFFFFFFFFFFFFFFFFFFFFFFFFFFFFA7
S3150100A2C0FFFFFFFFFFFFFFFFFFFFFFFFFFFFFFFF97
S70500002B517E
