S02200005241344D325F4D494E495F494F545F50726F6A656374315F31322E73726563BC
S315000000004833002071240000A92200006D2400005E
S315000000106D2400006D2400006D2400006D24000096
S315000000200000000000000000000000006D24000039
S315000000306D240000000000006D2400006D24000007
S31500000040E51000005910000075110000BD110000F8
S31500000050951F0000E5100000591000007511000002
S31500000060BD11000091180000251A0000451B000074
S31500000070251C00000348044B834202D0034B03B106
S3150000008018477047E0010020E00100200000000052
S31500000090064B0749C91A891048BF0131491003D0D8
S315000000A0044B0BB101481847704700BFE001002020
S315000000B0E00100200000000010B5064C237843B98B
S315000000C0FFF7D8FF044B13B10448AFF300800123B8
S315000000D0237010BD00020020000000006C870000A5
S315000000E008B5054B1BB105490548AFF30080BDE8CF
S315000000F00840FFF7CDBF00BF00000000040200204B
S315000001006C87000070B508250026194C82B0760071
S31500000110F6B24FF4867120460DF1070201F08AF817
S315000001209DF80730002BF4D001211E2002F090F834
S315000001304FF4867120460DF1070201F07BF89DF819
S315000001400730012B08BF46F001064FF486712046A2
S315000001500DF1070201F06EF89DF80730012BF4D07F
S315000001606B1E13F0FF05D2D1304602B070BD00BF42
S31500000170B40A0020F0B5052283B04FF486713848E2
S3150000018001F04EF900224FF48671354801F064F80B
S315000001904FF47A71122002F05BF801224FF4867157
S315000001A02F4801F059F800224FF486712C4801F0CF
S315000001B037F94FF6FF742A4D013CA4B2D4B14FF47F
S315000001C0867128460DF1070201F034F89DF80730D4
S315000001D0012BF1D0224D09E04FF4867128460DF12E
S315000001E0070201F027F89DF8073033B9013CA4B2A5
S315000001F0002CF1D1002003B0F0BD194D0AE04FF4F8
S31500000200867128460DF1070201F014F89DF80730B3
S31500000210012B04D1013CA4B2002CF0D1EAE7FFF790
S3150000022071FF104F104E3870FFF76CFF3070FFF7FC
S3150000023069FF0E4D0E4C2870FFF764FF2070FFF724
S3150000024061FF3B7836782978227833440B4413448F
S31500000250DBB2181AB0FA80F0400903B0F0BD00BF57
S31500000260B40A0020230200202202002021020020DE
S31500000270200200200379022B02D10122014B1A70C1
S31500000280704700BF2C0600202DE9F047B2F10009A7
S3150000029082B019DD8A460025DFF83C800C4C0D4FF4
S315000002A001EB09061AF9013B0122384601A901931F
S315000002B000F0AEFCC8F8000000B100BE2378002BA9
S315000002C0FCD056452570EDD1484602B0BDE8F08712
S315000002D02C060020BC0A0020300600200379042BDF
S315000002E006D0022B00D0704701220A4B1A707047C5
S315000002F08368002BF7D040F2FE3007490A88824215
S3150000030005D8064802F1010CA1F800C08354044840
S3150000031001F02EBD25020020280200202C0200201C
S31500000320EC0A002003793BB90123044A04491288E8
S315000003300B700AB1034A1370704700BF28020020F1
S3150000034024020020260200200122034B1A7008B165
S3150000035002791A70704700BF040000202DE9F04FA3
S315000003602DED028B9D499E4883B001F057FADFF8C8
S31500000370E0A2CAF8000028B17F219A4B9A4A9B480E
S3150000038001F05EFF0446012500F0B2FB00F05EFAC4
S31500000390204600F0C7F9204600F0D0F900F056FAE2
S315000003A0102321462046924A009500F02DFB10238B
S315000003B0204619468F4A009500F026FB102320217F
S315000003C020468D4A009500F01FFB00F0D1F92A4621
S315000003D04FF48671894800F03FFF4FF47A71084662
S315000003E001F036FF8649874800F05CFCCAF8000039
S315000003F028B191217B4B7C4A7C4801F021FF824841
S3150000040003F070FA8149824801F014FDCAF8000031
S3150000041078B97F4801F0A6FC7E497D4801F0AEFC24
S31500000420CAF8000058B19E216E4B6F4A6F4801F022
S3150000043007FF98216B4B6C4A6C4801F001FF4FF4A3
S315000004407A71284601F004FF7349744800F02AFCCB
S31500000450CAF80000002840F08B80DFF8F8B19BF85E
S315000004600030002B00F0B48001266D4DDFF8E891D6
S31500000470DFF8E8816B4F18E001332B8099F80030E4
S31500000480002B53D13B785BB19BF8003033B1664A01
S3150000049013780133DBB2632B70D8137000233B70E3
S315000004A04FF47A71012001F0D3FE2B88B3F57A7FE1
S315000004B0E2D3102400232B80FFF75CFECDE9004633
S315000004C05A4A022330202146127800F0C3FA40200F
S315000004D023462146564A009600F096FACDE9004694
S315000004E0544A012348202146127800F0B3FACDE998
S315000004F00046514A022320213020127800F0AAFA41
S315000005002021402023464A4A009600F07DFACDE994
S3150000051000464A4A012320214820127800F09AFA20
S3150000052000F026F999F80030002BABD0444803F0D0
S31500000530D9F9444B444933481A8800F069FBCAF894
S31500000540000000B100BE98F80030002BFBD000245C
S315000005503E4888F8004003F0C5F93A4B4FF48062F4
S31500000560214639481C8089F8004003F0D5FA89E70E
S31500000570A3211C4B1C4A1D4801F062FE2D4BB2EE16
S31500000580048A1B78284A07EE103A284BB8EEC77A39
S315000005901B7887EE080A07EE903AF8EEE77A002312
S315000005A030EE270A137002F02BF9244B1B7807EE66
S315000005B0103A214BB8EEC77A1B7887EE080A07EE89
S315000005C0903AF8EEE77A30EE270A02F06DF965E721
S315000005D002F0C2F98BF8005046E700BF80830000A6
S315000005E03C0B0020D0600000A8680000E46000001A
S315000005F0F86000000861000010610000B40A0020E5
S31500000600BC820000BC0A002018610000F0820000D5
S31500000610EC0A0020405489004C8300000C0B00209B
S315000006201E020020240200201C02002021020020BD
S315000006302861000020020020230200202202002060
S315000006402C610000280200202C0200203C610000E2
S31500000650300600201D020020260200202C06002065
S31500000660022800D070470249024800F0CFBE00BF02
S31500000670B0830000B40A002070B5224E04460D4631
S3150000068001223C21204882B000F01EFF336863BB84
S31500000690ADF804302DBB012302221B4801A98DF8B9
S315000006A0054000F0BFFF306028BB184D184C2A7873
S315000006B0032A10D0236809E00121642001F0C8FD57
S315000006C023682A78013B032A236004D0002BF3DC3D
S315000006D0012A00D100BE01230E4A2B70226002B00F
S315000006E070BD40238DF80430D5E766210A4B0B4ACE
S315000006F00B4801F0A5FD6F21074B084A084801F099
S315000007009FFD00BF300600203C0B002004000020A7
S3150000071000000020A0860100D0600000C468000030
S315000007204061000030B1012800D070470021A720A9
S31500000730FFF7A2BF0146A620FFF79EBF10B50446ED
S3150000074060B1012800D010BD0021C020FFF794FF42
S31500000750BDE810400021A120FFF78EBF0146C8204A
S31500000760FFF78AFF2146BDE81040A020FFF784BFAF
S315000007702DE9F0472D4E402334464FF00108A2B034
S315000007802B4D08368DF80430C4F1B0073819002116
S31500000790C0B2FFF771FF00210846FFF76DFF002189
S315000007A01020FFF769FF002301AA14F83310013364
S315000007B0802B02F8011FF8D101223C21284600F0C7
S315000007C083FE01238122284601A900F02BFF38BBB6
S315000007D0DFF87090DFF870A099F80020032A14D093
S315000007E0DAF800300CE00121642001F031FDDAF87E
S315000007F0003099F80020013B032ACAF8003004D0E3
S31500000800002BF0DC012A00D100BE0A4B0134B442B1
S3150000081089F80080CAF80030B8D122B0BDE8F08768
S31500000820BE21054B054A064801F00AFD34060020A4
S315000008303C0B0020A0860100D0600000B4680000D8
S3150000084040610000040000200000002000200A4B48
S31500000850A3F1080203F5806143F8080C08338B42C4
S31500000860FAD10021054B02F20C4243F8081C08336A
S315000008709A42FAD1FFF77CBF3C06002040060020D2
S31500000880012310B50C4C01F0070E04EBC00C03FA63
S315000008900EF3C9081CF801C0C000DBB22AB143EA56
S315000008A00C0C044404F801C010BD2CEA030C0444EB
S315000008B004F801C010BD00BF340600202DE9F04F3A
S315000008C0203A89B0082B9DF84880D4B24FEA530CE1
S315000008D000F08A8013F0070218BF012202EBD30250
S315000008E012FB0CF212F0FF0A4AD0434A434F02EBC6
S315000008F0041909EB0A02DFF80CE10392404A04EB03
S31500000900440504EBC40402EB850A07EB450B0EEB2A
S31500000910840EA3F10802059376464B46D146DA4685
S315000009208346CDE906C00492049A102A28D8DFE847
S3150000093002F05E2727274F2727274A27272727271B
S3150000094027272A00059A0BF10100082ADDE9003164
S315000009502C465FFA80FB03F101030AF1010A06F156
S31500000960010609F1010939D0079A0698ABEB020591
S31500000970854208BF9346039A08BF21469342D3D1C6
S3150000098009B0BDE8F08F01F10802357802922C46D5
S31500000990CDE900310D469DF808700AE04246294629
S315000009A05846FFF76DFF691CCDB2BD424FEA5404AD
S315000009B0C8D0E307F2D4B8FA88F229465846520955
S315000009C0FFF75EFFEFE701F108021D780292DEE70E
S315000009D001F1080299F800500292D8E7039A93426F
S315000009E0CED09AF80050D2E74FF0060A7DE701F123
S315000009F008020292F5E700BF3076000094800000FE
S31500000A00207C0000D46800002DE9F04315461278DA
S31500000A109946A2F1200383B05E2B9DF8287015D865
S31500000A2004460E464FEA590820464B463146009783
S31500000A30FFF744FF15F8012FB9F1080FA2F12000C6
S31500000A400CBF063444445E28E4B2EDD903B0BDE8D9
S31500000A50F08300BF2DE9F04F83B09DF830709DF80C
S31500000A603490A7F10804B4FA84F4640973B3834696
S31500000A700E4690466400013BDFF870A004EB570574
S31500000A80DCB22346013CE4B26BB322460123013AB1
S31500000A90D2B203EB8303FF2A4FEA4303F7D1B8FB35
S31500000AA0F3F3AAFB0312D20802EB8202B3EB420273
S31500000AB00FD13B46302231465846CDF80090FFF71D
S31500000AC0FDFEAB44FF2C5FFA8BFBDAD103B0BDE829
S31500000AD0F08F30323B4631465846CDF80090D2B2C0
S31500000AE0FFF7ECFEEDE74346DBE700BFCDCCCCCC11
S31500000AF008B50021AE20FFF7BFFD00210846FFF72D
S31500000B00BBFD00211020FFF7B7FD0021B020FFF745
S31500000B10B3FD00218120FFF7AFFD00215F20FFF725
S31500000B20ABFD00212020FFF7A7FD00210220FFF7E3
S31500000B30A3FD0021A120FFF79FFD0021C020FFF7A4
S31500000B409BFD0021A420FFF797FD0021A620FFF7BB
S31500000B5093FD0021A820FFF78FFD00213F20FFF71E
S31500000B608BFD0021D320FFF787FD00210846FFF704
S31500000B7083FD0021D520FFF77FFD00218020FFF7B0
S31500000B807BFD0021D920FFF777FD00212220FFF70A
S31500000B9073FD0021DA20FFF76FFD00211020FFF71B
S31500000BA06BFD0021DB20FFF767FD00213020FFF7FA
S31500000BB063FD00218D20FFF75FFD00217220FFF706
S31500000BC05BFD00200D4BA3F1080203F5806143F89D
S31500000BD0080C08338B42FAD10021094B02F20C4271
S31500000BE043F8081C08339A42FAD1FFF7C1FDBDE865
S31500000BF008400021AF20FFF73FBD00BF3C060020A4
S31500000C004006002008B5FFF7A9FB002008BD00BF7D
S31500000C1010B4046AA37803F07B03A3708378046A94
S31500000C2003F00303D21A0B44C0E90332A37843F05E
S31500000C308003A370837803F00303022B06D0036AB4
S31500000C400A780020DA705DF8044B70470B88026A58
S31500000C5043F47E43D38100205DF8044B704700BF08
S31500000C60F0B5846A85B005460F4694466E46B4B123
S31500000C7094E80F0086E80F00EB6920461B78A76012
S31500000C80236084F804C0EB6AE3606B6A9847AC6A39
S31500000C901CB196E80F0084E80F0005B0F0BD34469D
S31500000CA0EAE700BF012203460878824012F0060FE9
S31500000CB005D0CA6952681278120700F1CB8100226A
S31500000CC04FF0010C00F580002DE9F04100F58C5045
S31500000CD00002C3E907101A704D6998785D628D6944
S31500000CE06CF30100C3E90A2598704878D44C904209
S31500000CF014BF65460225987865F30100987091F94E
S31500000D000B5091F80AE0680905F01F0620300CFA2E
S31500000D1006F644F82060BFF34F8FBFF36F8FC948C4
S31500000D2005F1C00650F8267062F3104740F82670A9
S31500000D3050F82660C44E4FEA0E1E67195FFA8EFE03
S31500000D4087F800E346F8253091F9055091F804E05C
S31500000D506F0905F01F0820370CFA08F844F82780B9
S31500000D60BFF34F8FBFF36F8F05F1C00750F8278091
S31500000D7062F3104840F8278050F827704FEA0E1E9D
S31500000D8067195FFA8EFE87F800E346F8253091F979
S31500000D90075091F806E06F0905F01F0820370CFA96
S31500000DA008F844F82780BFF34F8FBFF36F8F05F124
S31500000DB0C00750F8278062F3104840F8278050F8A3
S31500000DC027704FEA0E1E67195FFA8EFE87F800E35A
S31500000DD046F8253091F9095091F808E06F0905F0B9
S31500000DE01F0820370CFA08F844F82780BFF34F8F06
S31500000DF0BFF36F8F05F1C00750F8278062F31048E4
S31500000E0040F8278050F827004FEA0E10C0B22C4455
S31500000E1084F8000346F82530EFF310868CF310882B
S31500000E204FF000450C788948E540446824EA0504FB
S31500000E304460406886F31088186A8270186A0271E6
S31500000E40186A4272186A8272186AC272186A4283F3
S31500000E5040F2192208780CFA00FC1CEA020F02D0B4
S31500000E6040201A6AD0740625012240F219201C6A15
S31500000E7025770C78A240024240F0CA80CA784878AA
S31500000E808C78D200032842EA041200F0D5800028AC
S31500000E900CBFE220F2201C6AD2B222701A6A90714C
S31500000EA0CC69227B082A00F0C380186A520002F03F
S31500000EB00202427300256278A078D201400100F058
S31500000EC02000D2B20243186A05722078023801283F
S31500000ED0186A40F2A280D2B2C27160681A6A847837
S31500000EE054704578147865F301041470C4789474CA
S31500000EF0D479007804F0A30400F05C002043D0719C
S31500000F000020C3E90300C3E90500DC694D4A94F9F2
S31500000F100540CD6904F1C00152F8216095F800C082
S31500000F2060F3104642F821600CF0030C52F82110D1
S31500000F30BFF35F8F4FF0010E6109890004F01F04B3
S31500000F4001F1604101F561410EFA04F4C1F88041F6
S31500000F500C60D96991F90B4004F1C00152F8216087
S31500000F6060F3104642F8216052F82110BFF35F8FFC
S31500000F706109890004F01F0401F160410EFA04F4CE
S31500000F8001F56141C1F880410C60D96991F90740CA
S31500000F9004F1C00152F8216060F3104642F8216066
S31500000FA052F82110BFF35F8F6109890004F01F0416
S31500000FB001F160410EFA04F401F56141C1F8804186
S31500000FC00C60D96991F9091001F1C00452F8246046
S31500000FD060F3104642F8246052F82420BFF35F8F76
S31500000FE04A09920001F01F0102F160420EFA01F176
S31500000FF002F56142C2F8801111601A6A4CF0700C59
S3150000100082F802C06989124A19815A60BDE8F081E6
S315000010104FF478401A6A908230E7FF2545702078B1
S31500001020022808BF42F01002186AD2B2C27167E7FE
S315000010300A201A6A50733DE7F22042F040022AE77E
S3150000104000E100E000600040B80B002000400840CE
S315000010505549435303207047EFF30383103B1F4A60
S315000010605BB203F1C00152F8210020F4803042F84F
S31500001070210052F821201A4A52F82300C3691B693D
S3150000108083B1036903B17047026A0021937803F0C4
S315000010907F0343F004039370436AC160C3B18022A7
S315000010A0FFF7DEBD0369026A002BEED08378C168C4
S315000010B003F00303022B0CD00B78D3708278D0E9AF
S315000010C0031302F003029B1A1144C0E90313D9E784
S315000010D070470B8843F47E43D381EFE700600040FE
S315000010E0B80B002010B582B0EFF30383103B1F4A04
S315000010F05BB203F1C00152F8210020F4803042F8BF
S31500001100210052F821201A4A52F82340A27802F010
S315000011100303022B236A0CBF198A5979A3690CBFF2
S31500001120C1F30801C9B2019143B9636AB3B104229C
S31500001130204602B0BDE81040FFF792BD02F0030260
S3150000114001A9606902F067FDD4E90521A37803F0DF
S3150000115003031A44C91AC4E9052109B102B010BD36
S31500001160636A002BFAD00122E2E700BF006000406C
S31500001170B80B002010B5EFF303830E4A103B5CB2A8
S3150000118052F82400026A937803F07B039370436A53
S315000011901BB102220021FFF763FD074A04F1C003D9
S315000011A052F8231021F4803142F8231052F82330EC
S315000011B010BD00BFB80B00200060004010B5EFF373
S315000011C003831A4A103B5CB252F82400837803F07A
S315000011D00303022B036A0CBF198A597993F804C0DA
S315000011E00CBFC1F30801C9B21CF0100F0CF0380295
S315000011F006D093F81CC01CF0010F08BF42F0400255
S3150000120093F804C00CF0C70C83F804C0436A0BB112
S31500001210FFF726FD064A04F1C00352F8231021F415
S31500001220803142F8231052F8233010BDB80B00204D
S315000012300060004010B40B0A064C1B0153FA81F102
S3150000124054F821300020C3F340035DF8044B1370BB
S31500001250704700BF000808400120CBB2984080B21A
S3150000126002B900040B0A5B0103F1804303F5002376
S3150000127098600020704700BF2DE9F84F0388DBB166
S3150000128082464FF0000B4FF00109DFF8D0800024B2
S31500001290304D4FEACB07DAF8043035F8022BD9196E
S315000012A0898891420AD00134032CF4D1BAF800306F
S315000012B00BF1010B5B45EAD8BDE8F88FDB5909FA5B
S315000012C004F603F0B853B3F1807FF6B298F8BB3456
S315000012D013D0334231D1204A04F1200612F81630D9
S315000012E0DB09E0D012F81630012123F08003C82074
S315000012F002F8163000F0ACFFD5E7334211D0164A9B
S3150000130004F1200112F81130DB09CCD112F81130AA
S31500001310C82043F0800302F81130012100F098FF45
S31500001320C1E7012001F058F898F8BB340120334397
S3150000133088F8BB3401F020F8E1E7012001F04CF811
S3150000134098F8BB34012023EA060388F8BB3401F081
S3150000135013F8C0E7208400000030084000E0014098
S31500001360F8B50646FFF788FFEFF31082012383F3F3
S315000013701088234F3B681BB92249CB704023CB70A2
S315000013803B6801333B6082F31088338823B3002126
S315000013901D4D08E01B01134445F8234032880131F6
S315000013A08BB29A4218D9736853F8314003EBC102E5
S315000013B09288E0034FEA1223D2B2EBD502EB031078
S315000013C055F820E024F4803C2EF4803E45F820E0D9
S315000013D01B0145F820C0DEE7EFF31082012383F3FB
S315000013E010883B6813B13B68013B3B603B681BB907
S315000013F080200449CB70C87082F31088F8BD00BF06
S31500001400B40B0020000D08400008084008B5034B47
S3150000141003600846FFF7A4FF002008BD54524F5052
S3150000142070B5012686B001AB03A80C461546049399
S31500001430ADF80C60ADF808100192FFF71DFFEFF351
S31500001440108286F310881D490B681BB940261C487C
S31500001450C370C6700B6801330B6082F31088EA0311
S315000014604FEA1423E4B219D41B01164A234442F866
S315000014702350EFF31082012383F310880B6813B116
S315000014800B68013B0B600B681BB980200C49CB70C5
S31500001490C87082F31088002006B070BD094A04EBBC
S315000014A0031052F820601B0126F4803642F82060B3
S315000014B025F4803642F82060D7E700BFB40B002041
S315000014C0000D0840000808400346002059601A72C3
S315000014D0704700BF30B5836B83B004460A466D463D
S315000014E0A3B193E8030085E80300E16B1A71196064
S315000014F01846636B9847A36B1BB195E8030083E816
S315000015000300002384F82B3003B030BD2B46ECE7F4
S3150000151030B5424B83B01B6A01690193019B03F00E
S315000015200F230193019A019D0B7C90F82C4094B9EE
S31500001530C2F30322DBB2A2EB156293409B0804D1EF
S31500001540082003B030BD013BFAD04A78D209FAD15F
S31500001550B323CB710169002390F82620846980F8B3
S315000015602720026880F82B30C46180F82D3080F87F
S31500001570283080F82E30036280F82F3080F8303023
S31500001580546A227894F801E0012A14BF4FF0040C43
S315000015904FF0050C6279120142EA4E0294F806E019
S315000015A042EACE124CEA0202D2B2CA7001690A7944
S315000015B042F010020A7101690A7963F3C3020A71E3
S315000015C001690A7963F304120A710269E1791379F0
S315000015D061F3C71313710269537943F00103537121
S315000015E0036893F90F30002B07DB012203F01F0479
S315000015F00B495B09A24041F82320BF220369DA7137
S3150000160090F82C302BB1002380F82C30002003B04A
S3150000161030BD022203695A70F8E700BF00E00140BE
S3150000162000E100E090F808C0C0E90512BCF1010F26
S3150000163080F82A3008D10022436880F826C05B0073
S3150000164080F8243080F82520002380F82930FFF721
S315000016505FBF00BF2DE9F0434FF01F085F27DF266D
S315000016600569DFF8B49185F8008005694FF0000C34
S315000016702F7005694FF0B30E2E700568634A6E6AC7
S3150000168005693679624C46F0E0062E740568614BB2
S315000016906E6A0569F67846F0E0066E7405686E6A4D
S315000016A00569B678360106F0700646F00806AE7093
S315000016B005686E6A05693778012F777814BF0426A6
S315000016C0052646EA4706F6B2EE7005686E680569B5
S315000016D04E4514BF7726F7266E71056985F806C054
S315000016E0056985F807E04E7B91F9115036015719C7
S315000016F0F6B287F8006344F8250005F1C00653F8F2
S3150000170026706CF3104743F8267053F82660BFF333
S315000017105F8F4FF0010E6E09B60005EA080506F167
S31500001720604606F561460EFA05F5C6F88051356045
S315000017304E7B91F90F5036015719F6B287F80063C0
S3150000174044F8250005F1C00653F826706CF31047DF
S3150000175043F8267053F82660BFF35F8F6E09B60014
S3150000176005EA080506F160460EFA05F506F5614636
S31500001770C6F8805135604E7B91F9105036015719E5
S31500001780F6B287F8006344F8250005F1C00653F861
S3150000179026706CF3104743F8267053F82660BFF3A3
S315000017A05F8F6E09B60005EA080506F160460EFA77
S315000017B005F506F56146C6F8805135604D7B91F911
S315000017C00E102D010A44EDB282F8005344F82100B0
S315000017D001F1C00253F822406CF3104443F8224052
S315000017E053F82230BFF35F8F4B099B0001EA0801D3
S315000017F003F160430EFA01F103F56143C3F880116A
S3150000180019609F2203691A70BDE8F08300E100E0C9
S31500001810B80B00200060004040420F0070B5002564
S315000018200A78016002F5800202F51F621202026167
S315000018308A6842600A7B0272CA6942630A6AC0E920
S315000018400E52EFF3108C012282F310880B78C3F14D
S3150000185009039A400C4B5E6826EA02025A605B68EE
S315000018608CF31088FFF7F6FEC0E90755074B80F8A2
S315000018702950456180F82A50856180F82B50C36055
S3150000188080F82C50284670BD004008404349495214
S3150000189010B582B0EFF30383103B5F4A5BB2C033EF
S315000018A052F8231021F4803142F8231052F82330E5
S315000018B0EFF30383594A103B5BB252F8234094F886
S315000018C02D305BBBA369022B22D9E369012B0ED114
S315000018D02269137943F0100313712269137943F0D7
S315000018E0080313712269137923F010031371236817
S315000018F05B6ADB79002B3ED101222369DB7CDBB2FC
S315000019008DF807309DF8073084F82D2002B010BD01
S315000019102269137943F040031371D6E7E369002B7C
S31500001920F4D02268526AD279FAB9032B17D0022B67
S3150000193026D0012B34D02269236AD17C6269D15426
S31500001940D4E907320132013BC4E90732002BDDD16D
S3150000195021690A7963F386120A7102B010BD226901
S31500001960137943F040031371E5E705212046FFF79D
S31500001970B1FDE369D9E705212046FFF7ABFDBBE7DB
S315000019802269137943F0100313712269137943F026
S31500001990080313712269137923F010031371CAE740
S315000019A094F82A2072B322681D4892F90F20510933
S315000019B002F01F0203FA02F2203140F82120BFF3A1
S315000019C04F8FBFF36F8F04202169CA7942F08002DE
S315000019D0CA7121690A7942F010020A7121690A79ED
S315000019E022F008020A7121690A7922F010020A71AE
S315000019F02269507021694A7922F001024A7184F8FD
S31500001A002C3098E708212269537A03F0F7035372C2
S31500001A10236959708FE700BF00600040B80B0020B3
S31500001A2000E100E010B5EFF30383103B424A5BB2DE
S31500001A30C03352F8231021F4803142F8231052F8B3
S31500001A402330EFF303833D4A103B5BB252F8234049
S31500001A5094F82730002B3FD194F82930002B3AD147
S31500001A6023685B6ADB792BB194F82B3013B9236AB0
S31500001A70002B5BD1E3692169002B40D1CB79C022D1
S31500001A8023F08003CB71216901E0013A02D0CB79C2
S31500001A90DB09FAD12368284A93F91030C03352F88B
S31500001AA0231021F4803142F8231052F823302368A2
S31500001AB093F91030002B09DB01215A09204803F065
S31500001AC01F03603201FA03F340F822302269D3790A
S31500001AD043F04003D37110BD94F82630032B1CD07D
S31500001AE094F8242023699A7494F8282094F82730CF
S31500001AF00132013B84F8282084F8273010BD236A80
S31500001B006269D35C8B74D4E907320132013BC4E9C4
S31500001B100732002BDFD12169B0E794F82830022B79
S31500001B20DED194F83030002BDAD110BD05212046E5
S31500001B30FFF7D0FC9EE700BF00600040B80B002016
S31500001B4000E100E038B5EFF30383334A103B5BB2A4
S31500001B5052F8234023685B6ADB79002B48D194F85E
S31500001B6029301BB194F82730012B4FD0E369DBB144
S31500001B702169C023CA7922F04002CA71216901E0B5
S31500001B80013B02D0CA795206FAD4EFF30383103B25
S31500001B90224A5BB2C03352F8231021F4803142F856
S31500001BA0231052F8233038BD94F82A202AB3012096
S31500001BB022681B4D92F90F20510902F01F022031B5
S31500001BC000FA02F245F82120BFF34F8FBFF36F8F63
S31500001BD02169CA7942F08002CA71042122695170D2
S31500001BE021694A7963F300024A7184F82C00BFE741
S31500001BF005212046FFF76EFCB1E708212269537ADA
S31500001C0003F0F703537223695970B1E794F8303043
S31500001C10002BADD0AAE700BFB80B00200060004043
S31500001C2000E100E038B5EFF303834C4A103B5BB2AA
S31500001C3052F823000269537A517ADC0601F0E0017A
S31500001C4051725FFA83FC03F003022BD503695978BE
S31500001C50490647D40024012580F82B50DC71016821
S31500001C60FFF7F8FCB32290F8263080F82C4080F875
S31500001C702830C46180F82A400369846929460462D1
S31500001C80DA71FFF727FCEFF30383103B344A5BB2AC
S31500001C90C03352F8231021F4803142F8231052F851
S31500001CA0233038BD002A56D11CF0080F0ED090F80C
S31500001CB02B30002B3ED1B32290F829100369C1F1D5
S31500001CC00301C9B2DA71FFF705FCDCE790F82C20B6
S31500001CD00CF004032AB3002BD5D090F82B30002B40
S31500001CE037D1E8E7002AB5D15A78C2F380115206F7
S31500001CF0DAD5082280F82B105A70036801695A6AEF
S31500001D0094791378527943EAC41343EA021343F0F1
S31500001D100203DBB2CB700269537943F001035371BE
S31500001D20B1E7002BAFD003685B6ADB79002BAAD042
S31500001D300421C8E70023B32190F82650846902697C
S31500001D4080F82C3080F828500462C36180F82A306D
S31500001D50D1710121B7E703697CE700BFB80B00200A
S31500001D600060004003460020D3E902235360704719
S31500001D7003460020D3E90223D36070478368013904
S31500001D8099668368DA6AD20703D45966D0E90232C3
S31500001D90DA600020704700BF70B5836984B00446DE
S31500001DA08C46164601AD9BB193E8070085E807000F
S31500001DB083F804C09E60E26918461A606369984712
S31500001DC0A3691BB195E8070083E8070004B070BD5E
S31500001DD02B46EDE7002800DA704710B400F16043A7
S31500001DE00901124CC9B203F5614383F80013104B85
S31500001DF044F8202000F1C00253F8221021F480316B
S31500001E0043F8221053F82230BFF35F8F01224309B3
S31500001E109B0000F01F0003F1604303F5614382401D
S31500001E20C3F880211A605DF8044B7047B80B002098
S31500001E30006000404FF0010CF8B500260B46097C07
S31500001E4043600CFA01F111F00F0FC1600CBF61463F
S31500001E5031460174197C4C4A04460A4412028260D7
S31500001E605A6942619A69C0E90662DD69EFF3108733
S31500001E708CF310884FF00040197C444AC840116921
S31500001E8021EA00011161126987F310884FF4254198
S31500001E90A2681160A268D662A268D663A268966438
S31500001EA01878002603284FF00040197AA7684FEAF1
S31500001EB0C15108BF41F480315A68F962A168013AFC
S31500001EC00861A1684861A1688861A1684E62A1683D
S31500001ED08E62A168A869C861A168E8690862A168FC
S31500001EE08A66A1684A666268A86BD26992F8301061
S31500001EF0CE0705D5916AA6680139F16492F83010CB
S31500001F00890703D5D26AA168013A0A650022A16849
S31500001F108A63A168C1F88820AA6B3AB995F821208E
S31500001F2095F82010520742EA4132104395F83020C6
S31500001F300326002A14BF4FF4A0074FF4AA07012175
S31500001F40A2681764A2685063A2681663A268116348
S31500001F50D4E90221D160597C93F912002246FFF799
S31500001F6039FF224695F8221095F92400FFF732FF33
S31500001F7095F92500224695F82310FFF72BFF044B11
S31500001F8000202360F8BD00BF9016400000400840C6
S31500001F9054504700F0B5EFF30382103A214C51B28A
S31500001FA001F1C00C54F82C3023F4803344F82C3063
S31500001FB08B0003F1804303F5C043D3F800031A48AE
S31500001FC050F82100456895F800E0BEF1010F08D0F1
S31500001FD043692BB1BDE8F04000221146FFF7DCBE95
S31500001FE0F0BD0025D0E90267B760866802F0FF02FF
S31500001FF0B5648668F5648668356554F82C6065F3C3
S31500002000104644F82C60D3F80033BFF35F8F074CBB
S315000020104B0902F01F020EFA02F2603344F8232045
S31500002020D6E700BF00600040B80B002000E100E0EA
S31500002030064B074993F826001A6A51F82030C2F376
S3150000204002620449D3400B60704700BF00E00140C4
S31500002050E0010020F80B0020704700BFF8B54AF2F7
S31500002060035001233F49404AA1F8FE03A2F8043178
S31500002070B2F804319BB2002BFAD14FF0010C4FF4A9
S31500002080004120250920394C394F3A4E67603A4FB6
S31500002090344BE760A2F800C1384A2660A16021618E
S315000020A0626193F82620196A54F82220344EC1F34F
S315000020B00261CA40326083F8135483F8A20093F891
S315000020C080241AB993F88134990746D0254D95F89E
S315000020D08034002B36D00022224B83F8812483F8EB
S315000020E0802400231F4981F8323091F83C301A07CA
S315000020F0FBD543F6013000231A4A088581F82A30B9
S3150000210092F83C309B06FBD5012005231649F125A4
S3150000211081F81C011B49116282F8263092F826309C
S31500002120106A54F82310C0F30260C14031600024E5
S31500002130F0204FF42541144B1D731C721873A2F83E
S31500002140FE13F8BD0121C82085F8801400F080F840
S3150000215095F88034012BFBD1BDE74FF47A70FFF779
S315000021607BFFBEE700E0014000C00140E001002027
S3150000217000127A00002D3101001BB7000095BA0A43
S31500002180F80B0020211202210020004038B500255E
S31500002190284C0121C82084F8285000F059F884F80A
S315000021A0245094F82430002BFBD194F82430214994
S315000021B043F0020384F8243091F82430C3F340003E
S315000021C09B07F9D41B4A81F8220092F8223003F0CB
S315000021D0FF00002BF9D192F84030164960F3C7137F
S315000021E082F8403091F84030DB09FBD191F842008B
S315000021F0104A63F3C71081F8420092F84230DB09B7
S31500002200FBD192F844000B4963F3C71082F84400EF
S3150000221091F84430C3F3C014DB09F9D1012000F072
S31500002220DBF8054B012083F8BB44BDE8384000F0DD
S31500002230A3B800BF0030084000E00140704700BF6F
S3150000224000BEFEE7A0F101000028FBD1704700BFE9
S315000022504FF47A7310B400FB01F1114C114A246853
S31500002260B2FBF4F2A1FB03043CB9B0FBF2F0800828
S3150000227060B15DF8044BFFF7E5BF9200B1FBF2F1E8
S31500002280A1FB03132BB908460028F2D15DF8044BD5
S3150000229070474FF0FF3C5DF8044B6046FFF7D2BF36
S315000022A0F80B002000CA9A3B70B500240B4B0C4E6D
S315000022B0B3F82021B3F84051ADB2154025FA04F326
S315000022C0DB0704D556F82430E0B203B19847013451
S315000022D00E2CF3D1014BA3F8305170BD00600040C5
S315000022E07C0B002030B5032085B000F075F8002582
S315000022F06FF0FF014FF0FF301B4B1C4C99642246D8
S315000023002B464FF0010ECDE90100039032F8021B77
S315000023100EFA03FC013311B1012520EA0C000D2B46
S31500002320F4D1F5B10190124B0F4A1067C3F8800241
S31500002330029903205167C3F8841203999167C3F881
S31500002340881200F019F800230A4834F8022B03F12A
S31500002350C00101330AB140F821200D2BF5D105B09B
S3150000236030BD4FF0FF30DEE70080004004840000FF
S3150000237000E100E000600040EFF31081012383F3E9
S315000023801088124B33F8102092B22AB133F810207D
S31500002390013A92B223F8102033F810309BB293B969
S315000023A010B40B4A0B4CB2F8FE3334F810009BB253
S315000023B043F4254323EA0003A2F8FE3381F3108891
S315000023C05DF8044B704781F310887047EC0B0020D2
S315000023D000E001402884000030B4EFF310810123AF
S315000023E083F310880E4A32F810309BB26BB90D4C4D
S315000023F00D4DB4F8FE3335F810C09BB243EA0C031A
S3150000240043F425439BB2A4F8FE3332F8103001336F
S315000024109BB222F8103081F3108830BC704700BFA1
S31500002420EC0B002000E001402884000008B50C4AAF
S315000024300346106840B103330A4923F003030344FB
S315000024408B4205D8136008BD074908461160F2E7BC
S3150000245001F0CAFB0C2203461A604FF0FF3008BD9C
S31500002460F40B0020482F0020480F002000BE7047C4
S3150000247008B500F003F8FEF7C5FBFEE74FF470025F
S3150000248070B52B4B2B4CC3F8882000209C60FEF7C0
S31500002490E7F8FFF7E3FD0120FEF7E2F82368A3F56E
S315000024A0806383F30A882448244A0021121A01F023
S315000024B033FB2348234A2449121A01F0ACFB234D6F
S315000024C0234B5B1B002B07DD00249E1055F8043BB5
S315000024D001349847A642F9DCFFF7AAFDFFF756FE3E
S315000024E00320FFF779FF4FF6FF720024194B0320F4
S315000024F01A825A829A82DA821A835A839A83DA83F2
S31500002500FFF73AFF0320FFF767FF134B03205C60DA
S315000025109C60DC601C61FFF72FFF0220FEF7A0F82D
S31500002520FFF7E0FE2046BDE87040FFF787BE00BF1C
S3150000253000ED00E00000000000020020480F00202F
S3150000254000000020E001002098870000D80100204C
S31500002550DC010020000D084000000E4000232DE99C
S31500002560F04180462F4C82B04FF480620D462E48D3
S3150000257019462380019301F0CFFA404601F058FB3B
S31500002580414602462948FEF743FB0446404601F011
S315000025904FFB0146264801F03DF9002C3CD1019B3A
S315000025A0244AAB4214702BD2234E1F4C234F14E007
S315000025B03946204601F0B8FA2149F0B9204601F023
S315000025C0B3FAD0B94FF47A710120FFF741FE019BAF
S315000025D001330193019BAB4212D23146204601F0F2
S315000025E0A3FA0028E4D0174801F07CF9019B0120EA
S315000025F0AB4209D202B0BDE8F081134801F072F98E
S31500002600019B0020AB42F5D34146104801F002F988
S31500002610002002B0BDE8F08141460D4801F0FAF80D
S31500002620F6E700BF280200202C0200200C0B002039
S315000026305061000026020020786100009C610000C5
S31500002640C06100007C610000A4610000C861000058
S315000026505861000038B50F4C0F4D104B2A462046E6
S315000026600F4901F047F921460E4801F0D3F82946F3
S315000026700D4801F0CFF843F698212046FFF76EFF8C
S31500002680034620461C464FF40072002101F044FA2E
S31500002690204638BDFC0B00204C6200004062000062
S315000026A050620000206200006862000010B50E4C07
S315000026B00E4B0F4A20460F4901F01CF921460E48E1
S315000026C001F0A8F80D4801F00DF942F2107120460C
S315000026D0FFF744FF034620461C464FF400720021D4
S315000026E001F01AFA204610BDFC0B0020886200009B
S315000026F0CC620000F062000020620000206300004F
S3150000270010B50E4C0E4A20460E4901F0F3F821464C
S315000027100D4801F07FF80D4801F0E4F842F210711F
S315000027202046FFF71BFF034620461C464FF4007267
S31500002730002101F0F1F9204610BD00BFFC0B00207E
S3150000274044630000A463000020620000C063000030
S3150000275070B5104C104E114D33462A46204610498E
S3150000276001F0C8F821460F4801F054F832462946D0
S315000027700D4801F04FF842F210712046FFF7EEFEC9
S31500002780034620461C464FF40072002101F0C4F9AE
S31500002790204670BDFC0B0020DC630000E4630000F3
S315000027A018640000206200003464000038B50F4C45
S315000027B00F4D20462A460F4901F09CF821460E4847
S315000027C001F028F829460D4801F024F842F210716C
S315000027D02046FFF7C3FE034620461C464FF4007210
S315000027E0002101F099F9204638BD00BFFC0B0020FE
S315000027F0606400008C64000020620000A464000095
S3150000280070B510EE100AA6B000F092FA04460D4616
S3150000281022462B461B491C4E02A801F06BF81B49A9
S3150000282002AA06A801F066F832461949194801F0CD
S3150000283061F81849184800F0EDFF22462B46174864
S31500002840009600F0E7FF42F210711248FFF786FE8D
S31500002850044680B142F2107106A8FFF77FFE06A972
S315000028600D4800F0D7FF324602A90D4800F0D2FF0E
S31500002870204626B070BD0B4801F034F8204626B03D
S3150000288070BD00BFC8640000F0640000D0640000A2
S3150000289030650000FC0B002020620000506500003F
S315000028A07C650000A865000070B510EE100AA6B0A1
S315000028B000F03EFA04460D4622462B461D4902A864
S315000028C001F018F81C4902AA06A801F013F806A898
S315000028D001F0AEF9194E034632461949194801F07E
S315000028E009F81849184800F095FF22462B46174864
S315000028F0009600F08FFF42F210711248FFF72EFE8D
S31500002900044680B142F2107106A8FFF727FE06A919
S315000029100D4800F07FFF324602A90D4800F07AFF0D
S31500002920204626B070BD0B4800F0DCFF204626B0DE
S3150000293070BD00BFC8640000D0650000F0640000F0
S31500002940F0650000FC0B002020620000106600000D
S315000029503C6600006466000010B5314800F0C2FF16
S31500002960304800F0BFFF304C304B0FCB07C4304827
S31500002970238000F0B7FFA4F10C012E4800F04AFFB7
S3150000298042F21071A4F10C00FFF7E8FD0346A4F132
S315000029900C001C464FF40072002101F0BDF83CB358
S315000029A0254800F09FFFFFF755FEE0B1234800F0F1
S315000029B099FFFFF77BFE28B3214800F093FFFFF74E
S315000029C09FFED0B11F4800F08DFFFFF7C1FEF0B1AA
S315000029D01D4800F087FFFFF7E9FEE8B1BDE81040AB
S315000029E01A4800F07FBF1A48BDE8104000F07ABFD1
S315000029F01848BDE8104000F075BF1748BDE8104004
S31500002A0000F070BF1548BDE8104000F06BBF1448D9
S31500002A10BDE8104000F066BF124800F063FFDDE736
S31500002A2094660000B4660000FC0B0020F461000010
S31500002A300462000020620000FC660000446700009B
S31500002A4094670000EC670000346800006C680000C2
S31500002A5010670000C8660000B06700005C670000F1
S31500002A60006800004C68000081F0004102E000BFF1
S31500002A7083F0004330B54FEA41044FEA430594EA38
S31500002A80050F08BF90EA020F1FBF54EA000C55EA73
S31500002A90020C7FEA645C7FEA655C00F0E2804FEA44
S31500002AA05454D4EB5555B8BF6D420CDD2C4480EA26
S31500002AB0020281EA030382EA000083EA010180EA56
S31500002AC0020281EA0303362D88BF30BD11F0004FA4
S31500002AD04FEA01314FF4801C4CEA113102D04042DA
S31500002AE061EB410113F0004F4FEA03334CEA133315
S31500002AF002D0524263EB430394EA050F00F0A7802D
S31500002B00A4F10104D5F1200E0DDB02FA0EFC22FA27
S31500002B1005F2801841F1000103FA0EF2801843FA1B
S31500002B2005F359410EE0A5F120050EF1200E012A0C
S31500002B3003FA0EFC28BF4CF0020C43FA05F3C0184A
S31500002B4051EBE37101F0004507D54FF0000EDCF1C3
S31500002B50000C7EEB00006EEB0101B1F5801F1BD36C
S31500002B60B1F5001F0CD349085FEA30004FEA3C0C70
S31500002B7004F101044FEA445212F5800F80F09A8066
S31500002B80BCF1004F08BF5FEA500C50F1000041EB6A
S31500002B90045141EA050130BD5FEA4C0C404141EB6E
S31500002BA00101013C28BFB1F5801FE9D291F0000F69
S31500002BB004BF01460020B1FA81F308BF2033A3F118
S31500002BC00B03B3F120020CDA0C3208DD02F1140C0F
S31500002BD0C2F10C0201FA0CF021FA02F10CE002F14A
S31500002BE01402D8BFC2F1200C01FA02F120FA0CFC43
S31500002BF0DCBF41EA0C019040E41AA2BF01EB04518C
S31500002C00294330BD6FEA04041F3C1CDA0C340EDC89
S31500002C1004F11404C4F1200220FA04F001FA02F3CC
S31500002C2040EA030021FA04F345EA030130BDC4F18A
S31500002C300C04C4F1200220FA02F001FA04F340EA7F
S31500002C400300294630BD21FA04F0294630BD94F030
S31500002C50000F83F4801306BF81F480110134013D17
S31500002C604EE77FEA645C18BF7FEA655C29D094EA88
S31500002C70050F08BF90EA020F05D054EA000C04BF06
S31500002C801946104630BD91EA030F1EBF00210020F1
S31500002C9030BD5FEA545C05D14000494128BF41F090
S31500002CA0004130BD14F580043CBF01F5801130BDF4
S31500002CB001F0004545F0FE4141F470014FF000007F
S31500002CC030BD7FEA645C1ABF194610467FEA655C30
S31500002CD01CBF0B46024650EA013406BF52EA0335D2
S31500002CE091EA030F41F4002130BD00BF90F0000FC0
S31500002CF004BF0021704730B54FF4806404F13204FC
S31500002D004FF000054FF0000150E700BF90F0000FB4
S31500002D1004BF0021704730B54FF4806404F13204DB
S31500002D2010F0004548BF40424FF000013EE700BFAB
S31500002D3042004FEAE2014FEA31014FEA02701FBF3B
S31500002D4012F07F4393F07F4F81F06051704732F06D
S31500002D507F4208BF704793F07F4F04BF41F40021C4
S31500002D60704730B54FF4607401F0004521F0004122
S31500002D701CE700BF50EA010208BF704730B54FF0AC
S31500002D8000050AE050EA010208BF704730B511F0AD
S31500002D90004502D5404261EB41014FF4806404F1E5
S31500002DA032045FEA915C3FF4D8AE4FF003025FEA6B
S31500002DB0DC0C18BF03325FEADC0C18BF033202EBEF
S31500002DC0DC02C2F1200300FA03FC20FA02F001FA49
S31500002DD003FE40EA0E0021FA02F11444BDE600BFEC
S31500002DE02DE9FF4757EC106B002F0C4619463B4662
S31500002DF0B4BF07F1004300239146BFBF32461F46CA
S31500002E002D231646DDF830A00B700D9B23F020080D
S31500002E10B8F1460F05D0B8F1450F00D101340221B3
S31500002E2000E0032103AB2246019302AB47EC106B93
S31500002E300093534600F094FFB8F1470F054619D1A9
S31500002E4019F0010F0ED000EB0409002200233046D2
S31500002E50394603F071F808B1CDF80C903022039B87
S31500002E604B451ED3039B28460E9A5B1B136004B08A
S31500002E70BDE8F087B8F1460F00EB0409E5D1037809
S31500002E80302B0AD1002200233046394603F054F88D
S31500002E9018B9C4F10104CAF80040DAF800309944C0
S31500002EA0D3E7591C03911A70D9E7F7B500290270C8
S31500002EB0BABF49422D232B230929437028DD0DF182
S31500002EC007030A271D461A46013BB1FBF7F607FB27
S31500002ED01614303402F8014C0C463146632CF2DCF1
S31500002EE03031941E03F8011C411C2346AB420AD321
S31500002EF00DF109039B1AAC4288BF00230233034439
S31500002F00181A03B0F0BD13F8016B01F8016FEDE775
S31500002F10302330318370031DC170F1E72DE9F04F86
S31500002F208DB00C4616461F46DDF85880054600F063
S31500002F3011FE03681846049300F07AFE00230590FC
S31500002F400A93D8F8003094F818A00733D4F800B0E4
S31500002F5023F0070303F10802C8F800204FF0FF3200
S31500002F60D3E9008929F00043CDF8188007939D4BDB
S31500002F70DDE90601C4E9128903F010F870BB4FF0D1
S31500002F80FF32984BDDE9060102F0EAFF30BB002272
S31500002F9000234046494602F0D9FF10B12D2384F89C
S31500002FA04330914A914BBAF1470F8CBF90469846F1
S31500002FB003234FF0000923612BF0040323603346FB
S31500002FC00BAA21462846009700F0D2F9013040F0BE
S31500002FD08D804FF0FF300DB0BDE8F08F42464B4676
S31500002FE04046494602F0DAFF40B14B46804A002B84
S31500002FF0BCBF2D2384F843307E4BD4E70AF0DF02B2
S31500003000636806925A1C3BD1062363604BF48062C8
S3150000301000232846226003930AABCDE901A309AB3E
S3150000302049EC108B00930DF123036168FFF7D8FE7E
S31500003030069B80460999472B29D1C81C02DB636889
S31500003040994241DDAAF1020A5FFA8AFA013952462B
S3150000305004F150000991FFF728FF0A9A81461318D8
S31500003060012A236102DC2268D20701D501332361DC
S315000030709DF82330002BA2D02D2384F843309EE701
S31500003080069A472AC2D1002BC0D10123BDE7BAF167
S31500003090650FDBD9BAF1660F18D1002963680BDD1D
S315000030A0216113B92268D00702D501330B4423618D
S315000030B04FF00009A165DBE713B92268D20701D5F5
S315000030C00233F4E70123F2E74FF0670A0A9B9942BD
S315000030D005DB23682161D807EAD54B1CE7E7002901
S315000030E0D4BFC1F1020201221344E0E723685A0566
S315000030F007D42369424631462846B84701302BD1CA
S3150000310067E7BAF1650F40F2DD8000220023D4E9BB
S31500003110120102F011FF002833D00123364A31464E
S315000031202846B84701303FF454AFDDE90938434536
S3150000313002DB2368D8070FD531462846DDE904238C
S31500003140B84701303FF445AF4FF0000908F1FF38AA
S3150000315004F11A0AC84509DC23689B0700F10381BC
S31500003160E0680B9B9842B8BF184634E701235246E5
S3150000317031462846B84701303FF42BAF09F1010923
S31500003180E8E7099B002B39DC01231B4A3146284618
S31500003190B84701303FF41DAFDDE9093959EA0303A9
S315000031A002D12368D907D7D531462846DDE904235D
S315000031B0B84701303FF40DAF4FF0000A04F11A0B87
S315000031C0099B5B42534501DC4B4693E701235A4674
S315000031D031462846B84701303FF4FBAE0AF1010AF2
S315000031E0EEE700BFFFFFEF7F34840000308400006D
S315000031F03C8400003884000040840000A36DDDF8A4
S3150000320028A05345A8BF5346002B994636DC4FF0FD
S31500003210000B29EAE97904F11A02A36D0693A3EBE0
S3150000322009035B4531DC099B9A453ADC2368DA07DA
S3150000323037D4099BAAEB0309069BAAEB030399451E
S31500003240A8BF9946B9F1000F33DC4FF0000829EA10
S31500003250E97904F11A0B099BAAEB0303A3EB090313
S3150000326043457FF779AF01235A4631462846B8478A
S3150000327001303FF4AEAE08F10108ECE742463146B4
S315000032802846B8470130C2D1A3E601233146284675
S315000032900692B84701303FF49CAE0BF1010B069A3B
S315000032A0BBE7DDE9042331462846B8470130C0D1E3
S315000032B08FE6069A4B46314628464244B8470130C7
S315000032C0C3D186E6DDF828A0BAF1010F01DCDB07E1
S315000032D036D50123424631462846B84701303FF4E9
S315000032E078AE31462846DDE90423B84701303FF47D
S315000032F070AE002200230AF1FF3AD4E9120102F06F
S315000033001BFEC0B9534608F1010231462846B847AC
S3150000331001300CD15DE601235A4631462846B847AE
S3150000332001303FF456AE08F10108D045F3DB4B46B9
S3150000333004F15002DFE64FF0000804F11A0BF4E73F
S3150000334001234246E1E701234A4631462846B8476B
S3150000335001303FF43EAE08F10108E3680B995B1AB1
S315000033604345F0DCFCE64FF0000804F11909F4E7E8
S315000033702DE9F047164698468A6807460B690C46BB
S31500003380DDF820909342B8BF1346336091F843208E
S315000033900AB1013333602368990642BF33680233AA
S315000033A03360256815F0060506D104F1190AE368AD
S315000033B032689B1AAB422BDC94F843302268003B00
S315000033C018BF0123920630D404F143024146384621
S315000033D0C847013023D023681A3454F80A2C03F066
S315000033E00603042B0ABF54F80E5C002533684FF021
S315000033F0000608BFED1A54F8123C08BF25EAE57529
S315000034009342C4BF9B1AED18B5421AD1002008E0BA
S315000034100123524641463846C847013003D14FF092
S31500003420FF30BDE8F0870135C1E7E1185A1C3020AE
S315000034300233224481F8430094F8451082F8431081
S31500003440C2E70123224641463846C8470130E6D046
S315000034500136D9E72DE9FF470F7E914680460C4697
S31500003460782F9A460C9E01F1430207D8622F0AD89C
S31500003470002F00F0D180582F00F0B88004F14206EA
S3150000348084F842703AE0A7F16303152BF6D801A140
S3150000349051F823F0ED340000013500007D340000C2
S315000034A07D3400007D3400007D34000001350000CD
S315000034B07D3400007D3400007D3400007D34000042
S315000034C0FF3500002B350000B93500007D340000C3
S315000034D07D340000213600007D3400002B350000CD
S315000034E07D3400007D340000C135000033681A1DAC
S315000034F01B68326004F1420684F8423001239CE0E6
S3150000350033682068191D3160060601D51D6803E081
S315000035104506FBD5B3F90050002D03DA2D236D4285
S3150000352084F8433058480A2311E0216833680806B6
S3150000353053F8045B02D4490648BFADB26F2F33601F
S31500003540514814BF0A230823002184F843106668F3
S31500003550002EA66005DB21682E4321F004012160C0
S315000035604BD01646B5FBF3F103FB1157C75D06F8C2
S31500003570017D2F460D46BB42F4D9082B0BD123689B
S31500003580DF0708D5236961689942DEBF302306F854
S31500003590013C06F1FF36921B22614B4603AA2146E7
S315000035A04046CDF800A0FFF7E3FE01304AD14FF0C8
S315000035B0FF3004B0BDE8F087236843F020032360A2
S315000035C078273248236884F845701F06316851F819
S315000035D0045B02D45F0648BFADB23160D90744BF71
S315000035E043F0200323601DB11023ADE72648E9E729
S315000035F0236823F020032360F6E71646BDE7336809
S315000036002568181D616930602E061B6801D5196092
S3150000361002E06806FBD51980002316462361BCE745
S31500003620336800211A1D32601E686268304600F059
S31500003630E4FA08B1801B606063682361002384F8A4
S315000036404330AAE72369324649464046D04701300F
S31500003650ADD023689B0713D4E068039B9842B8BF9C
S315000036601846A6E70123324649464046D047013070
S315000036709DD00135E36803995B1AAB42F2DCEBE7B8
S31500003680002504F11906F5E7428400005384000082
S31500003690002310B504468360818119464366C281C2
S315000036A008228361C0E90033C0E904335C3000F0CE
S315000036B033FA0D4B246263620C4BA3620C4BE3623C
S315000036C00C4B23630C4B9C4206D003F168029442D8
S315000036D002D0D0339C4205D104F15800BDE8104019
S315000036E000F088BA10BD00BF353900005739000018
S315000036F08F390000B3390000FC0D0020024A03494F
S31500003700034800F069B800BF100000201D580000F3
S315000037102000002041680C4B994210B5044601D0A8
S3150000372002F07CF8A168094B994202D0204602F0CB
S3150000373075F8E168064B994204D02046BDE8104072
S3150000374002F06CB810BD00BFFC0D0020640E002016
S31500003750CC0E002010B50B4B04210B4C0B4A204617
S315000037601A600022FFF794FF04F168000122092184
S31500003770FFF78EFF04F1D00002221221BDE81040AF
S31500003780FFF786BF340F0020FC0D0020FD36000039
S31500003790014800F030BA00BF3D0F0020014800F09C
S315000037A02BBA00BF3D0F002010B50446FFF7F0FF0F
S315000037B0236A1BB1BDE81040FFF7F0BF044B23623C
S315000037C0044B1B68002BF5D1FFF7C4FFF2E700BFDF
S315000037D015370000340F00202DE9F84307468846C8
S315000037E014460026D4E90195B9F1010905D52468E6
S315000037F0002CF7D13046BDE8F883AB89012B07D9F9
S31500003800B5F90E30013303D029463846C047064382
S315000038106835E9E70FB407B5064904AB086853F8FD
S31500003820042B8168019301F05DFE03B05DF804EBA3
S3150000383004B070471C000020036A70B505460E46AA
S3150000384084680BB9FFF7B0FF636EDB0705D4A38965
S31500003850980502D4A06D00F0CEF9A389190702D508
S315000038602369002B35D12146284600F0E5F880B3C0
S315000038704FF0FF35636EDA0705D4A3899B0502D4A2
S31500003880A06D00F0B9F9284670BD002B04DAA269D4
S315000038909A4217DC0A2915D023685A1C226019702F
S315000038A0A36816F8011F013BA3600029EDD1002B88
S315000038B011DA22460A21284600F07FF80130D7D0D7
S315000038C00A25D7E72246284600F077F80130E7D1E7
S315000038D0CEE7013EE4E723685A1C22600A221A70EA
S315000038E0EEE7FFFF024B01461868FFF7A5BF00BFD2
S315000038F01C0000200EB400B59CB06FF000411DAB5B
S3150000390002900690079104910848094953F8042B40
S31500003910059102A90068019301F0BEFC029B0022FA
S315000039201A701CB05DF804EB03B070471C00002051
S315000039300802FFFF10B50C46B1F90E1000F030F981
S315000039400028ABBF636DA3891B1823F48053ACBF5B
S315000039506365A38110BD2DE9F0411F468B8905469D
S315000039600C46DB05164605D502230022B1F90E10DA
S3150000397000F004F9A3893246B4F90E10284623F460
S315000039808053A3813B46BDE8F04100F01BB910B55A
S315000039900C46B1F90E1000F0F1F8431CA38915BFCF
S315000039A0606523F4805343F48053A38118BFA38139
S315000039B010BDB1F90E1000F0D1B8F8B50E46144698
S315000039C0054618B1036A0BB9FFF7EEFEA369A360BB
S315000039D0A3891A0701D5236943B92146284600F071
S315000039E02BF818B14FF0FF373846F8BD2368F6B20A
S315000039F022693746981A6369834205DC21462846C0
S31500003A0001F00CFF0028EDD1A368013BA3602368F9
S31500003A105A1C22601E70431C62699A4204D0A38914
S31500003A20DB07E1D50A2EDFD12146284601F0F6FE56
S31500003A300028D9D0D6E7FFFF38B5294B05460C46F6
S31500003A40186818B1036A0BB9FFF7AEFEB4F90C306B
S31500003A50190722D4DA0607D409222A6043F0400364
S31500003A604FF0FF30A38133E0580712D5616B41B1A7
S31500003A7004F14403994202D0284600F02FFF0023A8
S31500003A806363A38923F02403A3810023636023696E
S31500003A902360A38943F00803A38123694BB9A38953
S31500003AA003F42073B3F5007F03D02146284601F0C6
S31500003AB002FFB4F90C3013F001020AD00022A26012
S31500003AC062695242A261226942B913F08000C5D1EF
S31500003AD038BD990758BF6269A260F4E70020F7E78E
S31500003AE01C000020884210B501EB020402D9844272
S31500003AF0234607D8431EA14208D011F8012B03F82C
S31500003B00012FF8E7024401468A4200D110BD13F89E
S31500003B10014D02F8014DF7E702440346934200D1F6
S31500003B20704703F8011BF9E70A7870B56AB970BDEA
S31500003B309A4209D10C46054614F8013F002BF6D0EF
S31500003B4015F8016F9E42F7D001300378002BEFD1B4
S31500003B501846ECE7004870475C01002038B50023A2
S31500003B60054D044608462B6002F056FA431C02D166
S31500003B702B6803B1236038BD380F002038B50446E2
S31500003B80064D0846114600222A601A4602F05CFAE3
S31500003B90431C02D12B6803B1236038BD380F0020C7
S31500003BA038B50446064D0846114600222A601A46D4
S31500003BB002F052FA431C02D12B6803B1236038BDD0
S31500003BC0380F002038B50446064D08461146002237
S31500003BD02A601A46FCF758FB431C02D12B6803B136
S31500003BE0236038BD380F0020014B1868704700BFAE
S31500003BF01C000020704770477047C9B20346024454
S31500003C0010B59342184601D1002003E00478013331
S31500003C108C42F6D110BD0A44431E914200D1704732
S31500003C2010B511F8014B914203F8014FF9D110BDBF
S31500003C30034613F8012B002AFBD1181A01387047E6
S31500003C402DE9F74F036907460C69A342C0F283804A
S31500003C50013C00F1140501F11408A30055F82420D5
S31500003C6008EB8409009305EB8403019358F824308C
S31500003C7001339A42B2FBF3F631D34FF0000AC44641
S31500003C80AE46D3465CF8043B98B2E1454FEA13438F
S31500003C9006FB00A04FEA104280B206FB0323DEF8C3
S31500003CA0002092B24FEA134AA2EB00029BB2DEF862
S31500003CB000005A44C3EB224392B203EB104342EA9C
S31500003CC003424FEA234B4EF8042BDBD2009BEB5802
S31500003CD02BB9019B043B9D421A4630D33C613846C2
S31500003CE001F072F9002826DB2946002058F8042B3B
S31500003CF0D1F800C01FFA82FEC1451FFA8CF34FEAC5
S31500003D001242A3EB0E030344C2EB23429BB202EB27
S31500003D101C4243EA02434FEA224041F8043BE5D203
S31500003D2055F8242005EB840322B9043B9D421A462C
S31500003D300BD33C610136304603B0BDE8F08F126804
S31500003D40043B002ACAD1013CC5E71268043B002A9D
S31500003D50EFD1013CEAE70020EEE7FFFFFFFFFFFFA0
S31500003D602DE9F04FC76999B08346229E09910E92BC
S31500003D70139355EC104B8DED040B7FB9102000F01A
S31500003D80F7FD0246CBF81C0020B9A74BEF21A74848
S31500003D90FEF756FAC0E901770760C760DBF81C300A
S31500003DA0196859B15A680123584693404A608B6096
S31500003DB000F0D4FEDBF81C3000221A602B1EB7BFC1
S31500003DC023F00043002301220593A8BF3360059F1B
S31500003DD0974BB8BF3260BB4312D142F20F73139AAE
S31500003DE01360C7F31303234300F04685239BDFF8D4
S31500003DF054A2002B00F048850AF1030300F042BDEF
S31500003E009DED047B0022002351EC170B8DED0C7BFE
S31500003E1002F092F8804658B10123139A1360239B4F
S31500003E2013B1844B239A1360DFF81CA200F02CBD5B
S31500003E30C7F30A5616AA17A958469DED0C0B01F0B2
S31500003E4077F98146002E75D00D9BA6F2FF36CDF888
S31500003E505080C3F3130343F07F53DDE90C0143F4B1
S31500003E60401319460022744BFEF702FE68A3D3E9FD
S31500003E70002301F0F9FD68A3D3E90023FEF7FAFD5C
S31500003E8004460D463046FEF741FF65A3D3E90023FD
S31500003E9001F0EAFD02460B4620462946FEF7EAFDFA
S31500003EA004460D4602F090F80022074600232046FD
S31500003EB0294602F04BF840B13846FEF727FF224666
S31500003EC02B4602F039F800B9013F162F51D85B4B4B
S31500003ED003EBC703DDE90C01D3E9002302F036F852
S31500003EE0002848D0013F00231293169B9B1B5A1EA5
S31500003EF046BFC3F1010800234FF00008089248BFEF
S31500003F000893002F39DB089B0F973B440893002347
S31500003F100A93099B092B61D8052BC5BF043B0024D6
S31500003F2001240993099B023B032B63D8DFE803F0C6
S31500003F305254372CDDE916631E4406F23243202B19
S31500003F40C9BFC3F14003C3F120039F4006F21243E9
S31500003F50D8BF04FA03F006F1FF36C4BF24FA03F310
S31500003F6047EA0300FEF7C2FE0122A1F1F87314929C
S31500003F7077E70123B8E71290B7E77B42A8EB07087B
S31500003F800A9300230F93C4E701230B930E9BFB18A0
S31500003F9000930133012B0393B8BF012306E00123ED
S31500003FA00B930E9B002B28DD00930393DBF81C007C
S31500003FB00021042202F114059D4223D9416058468E
S31500003FC000F08CFD8246002840D11D4B024640F28F
S31500003FD0AF11DCE60023E3E70023D6E70124002344
S31500003FE00B9409934FF0FF3300220093039312239F
S31500003FF00E92DBE701230B93F4E701231A460093A5
S315000040000393F5E701315200D4E700BFAFF3008018
S3150000401061436F63A787D23FB3C8608B288AC63FC8
S31500004020FB799F501344D33F7184000088840000BD
S315000040300000F07F418400000000F83FA0850000EA
S31500004040E18400006D84000040840000DBF81C3031
S315000040501860039B0E2B00F2A180002C00F09E80BE
S31500004060002F33DD07F00F029B4BF8054FEA2714AC
S3150000407003EBC20393ED007B8DED067B16D5974BC4
S3150000408004F00F040326D3E90823DDE90C0101F04F
S3150000409015FECDE90401914D54B9DDE90623DDE9AC
S315000040A0040101F00BFECDE9040128E00226F2E747
S315000040B0E10708D50136DDE90601D5E9002301F05F
S315000040C0D3FCCDE9060164100835E5E700F0AF80C2
S315000040D07C42814B814D022604F00F02241103EB32
S315000040E0C203DDE90C01D3E9002301F0BDFC002386
S315000040F0CDE90401002C40F08F80002BD3D1129B18
S31500004100DDE90445002B00F094800022744B204624
S31500004110294601F01BFF002800F08B80039B002B33
S3150000412000F08780009B002B34DD7B1E204600229A
S315000041302946069301366B4B01F096FC009CCDE9AF
S3150000414004013046FEF7E2FDDDE9042301F08CFCB4
S315000041500022654BFEF78EFC0546A1F15076002C39
S315000041606AD10022614BDDE90401FEF781FC0246BB
S315000041700B46CDE904232A46334601F005FF002805
S3150000418040F087822A4606F10043DDE9040101F08A
S31500004190DDFE38BBDDE90C34CDE90434179B002B7A
S315000041A0C0F258810E2F00F355814B4B03EBC7032A
S315000041B093ED007B0E9B002B8DED007B80F2E5805E
S315000041C0039B002B00F3E1800CD10022474B51ECFE
S315000041D0170B01F049FCDDE9042301F0CBFE0028B2
S315000041E000F05582002425460E9B5646DB43069377
S315000041F000272146584600F0B1FC002D00F0BD8096
S315000042002FB1AF4203D03946584600F0A7FC2946E5
S31500004210584600F0A3FCB0E0E20705D50136D5E923
S31500004220002301F021FC01236410083562E7022611
S3150000423065E7039C069784E7274B0B9903EBC403BA
S31500004240544453E90223002954D00020284901F0A0
S3150000425035FD334656462A46FEF70AFCCDE91001DF
S31500004260DDE9040101F0B0FE0546FEF74FFD02460A
S315000042700B463035DDE90401FEF7FAFB02460B4634
S3150000428006F8015BCDE90423DDE9102301F05EFEAB
S31500004290002872D100201249DDE90423FEF7E8FB6D
S315000042A0DDE9102301F052FE002840F0B480A6425A
S315000042B03FF470AF00220B4BDDE9100101F0D4FB97
S315000042C00022084BCDE91001DDE9040101F0CCFB29
S315000042D0CDE90401C4E700BFA08500007885000091
S315000042E00000F03F0000244000001C400000144085
S315000042F00000E03F31465646284601F0B5FB1594CE
S31500004300CDE91001DDE9040101F05EFE0546FEF788
S31500004310FDFC024630350B46DDE90401FEF7A8FB3D
S3150000432006F8015B02460B46A642CDE904234FF090
S31500004330000224D1AB4BDDE91001FEF79BFB0246E0
S315000043400B46DDE9040101F01FFE002863D10020C1
S31500004350A449DDE91023FEF78BFB02460B46DDE997
S31500004360040101F0F3FD00283FF414AF159E731EFF
S31500004370159316F8013C302BF8D0069F3BE09A4B7C
S3150000438001F072FBCDE90401BCE7DDE904455646C0
S3150000439020462946DDE9002301F090FC01F014FED9
S315000043A08046FEF7B3FCDDE9002301F05DFB024623
S315000043B0204608F130040B462946FEF759FB039DBB
S315000043C006F8014BA6EB0A0402460B46A54234D179
S315000043D0FEF750FB04460D46DDE9002301F0D4FD4F
S315000043E0C0B920462946DDE9002301F0A5FD10B13C
S315000043F018F0010F0ED14946584600F0AFFB0023D6
S3150000440001373370139B1F60239B002B00F03C8207
S315000044101E6039E2069733461E4613F8012D392AE7
S3150000442007D19A45F8D1069A0132069230228AF8C7
S3150000443000201A7801321A709FE700226A4B01F0B9
S3150000444013FB0022002304460D4601F075FD0028EB
S315000044509ED0D0E70B9A002A00F0E180099A012A43
S3150000446000F3C480149A002A00F0B78003F23343A5
S315000044700A9C4646089A0121584698441A440892CE
S3150000448000F022FC05465EB1089B002B08DDB34216
S31500004490089AA8BF3346A8EB0308F61AD31A08935E
S315000044A00A9BF3B10B9B002B00F0BD808CB1294613
S315000044B02246584600F0C2FC4A4601460546584682
S315000044C000F018FC49460690584600F047FB069B4C
S315000044D099460A9B1A1B04D04946584600F0AEFC82
S315000044E081460121584600F0EFFB0F9B0446002B46
S315000044F000F0CE811A460146584600F09FFC099B03
S315000045000446012B00F39580049B002B40F08D8020
S31500004510059BC3F31303002B40F08980059B23F012
S3150000452000431B0D1B052BB1089B08F10108013345
S31500004530089301230A930F9B002B00F0AF81236998
S3150000454004EB8303186900F073FBC0F12000089B9D
S31500004550184410F01F0077D0C0F12003042B6BDD48
S31500004560C0F11C00089B8044034406440893B8F13C
S31500004570000F05DD49464246584600F0B9FC814623
S31500004580089B002B05DD21461A46584600F0B0FC74
S315000045900446129B002B59D02146484600F014FDD4
S315000045A0002853DA7B1E49460A2258460693002302
S315000045B000F0F6FA0B9B8146002B00F07181002378
S315000045C029460A22584600F0EBFA009B0546002BC6
S315000045D067DC099B022B41DC63E0169BC3F13603C3
S315000045E046E700BF0000E03F00002440039B5C1E3E
S315000045F00A9BA34209DB1C1B039B002BBFF639AFAA
S31500004600039BA8EB0306002334E70A9B46460F9A52
S31500004610E31A0A9400241A44039B0F922AE70A9C81
S3150000462046460B9D2FE70A9A56E7002382E7049B2E
S3150000463080E700230A9382E799D01C33089A1A442C
S3150000464098441E44089292E70346F6E7039B0697B2
S31500004650002B20DC0093099B022B1EDD009B002B08
S315000046607FF4C2AD21460522584600F099FA01466C
S315000046700446484600F0A8FC00287FF7B5AD312374
S31500004680564606F8013B069B01330693B0E5039CAC
S3150000469006972546F3E7039B00930B9B002B00F040
S315000046A00381002E05DD29463246584600F020FCDF
S315000046B005460A9B002B5AD06968584600F00EFA48
S315000046C0064628B9834B024640F2EF21FFF75FBB4F
S315000046D02A6905F10C010C3002329200FFF79BFAB1
S315000046E001223146584600F003FC0AF101032F4629
S315000046F005460393009B53440B93049B03F001036D
S315000047000A93039B21464846013B0093FFF798FA1C
S315000047103946049000F13008484600F055FC2A4618
S3150000472008902146584600F06BFCC268064602BB5C
S315000047300146484600F048FC0246314658460E926D
S3150000474000F00CFA099B0E9A039E42EA03010A9BAB
S31500004750194310D1B8F1390F29D0089B002B02DD7F
S31500004760049B03F13108009B83F8008041E528464D
S31500004770BBE70122E1E7089B002B04DB09990B4309
S315000047800A990B4320D1002AEDDD494601225846FD
S3150000479000F0AEFB2146814600F016FC002803DC43
S315000047A0E1D118F0010FDED0B8F1390FD8D1392395
S315000047B0009A137033461E46013B16F8012C392A1F
S315000047C051D001321A7014E5002A07DDB8F1390F0D
S315000047D0EDD008F10103009A13700AE5039B0B9ACA
S315000047E003F8018C934228D0494600230A225846F2
S315000047F000F0D6F9AF4281464FF000034FF00A02AF
S315000048003946584607D100F0CBF907460546039BC3
S315000048100133039375E700F0C3F9294607460023E1
S315000048200A22584600F0BCF90546F0E7009B00272F
S31500004830002BCCBF1E460126564449460122584647
S3150000484000F056FB2146814600F0BEFB0028B1DC95
S3150000485002D118F0010FADD133461E4613F8012DD3
S31500004860302AFAD0C5E49A45A5D1069B01330693B2
S3150000487031238AF80030BCE4239BDFF85CA01BB12F
S315000048800AF10803239A1360504619B0BDE8F08F69
S31500004890099B012B7FF738AE0F9B0A93012056E642
S315000048A0009B002B7FF7D7AE564621464846FFF7BA
S315000048B0C7F900F13008009B06F8018BA6EB0A0247
S315000048C09342B3DD494600230A22584600F068F9B0
S315000048D08146EAE7E18400006484000038B50546B5
S315000048E0002941D051F8043C0C1F002BB8BFE41836
S315000048F000F0E8F81D4A136833B96360146028466F
S31500004900BDE8384000F0E4B8A34208D92068211871
S315000049108B4201BF19685B6809182160EDE71A46EA
S315000049205B680BB1A342FAD911685018A0420BD1AB
S3150000493020680144501811608342E0D118685B6812
S31500004940084453601060DAE702D90C232B60D6E7DF
S31500004950206821188B4202BF19685B6809186360DA
S3150000496008BF21605460CAE738BD00BF440F00206D
S31500004970024B0146186800F025B800BF1C00002055
S3150000498070B50F4E0C460546316811B900F0F2FFBE
S3150000499030602146284600F0EDFF431C03D14FF05E
S315000049A0FF34204670BDC41C24F00304A042F8D096
S315000049B0211A284600F0DEFF0130F2D1EFE700BFF2
S315000049C0400F00202DE9F843CD1C064625F00305CF
S315000049D008350C2D38BF0C25002D01DBA94204D962
S315000049E00C2333600020BDE8F883DFF8D48000F0A4
S315000049F069F8D8F800301C4644BB29463046FFF714
S31500004A00BFFF431C044658D1D8F800402746002F64
S31500004A1043D1002C4BD023683946304604EB0309BA
S31500004A2000F0A8FF814542D1216830466D1A29461B
S31500004A30FFF7A6FF01303AD023682B442360D8F84D
S31500004A4000305A6862BBC8F800700FE02268521B3B
S31500004A5020D40B2A17D96119A342256018BF5960C3
S31500004A60636808BFC8F8001062514B60304600F01A
S31500004A702FF804F10B00231D20F00700C21A1CBFFB
S31500004A801B1AA350AFE76268A3420CBFC8F8002008
S31500004A905A60EBE723466468AEE73C467F68B6E7B4
S31500004AA01A465B68A342FBD100235360DEE70C2362
S31500004AB03046336000F00CF894E70560D6E700BF97
S31500004AC0440F00200148FFF796B800BF3C0F0020B6
S31500004AD00148FFF791B800BF3C0F002070B5C669CA
S31500004AE004460D4676B91020FFF742FF0246E06104
S31500004AF020B9184B6B211848FDF7A2FBC0E90166E7
S31500004B000660C660E669F36883B1E369DB6853F85B
S31500004B102500B8B90121204601FA05F6721D92005A
S31500004B2000F038FF60B1C0E901560EE021220421F1
S31500004B30204600F02FFFE369F060DB68002BE4D12C
S31500004B40002070BD026843F825200023C0E9033326
S31500004B50F7E700BF71840000F284000070B5C669F3
S31500004B6005460C4676B91020FFF702FF0246E861BB
S31500004B7020B9094B8F210948FDF762FBC0E90166A0
S31500004B800660C6603CB1EB696268DB6853F82210C8
S31500004B90216043F8224070BD71840000F284000059
S31500004BA02DE9F04101F1140C07460C461E460D692D
S31500004BB00020DCF80030013099B2854202FB016129
S31500004BC04FEA13464FEA114389B202FB063301EB63
S31500004BD003414FEA13464CF8041BEADC0EB3A36804
S31500004BE0AB4219DC616838460131FFF777FF804632
S31500004BF028B902460C4BBA210C48FDF721FB226965
S31500004C0004F10C010C3002329200FFF704F8214641
S31500004C1044463846FFF7A2FF04EB850301355E6183
S31500004C2025612046BDE8F081E1840000F2840000A1
S31500004C30B0F5803F034636BF030400201020B3F1D1
S31500004C40807F3CBF1B020830B3F1805F3CBF1B0175
S31500004C500430B3F1804F3CBF9B000230002B05DBD4
S31500004C6013F0804F00F1010008BF20207047036851
S31500004C70024613F007000BD0D90721D4980747BF87
S31500004C805B0801209B0802204CBF1360136070472D
S31500004C9099B209B91B0C1020D9B209B908301B0A00
S31500004CA0190704BF1B090430990704BF9B0802308B
S31500004CB0D90703D45B0800F1010003D013607047E5
S31500004CC0002070472020704710B50C460121FFF7E1
S31500004CD005FF024628B9054B40F245110448FDF789
S31500004CE0AFFA01234461036110BD00BFE1840000F7
S31500004CF0F28400002DE9F04F17460A69894685B00F
S31500004D003B699A42A2BF3B460F4699463D69BB683E
S31500004D10D9F810A0796805EB0A06B342B8BF01318D
S31500004D20FFF7DCFE30B90246424B4FF4B171424800
S31500004D30FDF786FA00F11404002204EB860E2346E2
S31500004D40734520D307F1140809F1140108EB850512
S31500004D5001EB8A030293EB1B1537153B23F0030384
S31500004D600433BD4238BF04230193029B03918B4257
S31500004D700CD8002E03DD5EF8043D002B57D00661EB
S31500004D8005B0BDE8F08F43F8042BD9E7B1F800A0D1
S31500004D90BAF1000F21D0C446A14600275CF8042BC7
S31500004DA0D9F800301FFA82FB65459BB24FEA1242E2
S31500004DB00AFB0B333B44D9F800704FEA17470AFB4E
S31500004DC0027202EB13429BB24FEA124743EA0243D6
S31500004DD049F8043BE2D8019BE750039B0431B3F842
S31500004DE00290B9F1000F20D023684746A4464FF041
S31500004DF0000AB7F800B09BB2BCF8022009FB0B22F0
S31500004E00524443EA02434CF8043B57F8043B4FEA4A
S31500004E10134ABCF80030BD4209FB0A3303EB1243C8
S31500004E204FEA134AE5D8019AA35004349DE7013EA0
S31500004E309FE700BFE1840000F28400002DE9F843FB
S31500004E40154612F0030207460E4607D0013A254CD6
S31500004E50002354F82220FFF7A3FE0646AD103DD0EE
S31500004E60FC697CB91020FFF783FD0246F86128B97A
S31500004E701D4B40F2B3111D48FDF7E2F9C0E90144AC
S31500004E800460C460D7F81C80D8F808404CB940F2DA
S31500004E9071213846FFF718FF00230446C8F80800BA
S31500004EA003604FF00009EB070AD531462246384623
S31500004EB0FFF720FF8046314638464646FFF74EFE4E
S31500004EC06D100BD0206838B9224621463846FFF7C8
S31500004ED011FF2060C0F800900446E4E73046BDE8C4
S31500004EE0F88300BF6885000071840000F28400002A
S31500004EF02DE9F0470C46074691464FEA621A2369A8
S31500004F00496803EB6218A36808F10106B3420BDB9C
S31500004F103846FFF7E3FD054648B90246284B4FF4ED
S31500004F20EF712848FDF78CF901315B00EEE70023AD
S31500004F3000F1140100F110021846534533DB2AEA4A
S31500004F40EA7A04F11403206919F01F0901EB8A01BA
S31500004F5003EB800C2BD0C9F1200E8A46002218687C
S31500004F6000FA09F010434AF8040B53F8042B9C4549
S31500004F7022FA0EF2F3D8ACEB040304F11500153B4C
S31500004F8023F003030433604588BF0423CA500AB1E3
S31500004F9008F10206013E384621462E61FFF7DEFD86
S31500004FA02846BDE8F087013342F8040FC5E7043907
S31500004FB053F8042B9C4541F8042FF9D8EAE700BFC3
S31500004FC0E1840000F284000003460A690069801A41
S31500004FD030B50ED11433143103EB820401EB820198
S31500004FE054F8045D51F8042D954203D005D24FF0D4
S31500004FF0FF3030BDA342F3D3FBE70120F9E7FFFF03
S315000050002DE9F74F89460646114614464846FFF7EE
S31500005010DBFF051E12D129463046FFF75FFD02462B
S3150000502028B9414B40F237214048FDF709F90123E1
S31500005030C0E90435104603B0BDE8F08FBCBF4B464F
S31500005040A1463046B8BF0125D9F80410B4BF1C46A6
S315000050500025FFF743FD024618B9334B40F24521C0
S31500005060E2E7D9F8107004F1140E266900F1140B6A
S31500005070C56009F1140509F110030EEB860605EB70
S315000050808708D9464FF0000C0193019B5EF8040B8C
S3150000509053F804AF764501931FFA8AF3194683B293
S315000050A04FEA1040A1EB0303C0EB1A40634400EB48
S315000050B023409BB24FEA204C43EA004349F8043BA5
S315000050C0E3D8331B1534153B23F003030433A64200
S315000050D038BF04231D445B442C461E4644450ED36C
S315000050E008F10301491B033D21F00301A84538BF20
S315000050F000210B4453F8041D99B117619AE754F83F
S31500005100041BE6461FFA81FC080C7144F44489B27C
S3150000511000EB2C4041EA00414FEA204C46F8041BC4
S31500005120DCE7013FE6E700BFE1840000F28400000F
S315000051302DE9F7430F460121164659EC108BFFF770
S31500005140CDFC044630B90246234B40F20F312348CA
S31500005150FDF776F8C9F30A55C9F313030DB143F405
S3150000516080130193B8F1000323D068460093FFF73C
S315000051707EFDDDE90012D0B1C0F1200302FA03F38F
S31500005180C2400B4301926361019B002BA3610CBFDC
S31500005190012202222261A5B1A5F233450544C0F1E0
S315000051A035003D603060204603B0BDE8F0836161A4
S315000051B0EAE701A8FFF75BFD019B2030012263614E
S315000051C0E8E7A0F2324004EB820338601869FFF783
S315000051D02FFDC0EB4210E5E7E1840000F2840000F9
S315000051E02DE9F0471F468E6882460C46BE42904621
S315000051F00B682DD8B1F90C2012F4906F26D0656992
S31500005200096905EB4505A3EB01097B1C05EBD57583
S315000052104B446D109D4238BF1D46530527D5294680
S31500005220FFF7D0FB064660B34A462169FEF7F3FC5A
S31500005230A38923F4906343F08003A38126614E443F
S315000052406561A5EB090526603E46A560BE4200D90C
S315000052503E46324641462068FEF744FCA3680020DD
S315000052609B1BA360236833442360BDE8F0872A466E
S3150000527000F0B6FB06460028E0D121695046FFF74C
S315000052802DFB0C234FF0FF30CAF80030A38943F002
S315000052904003A381E9E7FFFF2DE9F04F98468B898C
S315000052A09DB007461B060D46144610D50B6973B90B
S315000052B04021FFF787FB2860286130B90C233B604B
S315000052C04FF0FF301DB0BDE8F08F40236B61002327
S315000052D0CDF80C804FF00109DFF8A0810993202357
S315000052E08DF8293030238DF82A3023469A4613F854
S315000052F0012B0AB1252AF9D1BAEB040B0BD05B4678
S31500005300224629463846FFF76BFF013000F0A7809A
S31500005310099A5A4409929AF80030002B00F09F80AF
S3150000532000234FF0FF320AF1010A049307938DF828
S3150000533053301A93CDE90523544605224F4814F8F5
S31500005340011BFEF75AFC049AD8B9D00644BF2023A5
S315000053508DF85330110744BF2B238DF853309AF83C
S3150000536000302A2B15D0079A544600204FF00A0C1D
S31500005370214611F8013B303B092B4BD9B0B10792BE
S3150000538014E0A0EB0803A24609FA03F313430493BF
S31500005390D2E7039B191D1B68002B0391BBBF5B4221
S315000053A042F0020207930793B8BF049223782E2B8C
S315000053B00AD163782A2B32D1039B02341A1D1B684B
S315000053C043EAE37303920593DFF8C0A00322217832
S315000053D05046FEF712FC38B1A0EB0A004022049BAF
S315000053E0013482401343049314F8011B0622244817
S315000053F08DF82810FEF701FC002836D0214B1BBB88
S31500005400039B073323F0070308330393099B3344B5
S3150000541009936AE70CFB02320C460120A8E7002339
S3150000542001344FF00A0C19460593204610F8012B5B
S31500005430303A092A03D9002BC6D00591C4E70CFBE4
S31500005440012104460123F0E703AB2A4604A93846A6
S3150000545000930D4BFDF762FD421C0646D6D1AB8983
S315000054605B063FF52DAF09982CE703AB2A4604A946
S3150000547038460093044BFDF7EDFFEDE74C85000041
S31500005480568500001D2F0000E151000052850000E6
S315000054909368013B002B936010B408DA9469A34229
S315000054A001DB0A2903D15DF8044BFEF786BA1368BF
S315000054B0581C1060084619705DF8044B7047F8B523
S315000054C006460F461446D518AC4201D1002007E027
S315000054D03A4614F8011B3046FFF7DAFF431CF3D1B6
S315000054E0F8BDFFFF2DE9F04F0D469DB014469846D6
S315000054F0064618B1036A0BB9FEF756F96B6ED90763
S3150000550005D4AB899A0502D4A86DFEF774FBAB8966
S315000055101B0701D52B699BB929463046FEF78CFA45
S3150000552070B16B6EDC0704D54FF0FF301DB0BDE8DF
S31500005530F08FAB899805F7D4A86DFEF75DFBF3E70E
S315000055400023CDF80C804FF00109DFF8B4810993F0
S3150000555020238DF8293030238DF82A3023469A46A9
S3150000556013F8012B0AB1252AF9D1BAEB040B0BD09B
S315000055705B46224629463046FFF7A1FF013000F080
S31500005580A780099A5A4409929AF80030002B00F035
S315000055909F8000234FF0FF320AF1010A049307931C
S315000055A08DF853301A93CDE9052354460522544805
S315000055B014F8011BFEF721FB049AD8B9D10644BFA3
S315000055C020238DF85330130744BF2B238DF8533017
S315000055D09AF800302A2B15D0079A544600204FF02F
S315000055E00A0C214611F8013B303B092B4BD9B0B1CF
S315000055F0079214E0A0EB0803A24609FA03F313434B
S315000056000493D2E7039B191D1B68002B0391BBBFB4
S315000056105B4242F0020207930793B8BF04922378D5
S315000056202E2B0AD163782A2B32D1039B02341A1D02
S315000056301B6843EAE37303920593DFF8D4A00322C1
S3150000564021785046FEF7D9FA38B1A0EB0A0040227D
S31500005650049B013482401343049314F8011B062271
S3150000566028488DF82810FEF7C8FA00283FD0264BA8
S315000056701BBB039B073323F0070308330393099BE4
S315000056803B4409936AE70CFB02320C460120A8E76B
S31500005690002301344FF00A0C19460593204610F8F2
S315000056A0012B303A092A03D9002BC6D00591C4E74D
S315000056B00CFB012104460123F0E703AB2A4604A9AB
S315000056C030460093114BFDF729FC0746781CD6D1CE
S315000056D06B6ED90705D4AB899A0502D4A86DFEF77F
S315000056E08BFAAB895B063FF51FAF09981EE703AB44
S315000056F02A4604A930460093044BFDF7ABFEE4E7C7
S315000057004C850000568500001D2F0000BF54000088
S3150000571052850000B1F90C202DE9F0411607054627
S315000057200C4654D44B68002B02DC0B6C002B48DD76
S31500005730E66A002E45D0002312F480522F68216AB3
S315000057402B6030D0626DA389590705D56368D21ADC
S31500005750636B0BB1236CD21A0023E66A216A2846D2
S31500005760B047431CA38906D129681D292BD82A4A8C
S31500005770CA40D60727D50022D90462602269226072
S3150000578004D5421C01D12B6803B96065616B2F609B
S31500005790B9B104F14403994202D02846FFF79EF8B6
S315000057A0002363630DE001232846B0470246501CE0
S315000057B0C9D12B68002BC6D01D2B01D0162B1DD1AD
S315000057C02F60002021E043F040031BB21AE00F696E
S315000057D0002FF6D093070E680F600CBF4B690023AD
S315000057E0A6EB07088B60B8F1000FEADD43463A46A0
S315000057F0216A2846A66AB047002808DCB4F90C30AE
S3150000580043F040034FF0FF30A381BDE8F081074429
S31500005810A8EB0008E7E700BF0100402038B50B6998
S3150000582005460C4613B90025284638BD18B1036A4B
S315000058300BB9FDF7B9FFB4F90C30002BF3D0626E4B
S31500005840D00704D4990502D4A06DFEF7D4F92846F2
S315000058502146FFF75FFF636E0546DA07E4D4A389A6
S315000058609B05E1D4A06DFEF7C7F9DDE770B50C46E0
S31500005870B1F90E1096B0154600291E460CDAA3891A
S31500005880002113F0800F14BF40234FF480630020E3
S3150000589031602B6016B070BD6A4600F049F80028EA
S315000058A0EDDB019901F47041A1F5005359425941CC
S315000058B04FF48063EBE78B89F7B59D0706460C46E8
S315000058C007D504F14703236023610123636103B015
S315000058D0F0BD01AB6A46FFF7C9FF009F054630469B
S315000058E03946FFF76FF848B9B4F90C309A05EED48B
S315000058F023F0030343F00203A381E2E7A3892060B8
S3150000590043F08003A381019BC4E904075BB1B4F9AA
S315000059100E10304600F01EF828B1A38923F00303C9
S3150000592043F00103A381A3891D43A581CFE7FFFFB0
S3150000593038B50023064D0446084611462B6000F094
S3150000594073FB431C02D12B6803B1236038BD00BF33
S31500005950380F002038B50023054D044608462B6055
S3150000596000F06AFB431C02D12B6803B1236038BDEB
S31500005970380F002038B50023054D044608462B6035
S31500005980FCF754FD431C02D12B6803B1236038BDDC
S31500005990380F002070B5A1FB025434B92946FFF731
S315000059A011F8064628B9304670BD0C220026026062
S315000059B0F9E72A462146FEF7AFF8F4E782B001B9C7
S315000059C001A942B14BB113780B601278101E18BFB3
S315000059D0012002B070471046FBE76FF00100F8E7C0
S315000059E02DE9F041074614460D4621B91146BDE89A
S315000059F0F041FEF7E7BF2AB92546FEF76FFF2846B6
S31500005A00BDE8F08100F027F88442064602D8B4EBE0
S31500005A10500FF4D821463846FEF7D4FF804608B921
S31500005A204546ECE7B4422246294628BF3246FEF7F1
S31500005A30F2F829463846FEF751FFF1E703460846D5
S31500005A4041B1FF2A04D98A224FF0FF301A6070470D
S31500005A5001200A70704751F8043C181F002BBCBF88
S31500005A600B58C0187047FFFF70B54FF0FF0C4CF491
S31500005A70E06C1CEA11541DBF1CEA135594EA0C0F86
S31500005A8095EA0C0F00F0DEF82C4481EA030621EAC1
S31500005A904C5123EA4C5350EA013518BF52EA0335FC
S31500005AA041F4801143F4801338D0A0FB02CE4FF0AE
S31500005AB00005E1FB02E506F00042E0FB03E54FF0DE
S31500005AC00006E1FB03569CF0000F18BF4EF0010ED6
S31500005AD0A4F1FF04B6F5007F64F5407404D25FEAD2
S31500005AE04E0E6D4146EB060642EAC62141EA555185
S31500005AF04FEAC52040EA5E504FEACE2EB4F1FD0CC7
S31500005B0088BFBCF5E06F1ED8BEF1004F08BF5FEA44
S31500005B10500E50F1000041EB045170BD06F00046F6
S31500005B2046EA010140EA020081EA0301B4EB5C04A3
S31500005B30C2BFD4EB0C0541EA045170BD41F480119B
S31500005B404FF0000E013C00F3AB8014F1360FDEBFC0
S31500005B50002001F0004170BDC4F10004203C35DA9C
S31500005B600C341BDC04F11404C4F1200500FA05F31F
S31500005B7020FA04F001FA05F240EA020001F00042C0
S31500005B8021F0004110EBD37021FA04F642EB060136
S31500005B905EEA430E08BF20EAD37070BDC4F10C0460
S31500005BA0C4F1200500FA04F320FA05F001FA04F224
S31500005BB040EA020001F0004110EBD37041F1000110
S31500005BC05EEA430E08BF20EAD37070BDC4F120051B
S31500005BD000FA05F24EEA020E20FA04F301FA05F283
S31500005BE043EA020321FA04F001F0004121FA04F22B
S31500005BF020EA020000EBD3705EEA430E08BF20EAFB
S31500005C00D37070BD94F0000F0FD101F00046400034
S31500005C1041EB010111F4801F08BF013CF7D041EAB6
S31500005C20060195F0000F18BF704703F000465200BA
S31500005C3043EB030313F4801F08BF013DF7D043EA8B
S31500005C400603704794EA0C0F0CEA135518BF95EA41
S31500005C500C0F0CD050EA410618BF52EA4306D1D1C8
S31500005C6081EA030101F000414FF0000070BD50EAE7
S31500005C70410606BF1046194652EA430619D094EA71
S31500005C800C0F02D150EA013613D195EA0C0F05D15B
S31500005C9052EA03361CBF104619460AD181EA0301AF
S31500005CA001F0004141F0FE4141F470014FF0000067
S31500005CB070BD41F0FE4141F4780170BD70B54FF002
S31500005CC0FF0C4CF4E06C1CEA11541DBF1CEA135582
S31500005CD094EA0C0F95EA0C0F00F0A7F8A4EB050464
S31500005CE081EA030E52EA03354FEA013100F088805B
S31500005CF04FEA03334FF0805545EA131343EA126324
S31500005D004FEA022245EA111545EA10654FEA0026D8
S31500005D100EF000419D4208BF964244F1FD0404F591
S31500005D20407402D25B084FEA3202B61A65EB0305ED
S31500005D305B084FEA32024FF480104FF4002CB6EBAA
S31500005D40020E75EB030E22BFB61A754640EA0C002A
S31500005D505B084FEA3202B6EB020E75EB030E22BF6A
S31500005D60B61A754640EA5C005B084FEA3202B6EBAB
S31500005D70020E75EB030E22BFB61A754640EA9C006A
S31500005D805B084FEA3202B6EB020E75EB030E22BF3A
S31500005D90B61A754640EADC0055EA060E18D04FEAF8
S31500005DA0051545EA16754FEA06164FEAC30343EA98
S31500005DB052734FEAC2025FEA1C1CC0D111F4801F65
S31500005DC00BD141EA00014FF000004FF0004CB6E75E
S31500005DD011F4801F04BF01430020B4F1FD0C88BFFD
S31500005DE0BCF5E06F3FF6AFAEB5EB030C04BFB6EB08
S31500005DF0020C5FEA500C50F1000041EB045170BDFB
S31500005E000EF0004E4EEA113114EB5C04C2BFD4EB27
S31500005E100C0541EA045170BD41F480114FF0000EAB
S31500005E20013C90E645EA060E8DE60CEA135594EA27
S31500005E300C0F08BF95EA0C0F3FF43BAF94EA0C0F2A
S31500005E400AD150EA01347FF434AF95EA0C0F7FF49F
S31500005E5025AF104619462CE795EA0C0F06D152EAF3
S31500005E6003353FF4FDAE1046194622E750EA4106D7
S31500005E7018BF52EA43067FF4C5AE50EA41047FF4E8
S31500005E800DAF52EA43057FF4EBAE12E74FF0FF3C4D
S31500005E9006E000BF4FF0010C02E000BF4FF0010C1E
S31500005EA04DF804CD4FEA410C7FEA6C5C4FEA430C97
S31500005EB018BF7FEA6C5C1BD001B050EA410C0CBFE6
S31500005EC052EA430C91EA030F02BF90EA020F002048
S31500005ED0704710F1000F91EA030F58BF994208BFAF
S31500005EE090422CBFD8176FEAE37040F0010070476C
S31500005EF04FEA410C7FEA6C5C02D150EA013C07D1C3
S31500005F004FEA430C7FEA6C5CD6D152EA033CD3D00D
S31500005F105DF8040B704700BF8446104662468C4607
S31500005F201946634600E000BF01B5FFF7B7FF00283A
S31500005F3048BF10F1000F01BD4DF808EDFFF7F4FF63
S31500005F400CBF012000205DF808FB00BF4DF808EDEE
S31500005F50FFF7EAFF34BF012000205DF808FB00BF11
S31500005F604DF808EDFFF7E0FF94BF012000205DF833
S31500005F7008FB00BF4DF808EDFFF7CEFF94BF0120E8
S31500005F8000205DF808FB00BF4DF808EDFFF7C4FFE1
S31500005F9034BF012000205DF808FB00BF4FEA410C2A
S31500005FA07FEA6C5C02D150EA013C0AD14FEA430C0D
S31500005FB07FEA6C5C02D152EA033C02D14FF000004A
S31500005FC070474FF0010070474FEA410212F5001288
S31500005FD015D211D56FF47873B3EB625212D94FEA2A
S31500005FE0C12343F0004343EA505311F0004F23FA14
S31500005FF002F018BF404270474FF00000704750EA69
S31500006000013005D111F0004008BF6FF00040704725
S315000060104FF00000704700BF024B58224FF0FF3090
S315000060201A607047380F0020024B58224FF0FF309D
S315000060301A607047380F0020024B582200201A6061
S31500006040704700BF380F0020024B58224FF0FF3038
S315000060501A607047380F0020024B58224FF0FF306D
S315000060601A607047380F00204275696C7420776992
S3150000607074682052656E6573617320416476616E43
S3150000608063656420466C657869626C6520536F664B
S315000060907477617265205061636B61676520766510
S315000060A07273696F6E20352E392E3000352E392EDB
S315000060B03000000000000905F8B500BFF8BC08BCB8
S315000060C09E467047F8B500BFF8BC08BC9E467047B0
S315000060D04653505F53554343455353203D3D20653A
S315000060E0727200002E2E2F7372632F68616C5F65CB
S315000060F06E7472792E6300005241344D325F4D4901
S315000061004E495F494F54000054656D703A000000D7
S3150000611048756D693A00000068656C6C6F20776F92
S31500006120726C6421000000002E00000045535038B8
S315000061303236362054582D3E000000000D00000077
S315000061402E2E2F7372632F6F6C65642E6300000012
S315000061506C656E3D25640A00554152543420636FC8
S315000061606D6D616E642073656E64206661696C6531
S31500006170643A2025730A00004F4B0000436F6D6D93
S31500006180616E6420657865637574656420737563F4
S315000061906365737366756C6C790000004552524FE7
S315000061A052000000436F6D6D616E64206578656313
S315000061B07574696F6E206661696C65640000000025
S315000061C04641494C0000000054696D656F757420A6
S315000061D077616974696E6720666F7220455350381F
S315000061E032363620726573706F6E73653A2025738A
S315000061F00A00000041542B43574D4F44453D310D95
S315000062000A0000005365742057694669204D6F6483
S31500006210652053746174696F6E2E2E2E0000000087
S315000062204D43552D3E657370383236363A2D2D2D39
S315000062302D2D2D2D2D2D2D2D2D2D2D2573000000D1
S3150000624031313131313131310000000078683100AF
S3150000625041542B43574A41503D222573222C222577
S3150000626073220D0A00000000436F6E6E6563742092
S31500006270746F20576946693A20535349443D257344
S31500006280202E2E2E0A0000006531646630346264CA
S315000062903230626162326334376565323435376273
S315000062A0616332333231323265303934323637381F
S315000062B03734633365663261333531303862656150
S315000062C03561633730653334000000007448563357
S315000062D0537945687233427248374A77764D7571FD
S315000062E02661316661624A644F4C7A3000000000D4
S315000062F041542B4D515454555345524346473D3016
S315000063002C312C224E554C4C222C222573222C2229
S315000063102573222C302C302C22220D0A000000007E
S31500006320436F6E666967757265204D5154542075CA
S3150000633073657220706172616D65746572732E2E5D
S315000063402E00000061316661624A644F4C7A302E3D
S3150000635074485633537945687233427248374A77E0
S31500006360764D75717C7365637572656D6F64653D99
S31500006370325C2C7369676E6D6574686F643D686D19
S3150000638061637368613235365C2C74696D6573744C
S31500006390616D703D31373631303636383733313707
S315000063A0387C000041542B4D515454434C49454EC2
S315000063B05449443D302C222573220D0A000000006A
S315000063C0436F6E666967757265204D51545420633C
S315000063D06C69656E742049442E2E2E003138383390
S315000063E00000000061316661624A644F4C7A302ECB
S315000063F0696F742D61732D6D7174742E636E2D73B8
S3150000640068616E676861692E616C6979756E637320
S315000064102E636F6D0000000041542B4D51545443C0
S315000064204F4E4E3D302C222573222C25732C310DD8
S315000064300A000000436F6E666967757265204D51EC
S315000064405454207573657220706172616D65746550
S3150000645072732025733A2573202E2E2E0A00000013
S315000064602F61316661624A644F4C7A302F74485608
S3150000647033537945687233427248374A77764D7599
S31500006480712F757365722F676574000041542B4D2B
S315000064905154545355423D302C222573222C310D34
S315000064A00A00000053756273637269626520746F37
S315000064B0204D51545420546F7069633A202573203F
S315000064C02E2E2E0A00000000252E32660000000047
S315000064D07B22706172616D73223A7B2274656D70E6
S315000064E065726174757265223A25737D7D0D0A00A9
S315000064F02F7379732F61316661624A644F4C7A302B
S315000065002F74485633537945687233427248374A76
S3150000651077764D75712F7468696E672F6576656E2F
S31500006520742F70726F70657274792F706F73740048
S3150000653041542B4D5154545055425241573D302CE5
S31500006540222573222C33322C312C300D0A00000008
S315000065505075626C6973682054656D7065726174FC
S3150000656075726520446174613A20252E3266207466
S315000065706F20746F7069632025730A005075626C12
S315000065806973682074656D706572617475726520D3
S31500006590646174613A20257320746F20746F70698A
S315000065A0632025730A0000004661696C65642074E7
S315000065B06F2073656E64204D515454207075626C63
S315000065C069736820636F6D6D616E642E0000000054
S315000065D07B22706172616D73223A7B2248756D6908
S315000065E064697479223A25737D7D0D0A00000000E6
S315000065F041542B4D5154545055425241573D302C25
S31500006600222573222C25642C312C300D0A00000023
S315000066105075626C6973682048756D696469747930
S3150000662020446174613A20252E326620746F2074EE
S315000066306F7069632025730A000000005075626C54
S315000066406973682068756D6964697479206461741A
S31500006650613A20257320746F20746F70696320255A
S31500006660730A00004661696C656420746F20736567
S315000066706E64204D515454207075626C69736820A5
S31500006680636F6D6D616E64202868756D69646974E9
S3150000669079292E00496E697469616C697A652045AD
S315000066A0535038323636206D6F64756C652E2E2E3B
S315000066B000000000455350383236365F5365745734
S315000066C06946694D6F646500455350383236365F0A
S315000066D0536574576946694D6F6465206661696CD8
S315000066E065642120496E697469616C697A617469AF
S315000066F06F6E2061626F727465642E004553503868
S315000067003236365F436F6E6E65637457694669004D
S31500006710455350383236365F436F6E6E6563745735
S31500006720694669206661696C65642120496E6974F1
S3150000673069616C697A6174696F6E2061626F7274E7
S3150000674065642E00455350383236365F4D515454E9
S3150000675055736572436F6E6669670000455350381E
S315000067603236365F4D51545455736572436F6E66BB
S315000067706967206661696C65642120496E69746980
S31500006780616C697A6174696F6E2061626F7274659B
S31500006790642E0000455350383236365F4D515454FE
S315000067A0436C69656E744944436F6E6669670000A1
S315000067B0455350383236365F4D515454436C6965F3
S315000067C06E744944436F6E666967206661696C65DD
S315000067D0642120496E697469616C697A6174696FB4
S315000067E06E2061626F727465642E000045535038E6
S315000067F03236365F4D515454436F6E6E6563740086
S31500006800455350383236365F4D515454436F6E6E91
S31500006810656374206661696C65642120496E6974DC
S3150000682069616C697A6174696F6E2061626F7274F6
S3150000683065642E00455350383236365F4D515454F8
S315000068405375627363726962650000004553503880
S315000068503236365F4D5154545375627363726962B2
S3150000686065206661696C65642100000045535038F7
S3150000687032363620696E697469616C697A61746949
S315000068806F6E20616E6420636F6E6E656374696FF0
S315000068906E2070726F6365737320636F6D706C65C5
S315000068A07465642E00FFFFFF68616C5F656E74722D
S315000068B07900FFFF4F4C45445F5265667265736809
S315000068C000FFFFFF4F4C45445F57525F42797465A6
S315000068D000FFFFFF000000000000000000000000B5
S315000068E000000000000000000000000000000000A2
S315000068F000000000000000000000000000F0F0F0C2
S31500006900000000000000000000017F010000000000
S3150000691000000000001C1C1C00000000000080603D
S31500006920301C8C60301C0C000000000000000000D1
S315000069300000000000000000000000000000000051
S31500006940000000E00000000000E000000086E69F76
S3150000695086868686E69F860000011F0101010101E9
S315000069601F010100000080C06020F820E0C0000088
S31500006970000003070C18FF70E18100000000070FFC
S3150000698010107F100F07000080602060800000005C
S31500006990E02000000F3020309F70DC371030C00040
S315000069A00000100E03000718101807000000C02092
S315000069B020E0C0000000000080E01F38E88703C424
S315000069C03C040000070F1810100B070D10100800EC
S315000069D000808C4C38000000000000000000000021
S315000069E000000000000000000000000000000000A1
S315000069F00000000000000000000080E030080400F5
S31500006A000000000000FEFF01000000000000000082
S31500006A100000030F1820400000040830E08000004A
S31500006A20000000000000000001FFFE000000000062
S31500006A30004020180F0300000000000000000000C6
S31500006A400000C00000000000004266663C18FF1807
S31500006A503C666642000000000000030000000000E3
S31500006A600000000000008000000000000010101070
S31500006A701010FF101010101000000000000003009E
S31500006A800000000000000000000000000000000000
S31500006A9000000000000000000000000000808C4C98
S31500006AA038000000000000000000000000000000A8
S31500006AB00000000000101010101010101010100030
S31500006AC000000000000000000000000000000000C0
S31500006AD000000000000000000000000000000000B0
S31500006AE00000000000001C1C1C000000000000004C
S31500006AF00000000000000000E0380C00000000006C
S31500006B0080701C03000000000060380E01000000C9
S31500006B1000000000000080C060202060C0800000EF
S31500006B2000FEFF010000000001FFFE000001070E4D
S31500006B30181010180E0701000000808080C0E000C9
S31500006B40000000000000000000FFFF000000000041
S31500006B5000001010101F1F101010000000804020B1
S31500006B6020202060C0800000000303008040203801
S31500006B701F070000001C1A1918181818181F000003
S31500006B800080C020202060C08000000000030300B9
S31500006B901010182FE780000000070F1010101018B3
S31500006BA00F070000000000000000C0E0F000000039
S31500006BB000C0B088868180FFFF8080000000000052
S31500006BC00010101F1F1010000000E0606060606081
S31500006BD06060000000003F1008080818F0E00000A0
S31500006BE000070B101010101C0F030000000080C0DF
S31500006BF040202020E0C0000000FCFF21100808080B
S31500006C0018F0E0000001070C18101010080F030020
S31500006C100000C0E06060606060E0600000000300AB
S31500006C200000E0180700000000000000001F1F0021
S31500006C30000000000080C0602020202060C080008E
S31500006C400087EF2C1818303068CF830000070F0834
S31500006C5010101010180F07000000C0C020202020C0
S31500006C60C0800000001F3F604040402010FFFE0033
S31500006C7000000C1C101010080F030000000000009C
S31500006C80000000000000000000000000000E0E0ED4
S31500006C900000000000000000001C1C1C000000009A
S31500006CA000000000000000000000000000000000DE
S31500006CB0000C0C0000000000000000000058380026
S31500006CC000000000000000000000008040201000CE
S31500006CD000001028448201000000000000000000AF
S31500006CE0000001020408100000000000000000007F
S31500006CF00000000000848484848484848484840066
S31500006D00000000000000000000000000000010204D
S31500006D10408000000000000000000000000001822A
S31500006D2044281000000010080402010000000000C2
S31500006D3000C020201010101030E0C0000003030037
S31500006D4000F010080C070300000000001C1C1C00CB
S31500006D5000000000000000C0406020202040C0006D
S31500006D6000FCFF01F00E03C1FE03807F0001070E49
S31500006D7008111110110904020000000080E0E00073
S31500006D80000000000000807C4340477FF880000040
S31500006D9010181F1000000000131F1C1020E0E02038
S31500006DA020202060C080000000FFFF101010101887
S31500006DB02FE78000101F1F1010101010180F07006B
S31500006DC0000080C0402020202060E00000FCFF0181
S31500006DD000000000000001000001070E181010104E
S31500006DE00804030020E0E02020202040C0800000AE
S31500006DF000FFFF000000000001FFFE00101F1F1033
S31500006E00101018080E07010020E0E02020202020A6
S31500006E102060800000FFFF101010107C00000000B2
S31500006E20101F1F10101010101018060020E0E02090
S31500006E30202020206060800000FFFF101010107CD2
S31500006E4000000100101F1F100000000000000000DD
S31500006E50000080C06020202040E0000000FCFF0110
S31500006E6000004040C0C140400001070E181010103D
S31500006E700F0F000020E0E0200000000020E0E020EE
S31500006E8000FFFF101010101010FFFF00101F1F1042
S31500006E9000000000101F1F100000202020E0E0204E
S31500006EA0202000000000000000FFFF00000000009E
S31500006EB000001010101F1F1010100000000000002E
S31500006EC0202020E0E020202000000000000000FF3D
S31500006ED0FF0000000060E0808080C07F3F0000006F
S31500006EE020E0E020000020A06020200000FFFF300E
S31500006EF0187CE3C000000000101F1F1000000113E3
S31500006F001F1C181020E0E020000000000000000018
S31500006F1000FFFF000000000000000000101F1F100F
S31500006F20101010101018060020E0E0E0000000002D
S31500006F30E0E0E02000FF013FFEC0E01E01FFFF0091
S31500006F40101F1000031F0300101F1F1020E0E0C0D9
S31500006F50000000000020E02000FF0003071C78E08E
S31500006F608000FF00101F100000000000030F1F002C
S31500006F70000080C060202060C080000000FEFF018D
S31500006F800000000000FFFE000001070E1810101898
S31500006F900C07010020E0E0202020202060C08000B7
S31500006FA000FFFF2020202020301F0F00101F1F1081
S31500006FB00000000000000000000080C0602020608B
S31500006FC0C080000000FEFF010000000000FFFE0080
S31500006FD00001070E1111133C7C67210020E0E02020
S31500006FE02020202060C0800000FFFF101030F0D06D
S31500006FF0080F0700101F1F10000000030F1C1010C1
S315000070000080C060202020204040E00000070F0CD8
S315000070101818303060E08100001F0C0810101010A6
S31500007020180F07008060202020E0E02020206080EC
S315000070300100000000FFFF0000000001000000004A
S31500007040101F1F100000000020E0E02000000000DC
S315000070500020E02000FFFF00000000000000FF000D
S3150000706000070F1810101010100807002060E0E04D
S315000070702000000020E060200000077FF8800080EC
S315000070807C03000000000000071F1C070000000032
S3150000709020E0E02000E0E0200020E0200007FFF8EC
S315000070A0E01FFFFCE01F00000000031F0300011F9C
S315000070B003000000002060E0A0000020E060200047
S315000070C0000000038F7CF8C6010000000010181EA7
S315000070D0130001171F1810002060E0E020000000D8
S315000070E020E06020000001073EF8E01807000000DD
S315000070F000000010101F1F1010000000008060200C
S31500007100202020A0E0E0200000000000C0F03E0F9C
S315000071100300000000101C1F1710101010180600A6
S315000071200000000000FC0404040404000000000049
S3150000713000FF00000000000000000000007F40404B
S3150000714040404000000010E0000000000000000089
S3150000715000000000031C608000000000000000002A
S31500007160000000030C70800000000404040404FC0A
S315000071700000000000000000000000FF000000000A
S31500007180000040404040407F00000000000000102A
S31500007190080C040C081000000000000000000000AD
S315000071A000000000000000000000000000000000D9
S315000071B000000000000000000000000000000000C9
S315000071C000000000000000008080808080808080B9
S315000071D08080808000000004040808000000000091
S315000071E00000000000000000000000000000000099
S315000071F00000000000000000000000000000000089
S3150000720000000000000098D844642424FCF8000024
S31500007210000F1F18101010081F1F10180020E0F094
S3150000722000000000000000000000FFFF1808040432
S315000072300CF8F00000001F0F18101010180F0300B4
S3150000724000000000000000000000000000E0F81848
S315000072500404043C3800000000030F0C101010104A
S31500007260080600000000000000000020E0F000001A
S3150000727000E0F81C04040408FFFF000000030F18D8
S31500007280101010081F0F080000000000000000008A
S31500007290000000000000E0F8484444444C787000C8
S315000072A00000030F0C181010100804000000000066
S315000072B080C0602020E0C00000040404FFFF040436
S315000072C004040000000010101F1F10101000000022
S315000072D0000000000000000000000000000070F840
S315000072E08C04048CF874040C007076CF8D8D8D8917
S315000072F0C87870000020E0F00000000000000000E8
S315000073000000FFFF08040404FCF8000000101F1F23
S31500007310100000101F1F1000000000000060600039
S31500007320000000000000040404FCFC000000000053
S3150000733000001010101F1F101010000000000000A9
S31500007340000000606000000000000000040404FC6F
S31500007350FC0000000000C0C08080C07F3F0000002D
S315000073600020E0F000000000000000000000FFFF29
S3150000737080C0F41C0404000000101F1F1100031F2E
S315000073801C1010000000202020E0F000000000008B
S315000073900000000000FFFF000000000000001010C9
S315000073A0101F1F1010100000000000000000000059
S315000073B00000000004FCFC0804FCFC0804FCFC00C3
S315000073C0101F1F10001F1F10001F1F1000000000BD
S315000073D000000000000000000004FCFC0808040493
S315000073E0FCF8000000101F1F100000101F1F1000E7
S315000073F000000000000000000000000000E0F0189F
S315000074000C04040C18F0E00000030F0C1010101010
S315000074100C0F030000000000000000000000000048
S315000074200004FCFC080404040CF8F0000080FFFFD4
S31500007430889010101C0F03000000000000000000E0
S315000074400000000000E0F81C04040408F8FC00003A
S3150000745000030F1810109088FFFF80000000000046
S315000074600000000000000000040404FCFC100804F6
S31500007470040C0C001010101F1F101010000000004C
S31500007480000000000000000000000000000030784E
S31500007490CCC48484840C1C0000001E18101010112B
S315000074A0190F06000000000000C0000000000000E8
S315000074B000040404FFFF04040400000000000000B0
S315000074C00F1F1010100C000000000000000000004C
S315000074D0000000000004FCFE00000004FCFE0000AA
S315000074E000000F1F181010081F0F080000000000F2
S315000074F0000000000000000000040C3CFCC400007A
S31500007500C43C0C0400000000010F1E0E0100000028
S31500007510000000000000000000000000043CFCC465
S3150000752000E47CFC84807C040000071F0700000741
S315000075301F0700000000000000000000000000001F
S315000075400004041C7CE4C0341C0404000010101C5D
S315000075501601131F1C181000000000000000000098
S315000075600000000000040C3CFCC400C43C04040001
S315000075700000C080C1370E010000000000000000BE
S31500007580000000000000000000001C0404C4F47C9D
S315000075901C0400000000101C1F17111010180E000C
S315000075A000000000000000F80C04000000000000CD
S315000075B0001028EF00000000000000000000003F5F
S315000075C060400000000000000000FF000000000016
S315000075D0000000000000FF000000000000000000A6
S315000075E00000FF00000000000000040CF80000008E
S315000075F00000000000000000EF281000000000005E
S31500007600000040603F000000000000000018060275
S3150000761002040810202030080000000000000000CE
S315000076200000000000000000000000000000000054
S315000076300000000000000000000000000000000044
S31500007640000000F8000000000000003330000000D9
S3150000765000100C06100C06000000000000000000E0
S3150000766040C07840C0784000043F04043F04040052
S31500007670007088FC08300000001820FF211E000062
S31500007680F008F000E018000000211C031E211E0077
S3150000769000F00888700000001E21232419272110FD
S315000076A010160E00000000000000000000000000A0
S315000076B0000000E018040200000000071820400047
S315000076C000020418E0000000004020180700000037
S315000076D0404080F0804040000202010F010202009B
S315000076E0000000F0000000000101011F010101007F
S315000076F0000000000000000080B0700000000000E4
S31500007700000000000000000000010101010101016C
S315000077100000000000000000003030000000000003
S3150000772000000000806018040060180601000000D8
S3150000773000E010080810E000000F102020100F00D5
S31500007740001010F8000000000020203F202000005C
S3150000775000700808088870000030282422213000B4
S3150000776000300888884830000018202020110E00BC
S315000077700000C02010F8000000070424243F240065
S3150000778000F80888880808000019212020110E003A
S3150000779000E0108888180000000F112020110E004C
S315000077A000380808C83808000000003F0000000044
S315000077B00070880808887000001C222121221C0005
S315000077C000E010080810E0000000312222110F002E
S315000077D0000000C0C00000000000003030000000C3
S315000077E00000008000000000000080600000000033
S315000077F0000080402010080000010204081020004C
S315000078004040404040404000040404040404040096
S31500007810000810204080000000201008040201002B
S31500007820007048080808F00000000030360100002B
S31500007830C030C828E810E0000718272423140B00DE
S315000078400000C038E0000000203C23020227382058
S3150000785008F8888888700000203F202020110E003C
S31500007860C030080808083800071820202010080033
S3150000787008F808080810E000203F202020100F001C
S3150000788008F88888E8081000203F202023201800E8
S3150000789008F88888E8081000203F20000300000050
S315000078A0C03008080838000007182020221E0200F1
S315000078B008F808000008F808203F210101213F20B0
S315000078C0000808F8080800000020203F20200000DB
S315000078D000000808F8080800C08080807F000000CB
S315000078E008F888C028180800203F20012638200004
S315000078F008F8080000000000203F2020202030006B
S3150000790008F8F800F8F80800203F003F003F200084
S3150000791008F830C00008F808203F200007183F008C
S31500007920E01008080810E0000F10202020100F00BB
S3150000793008F808080808F000203F210101010000AE
S31500007940E01008080810E0000F18242438504F00F3
S3150000795008F8888888887000203F2000030C3020B3
S3150000796000708808080838000038202121221C00F1
S31500007970180808F8080818000000203F200000003A
S3150000798008F808000008F808001F202020201F0023
S315000079900878880000C83808000007380E01000083
S315000079A0F80800F80008F800033C0700073C03004D
S315000079B0081868808068180820302C03032C3020B3
S315000079C00838C800C83808000000203F2000000022
S315000079D010080808C838080020382621202018007A
S315000079E0000000FE020202000000007F404040004E
S315000079F0000C30C000000000000000010638C00086
S31500007A0000020202FE000000004040407F0000002D
S31500007A100000040202020400000000000000000052
S31500007A200000000000000000808080808080808050
S31500007A300002020400000000000000000000000038
S31500007A4000008080808000000019242222223F202E
S31500007A5008F8008080000000003F112020110E0071
S31500007A600000008080800000000E11202020110000
S31500007A70000000808088F800000E112020103F20B2
S31500007A800000808080800000001F22222222130036
S31500007A90008080F0888888180020203F2020000081
S31500007AA00000808080808000006B94949493600036
S31500007AB008F8008080800000203F210000203F2041
S31500007AC000809898000000000020203F2020000041
S31500007AD0000000809898000000C08080807F000031
S31500007AE008F8000080808000203F24022D3020000E
S31500007AF0000808F8000000000020203F20200000B9
S31500007B008080808080808000203F20003F20003FD2
S31500007B108080008080800000203F210000203F20E0
S31500007B200000808080800000001F202020201F0091
S31500007B30808000808000000080FFA12020110E00C0
S31500007B400000008080808000000E112020A0FF80B1
S31500007B50808080008080800020203F21200001005E
S31500007B6000008080808080000033242424241900B3
S31500007B70008080E0808000000000001F20200000C0
S31500007B808080000000808000001F202020103F2001
S31500007B90808080000080808000010E300806010091
S31500007BA080800080008080800F300C030C300F0036
S31500007BB000808000808080000020312E0E31200061
S31500007BC0808080000080808080818E701806010091
S31500007BD000808080808080000021302C22213000AF
S31500007BE000000000807C020200000000003F4040D0
S31500007BF000000000FF00000000000000FF00000081
S31500007C000002027C800000000040403F00000000AF
S31500007C10000601010202040400000000000000004A
S31500007C200000000000000000000000000000FC0052
S31500007C300000000002000000000C020C0200000020
S31500007C400000000090D0BCD0BC90000300030000F0
S31500007C501824FE448C000302070201001824D8B041
S31500007C604C80000300010201C038E438E000010244
S31500007C7002010202080600000000000000000000E9
S31500007C80000000F80402000000010204000204F8EB
S31500007C9000000004020100009060F86090000000FF
S31500007CA0010000002020FC20200000000100000050
S31500007CB00000000000000806000000002020202030
S31500007CC0200000000000000000000000000000028C
S31500007CD0000000000080601C020004030000000099
S31500007CE0F8040404F8000102020201000008FC0086
S31500007CF00000000203020000188444241800030256
S31500007D000202020008042424D80001020202010033
S31500007D1040B088FC80000000000302003C242424BC
S31500007D20C400010202020100F824242CC000010252
S31500007D30020201000C04E41C040000000300000021
S31500007D40D8242424D8000102020201003844444405
S31500007D50F80000030202010000001000000000000D
S31500007D6002000000000020000000000006000000E5
S31500007D7000205088040200000000010290909090BC
S31500007D80900000000000000000020488502000025D
S31500007D90010000001804C4241800000002000000BE
S31500007DA0F804E494F80001020202020000E09CF0EC
S31500007DB0800002030000030204FC2424D80002030E
S31500007DC002020100F80404040C0001020202010090
S31500007DD004FC0404F80002030202010004FC2474FB
S31500007DE00C0002030202030004FC24740C000203CC
S31500007DF002000000F0080444CC4000010202010029
S31500007E0004FC2020FC040203000003020404FC041A
S31500007E100400020203020200000404FC0404060437
S31500007E200403000004FC24D00C0402030200030235
S31500007E3004FC04000000020302020203FC3CC03CF6
S31500007E40FC0003000300030004FC30C4FC0402032E
S31500007E5002000300F8040404F80001020202010013
S31500007E6004FC24241800020302000000F8848404A1
S31500007E70F80001020207050004FC246498000203CE
S31500007E8002000302182424448C00030202020100AB
S31500007E900C04FC040C0000020302000004FC0000B9
S31500007EA0FC04000102020100047C80E01C040000C6
S31500007EB0030000001CE03CE01C000003000300007F
S31500007EC0049C609C0400020300030200041CE01CE6
S31500007ED004000002030200000C84641C0400020378
S31500007EE0020203000000FE02020000000704040074
S31500007EF0000E30C00000000000010200000202FE79
S31500007F000000000404070000000402040000000052
S31500007F10000000000000000000000808080808082B
S31500007F200000020000000000000000000040A0A0C9
S31500007F30C00000010202030204FC2020C00000036E
S31500007F400202010000C020206000000102020200BF
S31500007F5000C02024FC0000010202030200C0A0A011
S31500007F60C0000001020202000020F82424040002DE
S31500007F70030202000040A0A0602000070A0A0A04CB
S31500007F8004FC2020C0000203020003020020E400DB
S31500007F900000000203020000000020E400000808C0
S31500007FA00807000004FC80E0202002030200030210
S31500007FB00404FC000000020203020200E020E020AC
S31500007FC0C00003000300030020E02020C0000203DD
S31500007FD00200030200C02020C000000102020100CE
S31500007FE020E02020C000080F0A02010000C0202067
S31500007FF0E0000001020A0F0820E0402020000203F2
S31500008000020000000060A0A020000002020203009F
S315000080100020F820000000000102020020E00020FD
S31500008020E00000010202030220E020806020000040
S31500008030030100006080E080600000030003000090
S3150000804020608060200002030003020020E0208000
S3150000805060200808070100000020A0602000000240
S3150000806003020200000020DE0200000000070400F8
S31500008070000000FF00000000000F00000002DE20EC
S3150000808000000004070000000201020404020000D0
S31500008090000000000000000000000000002F0000AB
S315000080A000000700070000147F147F1400242A7FB5
S315000080B02A12006264081323003649552250000034
S315000080C00503000000001C224100000041221C00A4
S315000080D00014083E08140008083E0808000000A026
S315000080E06000000808080808000060600000002022
S315000080F010080402003E5149453E0000427F400000
S31500008100004261514946002141454B310018141285
S315000081107F10002745454539003C4A494930000152
S315000081207109050300364949493600064949291EA1
S315000081300000363600000000563600000008142203
S315000081404100001414141414000041221408000203
S315000081500151090600324959513E007C1211127C28
S31500008160007F49494936003E41414122007F414155
S31500008170221C007F49494941007F09090901003E47
S315000081804149497A007F0808087F0000417F410085
S31500008190002040413F01007F08142241007F4040FB
S315000081A04040007F020C027F007F0408107F003EE3
S315000081B04141413E007F09090906003E4151215EC9
S315000081C0007F091929460046494949310001017FC6
S315000081D00101003F4040403F001F2040201F003F5C
S315000081E04038403F0063140814630007087008070E
S315000081F000615149454300007F41410000552A5521
S315000082002A55000041417F0000040201020400409B
S3150000821040404040000001020400002054545478BD
S31500008220007F4844443800384444442000384444DD
S31500008230487F00385454541800087E09010200187B
S31500008240A4A4A47C007F080404780000447D4000B8
S31500008250004080847D00007F102844000000417F9C
S315000082604000007C04180478007C08040478003878
S315000082704444443800FC242424180018242418FC00
S31500008280007C0804040800485454542000043F4469
S315000082904020003C4040207C001C2040201C003C2C
S315000082A04030403C004428102844001CA0A0A07C7C
S315000082B0004464544C4414141414141409020000A9
S315000082C00C000C010C020C03000000000000000072
S315000082D07502000000000000DC82000000010000C2
S315000082E0080000200F00FFFF00000000FFFF000055
S315000082F000000000405489000000000020AA44004D
S3150000830000020400250300000000000010830000A6
S315000083100000000000000000000000000000000057
S315000083200000000000000000000000000000000047
S315000083300000FFFFDFDF000000000000000000007B
S315000083400000000000000000000000000402000021
S315000083500C050C060C070C080000000000000000CD
S31500008360DD020000000000006C8300000001000038
S315000083700C0000200F00FFFF00000000FFFF0000C0
S3150000838000000000801A06003C000000010C090AEB
S315000083900B0C000000000000000000004903000074
S315000083A000000000A883000001010116170000006C
S315000083B009000000BC83000000000000000001006E
S315000083C00801000000000105090100000000010588
S315000083D00A010000040000000C0100001000010466
S315000083E00602000010000104070200000000010060
S315000083F00003000000040107070400000004010751
S3150000840008040000B601B701B801B901C600980119
S3150000841099019A019B017300740075007600FFFFB5
S31500008420020403040404FFFF010002000800100018
S31500008430494E4600696E66004E414E006E616E0002
S3150000844030003031323334353637383941424344DF
S315000084504546003031323334353637383961626358
S3150000846064656600496E66696E697479004E614E90
S31500008470005245454E54206D616C6C6F63207375D8
S3150000848063636565646564002F646174612F6A6562
S315000084906E6B696E732F776F726B73706163652F86
S315000084A0474E552D746F6F6C636861696E2F6172EC
S315000084B06D2D31332F7372632F6E65776C69622D64
S315000084C063796777696E2F6E65776C69622F6C6961
S315000084D062632F7374646C69622F64746F612E63B8
S315000084E00042616C6C6F63207375636365656465D8
S315000084F064002F646174612F6A656E6B696E732FF9
S31500008500776F726B73706163652F474E552D746F6D
S315000085106F6C636861696E2F61726D2D31332F73D5
S3150000852072632F6E65776C69622D63796777696E02
S315000085302F6E65776C69622F6C6962632F73746442
S315000085406C69622F6D707265632E6300232D302B6C
S315000085502000686C4C00656667454647004300503E
S315000085604F534958002E00FF050000001900000077
S315000085707D000000FFFFFFFF0080E03779C3414325
S31500008580176E05B5B5B89346F5F93FE9034F384D73
S31500008590321D30F94877825A3CBF737FDD4F15751F
S315000085A0000000000000F03F000000000000244032
S315000085B000000000000059400000000000408F400D
S315000085C0000000000088C34000000000006AF84078
S315000085D00000000080842E4100000000D01263419C
S315000085E00000000084D797410000000065CDCD4112
S315000085F0000000205FA00242000000E876483742F3
S31500008600000000A2941A6D42000040E59C30A24290
S315000086100000901EC4BCD64200003426F56B0C4305
S315000086200080E03779C3414300A0D88557347643AC
S3150000863000C84E676DC1AB43003D9160E458E1430D
S31500008640408CB5781DAF154450EFE2D6E41A4B4482
S3150000865092D54D06CFF08044F64AE1C7022DB544C7
S31500008660B49DD9794378EA44002020202020202098
S3150000867020202828282828202020202020202020CC
S3150000868020202020202020202088101010101010DC
S315000086901010101010101010100404040404040428
S315000086A004040410101010101010414141414141C2
S315000086B001010101010101010101010101010101A4
S315000086C001010101101010101010424242424242B4
S315000086D00202020202020202020202020202020274
S315000086E0020202021010101020000000000000001C
S315000086F00000000000000000000000000000000074
S315000087000000000000000000000000000000000063
S315000087100000000000000000000000000000000053
S315000087200000000000000000000000000000000043
S315000087300000000000000000000000000000000033
S315000087400000000000000000000000000000000023
S315000087500000000000000000000000000000000013
S31500008760000000000000000000FFFFFF10000000F6
S3150000877000000000017A5200027C0E011B0C0D0065
S315000087801000000018000000A8B4FFFF1000000051
S30D000087900000000000000000DB
S3150000879840420F0001000000440020AD440020AD17
S315000087A80000000003000000FC0D0020200000204F
S315000087B800000000FC0D0020640E0020CC0E0020F6
S315000087C8000000000000000000000000000000009B
S315000087D8000000000000000000000000000000008B
S315000087E8000000000000000000000000000000007B
S315000087F80000000000000000000000004300000028
S31500008808000000000000000000000000000000005A
S315000088180000000000000000000000004300000007
S31500008828000000000000000000000000000000003A
S3150000883800000000000000000000000043000000E7
S31500008848000000000000000000000000000000001A
S3150000885800000000000000000000000043000000C7
S3150000886800000000000000000000000000000000FA
S3150000887800000000000000000000000043000000A7
S3150000888800000000000000000000000000000000DA
S315000088980000000000000000000000004300000087
S315000088A800000000000000000000000000000000BA
S315000088B80000000000000000000000004300000067
S315000088C8000000000000000000000000000000009A
S315000088D80000000000000000000000003D5A0000F3
S315000088E8BD5900000000000068860000658500008C
S315000088F85185000051850000518500005185000012
S315000089085185000051850000518500005185000001
S3150000891851850000FFFFFFFFFFFFFFFFFFFFFFFF7F
S31500008928FFFF0000010041534349490000000000D1
S315000089380000000000000000000000000000000029
S3150000894800000000000041534349490000000000B0
S315000089580000000000000000000000000000000009
S315000089680000000000000000E1000000B90000005F
S3150100A100FFFFFFFFFFFFFFFFFFFFFFFFFFFFFFFF58
S3090100A134FFFFFFFF24
S3150100A200FFFDFFFFFFFFFFFFFFFFFFFFFFFFFFFF59
S3150100A210FFFFFFFFFFFFFFFFFFFFFFFFFFFFFFFF47
S3150100A220FFFFFFFFFFFFFFFFFFFFFFFFFFFFFFFF37
S3150100A230FFFFFFFFFFFFFFFFFFFFFFFFFFFFFFFF27
S3150100A240FFFFFFFFFFFFFFFFFFFFFFFFFFFFFFFF17
S3150100A250FFFFFFFFFFFFFFFFFFFFFFFFFFFFFFFF07
S3150100A260FFFFFFFFFFFFFFFFFFFFFFFFFFFFFFFFF7
S3150100A270FFFFFFFFFFFFFFFFFFFFFFFFFFFFFFFFE7
S3150100A280F8F8FFFFFFFFFFFFFFFFFFFFFFFFFFFFE5
S3150100A290FFFFFFFFFFFFFFFFFFFFFFFFFFFFFFFFC7
S3150100A2A0FFFFFFFFFFFFFFFFFFFFFFFFFFFFFFFFB7
S3150100A2B0FFFFFFFFFFFFFFFFFFFFFFFFFFFFFFFFA7
S3150100A2C0FFFFFFFFFFFFFFFFFFFFFFFFFFFFFFFF97
S7050000247165
